gr_doc,gr_pos,post_dt,doc_dt,mvt,po_no,po_pos,mat_no,qty,uom,qty_bu,bu,amt_lc,dn_no,rev_ref,usr,txt
50013041,1,20.12.2024,20.12.2024,101,45002024,10,500003,54,PCE,54,PCE,197947.43,OT336667,,WH01,
50013041,2,20.12.2024,20.12.2024,101,45002024,20,500004,139,SET,139,SET,154168.69,OT336667,,WH01,
50013043,1,25.12.2024,24.12.2024,101,45002012,10,100007,25,CAR,600,PK,134763.84,MSC-DN-462655,,WH01,
50013043,2,25.12.2024,24.12.2024,101,45002012,20,100019,93,CAR,2232,PK,209989.38,MSC-DN-462655,,WH01,
50013043,3,25.12.2024,24.12.2024,101,45002012,30,100008,36,CAR,432,PK,88407.23,MSC-DN-462655,,WH01,
50013045,1,27.12.2024,27.12.2024,101,45002036,10,200005,162,CAR,972,ROL,67144.14,OT471632,,WH01,
50013045,2,27.12.2024,27.12.2024,101,45002036,20,200007,26,CAR,936,ROL,12272.00,OT471632,,WH01,
50013045,3,27.12.2024,27.12.2024,101,45002036,30,200006,50,BAG,750,KG,33045.00,OT471632,,WH01,
50013046,1,30.12.2024,27.12.2024,101,45002015,10,100025,76,CAR,3648,PK,1854307.42,msc-dn-424204,,WH01,
50013046,2,30.12.2024,27.12.2024,101,45002015,20,100002,10,CAR,480,PK,179075.11,MSC-DN-424204,,WH01,
50013046,3,30.12.2024,27.12.2024,101,45002015,30,100023,71,CAR,1704,PK,580877.24,MSC-DN-424204,,WH01,
50013046,4,30.12.2024,27.12.2024,101,45002015,40,100018,49,CAR,2352,PK,890391.37,MSC-DN-424204,,WH01,
50013049,1,31.12.2024,30.12.2024,101,45002016,10,100009,26,CAR,1248,PK,589166.26,MSC-DN-426713,,WH01,
50013049,2,31.12.2024,30.12.2024,101,45002016,20,100006,63,CAR,756,PK,119107.55,MSC-DN-426713,,WH01,
50013049,3,31.12.2024,30.12.2024,101,45002016,30,100001,27,CAR,1296,PK,116552.22,MSC-DN-426713,,WH01,
50013051,1,31.12.2024,30.12.2024,101,45002018,10,100007,78,CAR,1872,PK,420463.19,MSC-DN-465521,,WH01,
50013051,2,31.12.2024,30.12.2024,101,45002018,20,100023,85,CAR,2040,PK,695416.42,MSC-DN-465521,,WH01,
50013053,1,31.12.2024,30.12.2024,101,45002033,10,200009,50,ROL,25000,PCE,4704.00,D-74384,,WH01,
50013053,2,31.12.2024,30.12.2024,101,45002033,20,200008,28,ROL,28000,PCE,1711.64,D-74384,,WH01,
50013053,3,31.12.2024,30.12.2024,101,45002033,30,200010,33,ROL,66000,PCE,3667.29,D-74384,,WH01,
50013054,1,31.12.2024,30.12.2024,101,45002034,10,300007,4,PCE,4,PCE,60553.60,LS518559,,WH01,
50013057,1,03.01.2025,31.12.2024,101,45002048,10,200012,45,BOX,22500,PCE,42958.80,OT578140,,WH02,
50013057,2,03.01.2025,31.12.2024,101,45002048,20,200011,1,BOX,500,PCE,912.25,OT578140,,WH02,checked w/ purchasing
50013059,1,07.01.2025,06.01.2025,101,45002042,10,400002,22,BOX,5500,PCE,5966.84,OT767596,,WH02,
50013059,2,07.01.2025,06.01.2025,101,45002042,20,400001,10,BOX,50,REAM,3016.30,OT767596,,WH02,
50013062,1,07.01.2025,06.01.2025,101,45002051,10,300005,6,PCE,6,PCE,20775.60,D-962883,,WH01,
50013062,2,07.01.2025,06.01.2025,101,45002051,20,300006,9,BOX,36,BTL,12457.80,D-962883,,WH01,
50013063,1,09.01.2025,07.01.2025,101,45002021,10,100004,82,CAR,1968,PK,891970.65,MSC-DN-419062,,WH02,driver waited
50013063,2,09.01.2025,07.01.2025,101,45002021,20,100028,10,CAR,240,PK,65368.66,w/o DN,,WH02,
50013063,3,09.01.2025,07.01.2025,101,45002021,30,100020,33,CAR,792,PK,91343.47,w/o DN,,WH02,
50013063,4,09.01.2025,07.01.2025,101,45002021,40,100026,21,CAR,1008,PK,491875.58,MSC-DN-419062,,WH02,
50013066,1,10.01.2025,07.01.2025,101,45002027,10,100005,33,CAR,396,PK,79769.73,MSC-DN-452543,,WH01,
50013066,2,10.01.2025,07.01.2025,101,45002027,20,100002,82,CAR,3936,PK,1472017.04,MSC-DN-452543,,WH01,
50013066,3,10.01.2025,07.01.2025,101,45002027,30,100010,19,CAR,912,PK,372960.19,MSC-DN-452543,,WH01,
50013067,1,10.01.2025,07.01.2025,102,45002027,10,100005,33,CAR,396,PK,79769.73,MSC-DN-452543,50013066,WH01,
50013067,2,10.01.2025,07.01.2025,102,45002027,20,100002,82,CAR,3936,PK,1472017.04,msc-dn-452543,50013066,WH01,
50013067,3,10.01.2025,07.01.2025,102,45002027,30,100010,19,CAR,912,PK,372960.19,MSC-DN-452543,50013066,WH01,
50013069,1,10.01.2025,07.01.2025,101,45002027,10,100005,33,CAR,396,PK,79769.73,MSC-DN-452543,,WH01,
50013069,2,10.01.2025,07.01.2025,101,45002027,20,100002,82,CAR,3936,PK,1472017.04,MSC-DN-452543,,WH01,ramp 2
50013069,3,10.01.2025,07.01.2025,101,45002027,30,100010,17,CAR,816,PK,333701.23,MSC-DN-452543,,WH01,
50013070,1,13.01.2025,13.01.2025,101,45002033,10,200009,143,ROL,71500,PCE,13453.44,D-809022,,WH01,
50013070,2,13.01.2025,13.01.2025,101,45002033,20,200008,777,ROL,777000,PCE,47498.01,D-809022,,WH01,ok
50013070,3,13.01.2025,13.01.2025,101,45002033,30,200010,97,ROL,194000,PCE,10779.61,D-809022,,WH01,
50013071,1,13.01.2025,13.01.2025,101,45002063,10,400003,5,BDL,100,PCE,1054.70,DN146477,,WH01,
50013071,2,13.01.2025,13.01.2025,101,45002063,20,400004,9,car,180,PCE,4815.00,DN146477,,WH01,
50013073,1,13.01.2025,10.01.2025,101,45002064,10,200015,24,BDL,1200,PCE,18318.96,D-574430,,WH02,cold chain ok
50013073,2,13.01.2025,10.01.2025,101,45002064,20,200014,63,CAR,378,ROL,20314.35,D-574430,,WH02,partial
50013076,1,14.01.2025,13.01.2025,101,45002057,10,300002,24,CAR,240,BOX,14880.00,D-310830,,WH01,
50013079,1,14.01.2025,13.01.2025,101,45002058,10,400004,19,CAR,380,PCE,10093.94,,,WH01,
50013079,2,14.01.2025,13.01.2025,101,45002058,20,400003,5,BDL,100,PCE,1025.00,LS541964,,WH01,
50013082,1,14.01.2025,14.01.2025,101,45002069,10,400002,28,BOX,7000,PCE,7504.00,OT803150,,WH01,
50013082,2,14.01.2025,14.01.2025,101,45002069,20,400001,20,BOX,100,REAM,6249.60,OT803150,,WH01,
50013084,1,15.01.2025,13.01.2025,102,45002063,10,400003,5,BDL,100,PCE,1054.70,DN146477,50013071,WH01,
50013084,2,15.01.2025,13.01.2025,102,45002063,20,400004,9,CAR,180,PCE,4815.00,DN146477,50013071,WH01,
50013087,1,15.01.2025,13.01.2025,101,45002063,10,400003,5,BDL,100,PCE,1054.70,DN146477,,WH01,
50013087,2,15.01.2025,13.01.2025,101,45002063,20,400004,4,CAR,80,PCE,2140.00,DN146477,,WH01,
50013089,1,16.01.2025,16.01.2025,101,45002022,10,100002,28,CAR,1344,PK,502639.97,MSC-DN-445189,,WH01,partial
50013089,2,16.01.2025,16.01.2025,101,45002022,20,100012,53,CAR,1272,PK,478572.54,MSC-DN-445189,,WH01,
50013089,3,16.01.2025,16.01.2025,101,45002022,30,100007,10,CAR,240,PK,54037.74,MSC-DN-445189,,WH01,
50013090,1,16.01.2025,16.01.2025,101,45002072,10,200014,162,CAR,972,ROL,51362.10,OT998455,,WH01,
50013090,2,16.01.2025,16.01.2025,101,45002072,20,200015,52,BDL,2600,PCE,39613.60,OT998455,,WH01,
50013091,1,17.01.2025,17.01.2025,101,45002028,10,100005,94,CAR,1128,PK,227222.88,MSC-DN-421324,,WH01,
50013091,2,17.01.2025,17.01.2025,101,45002028,20,100028,108,CAR,2592,PK,705981.56,MSC-DN-421324,,WH01,
50013091,3,17.01.2025,17.01.2025,101,45002028,30,100022,88,CAR,1056,PK,291658.09,MSC-DN-421324,,WH01,
50013091,4,17.01.2025,17.01.2025,101,45002028,40,100026,57,CAR,2736,PK,1335090.87,MSC-DN-421324,,WH01,
50013092,1,17.01.2025,15.01.2025,101,45002039,10,400006,8,SET,8,SET,22477.44,OT936783,,WH01,
50013092,2,17.01.2025,15.01.2025,101,45002039,20,400005,4,PCE,4,PCE,4360.00,OT936783,,WH01,
50013093,1,17.01.2025,17.01.2025,101,45002066,10,300005,9,PCE,9,PCE,31977.72,OT870187,,WH01,
50013095,1,20.01.2025,20.01.2025,101,45002070,10,400003,40,BDL,800,PCE,8331.20,LS396479,,WH01,
50013095,2,20.01.2025,20.01.2025,101,45002070,20,400004,6,CAR,120,PCE,3210.00,LS396479,,WH01,
50013098,1,20.01.2025,20.01.2025,101,45002075,10,200015,15,BDL,750,PCE,11026.20,DN433073,,WH01,
50013100,1,20.01.2025,20.01.2025,101,45002084,10,400008,14,BOX,140,PCE,1988.00,DN50626,,WH01,ramp 2
50013100,2,20.01.2025,20.01.2025,101,45002084,20,400007,19,SET,19,SET,5985.00,DN50626,,WH01,
50013103,1,21.01.2025,21.01.2025,101,45002021,10,100004,12,CAR,288,PK,130532.29,MSC-DN-490304,,WH01,
50013103,2,21.01.2025,21.01.2025,101,45002021,20,100028,78,CAR,1872,PK,509875.57,MSC-DN-490304,,WH01,
50013106,1,21.01.2025,20.01.2025,101,45002030,10,100004,92,CAR,2208,PK,1000747.56,MSC-DN-472658,,WH02,
50013106,2,21.01.2025,20.01.2025,101,45002030,20,100026,71,CAR,3408,PK,1663007.93,MSC-DN-472658,,WH02,
50013106,3,21.01.2025,20.01.2025,101,45002030,30,100019,25,CAR,600,PK,56587.19,MSC-DN-472658,,WH02,
50013109,1,21.01.2025,21.01.2025,101,45002034,20,300008,27,BOX,2700,PCE,30838.59,DN490264,,WH02,
50013112,1,21.01.2025,20.01.2025,102,45002084,10,400008,14,BOX,140,PCE,1988.00,DN50626,50013100,WH01,
50013112,2,21.01.2025,20.01.2025,102,45002084,20,400007,19,set,19,SET,5985.00,DN50626,50013100,WH01,
50013113,1,21.01.2025,20.01.2025,101,45002084,10,400008,12,BOX,120,PCE,1704.00,DN50626,,WH01,
50013113,2,21.01.2025,20.01.2025,101,45002084,20,400007,19,SET,19,SET,5985.00,DN50626,,WH01,
50013116,1,22.01.2025,22.01.2025,101,45002048,20,200011,18,BOX,9000,PCE,16420.50,OT203140,,WH02,
50013118,1,23.01.2025,23.01.2025,102,45002063,20,400004,1,CAR,20,PCE,535.00,DN146477,50013087,WH01,return to vendor
50013119,1,24.01.2025,23.01.2025,101,45002057,10,300002,2,CAR,20,BOX,1240.00,D-10688,,WH01,
50013122,1,24.01.2025,23.01.2025,101,45002082,10,200002,115,BDL,2875,PCE,80540.25,LS162292,,WH02,
50013122,2,24.01.2025,23.01.2025,101,45002082,20,200003,83,BDL,4150,PCE,31592.29,LS162292,,WH02,
50013122,3,24.01.2025,23.01.2025,101,45002082,30,200004,36,PCE,36,PCE,54084.24,LS162292,,WH02,
50013124,1,29.01.2025,27.01.2025,101,45002051,20,300006,2,BOX,8,BTL,2768.40,OT152739,,WH02,
50013125,1,30.01.2025,27.01.2025,101,45002045,10,100026,4,CAR,192,PK,93690.59,MSC-DN-436522,,WH01,
50013125,2,30.01.2025,27.01.2025,101,45002045,20,100029,2,CAR,24,PK,4135.79,w/o DN,,WH01,
50013125,3,30.01.2025,27.01.2025,101,45002045,30,100024,82,CAR,984,PK,348204.81,MSC-DN-436522,,WH01,
50013126,1,03.02.2025,03.02.2025,101,45002063,10,400003,14,BDL,280,PCE,2953.16,OT277701,,WH02,
50013126,2,03.02.2025,03.02.2025,101,45002063,20,400004,8,CAR,160,PCE,4280.00,OT277701,,WH02,
50013128,1,05.02.2025,05.02.2025,102,45002057,10,300002,8,car,80,BOX,4960.00,D-310830,50013076,WH01,return to vendor
50013130,1,05.02.2025,03.02.2025,101,45002060,10,100001,76,car,3648,PK,330281.82,MSC-DN-414796,,WH02,
50013130,2,05.02.2025,03.02.2025,101,45002060,20,100008,49,CAR,588,PK,121142.26,MSC-DN-414796,,WH02,
50013130,3,05.02.2025,03.02.2025,101,45002060,30,100005,78,CAR,936,PK,189351.75,MSC-DN-414796,,WH02,see mail
50013130,4,05.02.2025,03.02.2025,101,45002060,40,100014,39,CAR,468,PK,218990.80,MSC-DN-414796,,WH02,
50013132,1,05.02.2025,05.02.2025,101,45002094,10,300006,19,BOX,76,BTL,26299.80,DN679252,,WH01,
50013132,2,05.02.2025,05.02.2025,101,45002094,20,300005,5,PCE,5,PCE,17591.40,DN679252,,WH01,
50013135,1,06.02.2025,03.02.2025,101,45002040,10,100016,32,CAR,384,PK,62076.86,MSC-DN-494506,,WH01,
50013135,2,06.02.2025,03.02.2025,101,45002040,20,100022,52,CAR,624,PK,173079.34,MSC-DN-494506,,WH01,
50013135,3,06.02.2025,03.02.2025,101,45002040,30,100023,108,CAR,2592,PK,889537.08,MSC-DN-494506,,WH01,
50013137,1,06.02.2025,06.02.2025,101,45002054,20,100021,33,CAR,396,PK,63703.83,MSC-DN-417636,,WH02,
50013137,2,06.02.2025,06.02.2025,101,45002054,30,100027,99,CAR,2376,PK,1045010.99,MSC-DN-417636,,WH02,
50013138,1,06.02.2025,03.02.2025,101,45002078,10,100028,19,CAR,456,PK,124730.81,MSC-DN-438306,,WH01,
50013138,2,06.02.2025,03.02.2025,101,45002078,20,100019,70,CAR,1680,PK,159120.71,w/o DN,,WH01,
50013138,3,06.02.2025,03.02.2025,101,45002078,30,100020,4,CAR,96,PK,11119.21,MSC-DN-438306,,WH01,
50013138,4,06.02.2025,03.02.2025,101,45002078,40,100025,28,CAR,1344,PK,687765.62,MSC-DN-438306,,WH01,
50013139,1,06.02.2025,03.02.2025,101,45002081,10,100004,33,CAR,792,PK,360496.60,MSC-DN-429108,,WH02,
50013139,2,06.02.2025,03.02.2025,101,45002081,20,100005,50,CAR,600,PK,121379.33,MSC-DN-429108,,WH02,
50013139,3,06.02.2025,03.02.2025,101,45002081,30,100021,23,CAR,276,PK,44399.64,MSC-DN-429108,,WH02,
50013139,4,06.02.2025,03.02.2025,101,45002081,40,100023,108,CAR,2592,PK,889537.08,MSC-DN-429108,,WH02,
50013141,1,06.02.2025,06.02.2025,101,45002088,10,200008,257,ROL,257000,PCE,16075.35,LS818419,,WH01,
50013141,2,06.02.2025,06.02.2025,101,45002088,20,200010,528,ROL,1056000,PCE,57435.84,LS818419,,WH01,
50013141,3,06.02.2025,06.02.2025,101,45002088,30,200009,278,ROL,139000,PCE,26688.00,LS818419,,WH01,
50013144,1,06.02.2025,03.02.2025,101,45002090,10,500010,5,PCE,5,PCE,10432.50,DN154692,,WH01,
50013144,2,06.02.2025,03.02.2025,101,45002090,20,500009,88,PCE,88,PCE,131120.00,DN154692,,WH01,
50013144,3,06.02.2025,03.02.2025,101,45002090,30,500011,5,BOX,1000,PCE,4450.00,DN154692,,WH01,
50013147,1,10.02.2025,07.02.2025,101,45002045,10,100026,7,CAR,336,PK,164658.64,MSC-DN-487692,,WH01,
50013147,2,10.02.2025,07.02.2025,101,45002045,20,100029,13,CAR,156,PK,26997.42,MSC-DN-487692,,WH01,
50013147,3,10.02.2025,07.02.2025,101,45002045,30,100024,7,CAR,84,PK,29851.73,MSC-DN-487692,,WH01,
50013148,1,10.02.2025,07.02.2025,101,45002052,10,100018,64,CAR,3072,PK,1170790.32,MSC-DN-495405,,WH01,
50013150,1,10.02.2025,10.02.2025,101,45002091,10,300016,12,KIT,12,KIT,25680.00,OT782158,,WH01,
50013151,1,12.02.2025,12.02.2025,101,45002107,10,400002,25,BOX,6250,PCE,6700.00,DN23028,,WH01,
50013154,1,13.02.2025,13.02.2025,101,45002103,10,200001,98,BDL,2450,PCE,45793.44,OT964163,,WH01,2 pal.
50013154,2,13.02.2025,13.02.2025,101,45002103,20,200003,58,BDL,2900,PCE,21828.88,OT964163,,WH01,
50013154,3,13.02.2025,13.02.2025,101,45002103,30,200004,30,PCE,30,PCE,44895.00,OT964163,,WH01,
50013156,1,13.02.2025,12.02.2025,101,45002107,10,400002,25,BOX,6250,PCE,6700.00,DN23028,,WH02,
50013159,1,14.02.2025,14.02.2025,101,45002078,10,100028,24,CAR,576,PK,157554.70,MSC-DN-473950,,WH01,
50013159,2,14.02.2025,14.02.2025,101,45002078,20,100019,10,CAR,240,PK,22731.53,MSC-DN-473950,,WH01,
50013159,3,14.02.2025,14.02.2025,101,45002078,30,100020,6,CAR,144,PK,16678.82,MSC-DN-473950,,WH01,
50013159,4,14.02.2025,14.02.2025,101,45002078,40,100025,65,CAR,3120,PK,1596598.75,MSC-DN-473950,,WH01,
50013160,1,14.02.2025,14.02.2025,102,45002078,10,100028,24,CAR,576,PK,157554.70,MSC-DN-473950,50013159,WH01,
50013160,2,14.02.2025,14.02.2025,102,45002078,20,100019,10,CAR,240,PK,22731.53,MSC-DN-473950,50013159,WH01,
50013160,3,14.02.2025,14.02.2025,102,45002078,30,100020,6,CAR,144,PK,16678.82,,50013159,WH01,
50013160,4,14.02.2025,14.02.2025,102,45002078,40,100025,65,CAR,3120,PK,1596598.75,MSC-DN-473950,50013159,WH01,
50013162,1,14.02.2025,14.02.2025,101,45002078,10,100028,24,CAR,576,PK,157554.70,MSC-DN-473950,,WH01,
50013162,2,14.02.2025,14.02.2025,101,45002078,20,100019,10,CAR,240,PK,22731.53,MSC-DN-473950,,WH01,
50013162,3,14.02.2025,14.02.2025,101,45002078,30,100020,6,CAR,144,PK,16678.82,MSC-DN-473950,,WH01,
50013162,4,14.02.2025,14.02.2025,101,45002078,40,100025,55,CAR,2640,PK,1350968.18,MSC-DN-473950,,WH01,
50013164,1,14.02.2025,14.02.2025,101,45002100,10,200006,118,BAG,1770,KG,75512.92,OT687856,,WH02,
50013164,2,14.02.2025,14.02.2025,101,45002100,20,200005,243,CAR,1458,ROL,99814.68,OT687856,,WH02,ramp 2
50013164,3,14.02.2025,14.02.2025,101,45002100,30,200007,28,CAR,1008,ROL,12872.44,OT687856,,WH02,
50013167,1,14.02.2025,14.02.2025,101,45002114,10,400003,5,BDL,100,PCE,1027.05,D-967217,,WH02,
50013167,2,14.02.2025,14.02.2025,101,45002114,20,400004,4,CAR,80,PCE,2099.36,D-967217,,WH02,
50013169,1,17.02.2025,17.02.2025,101,45002046,10,100021,7,CAR,84,PK,13512.93,MSC-DN-467305,,WH02,cold chain ok
50013169,2,17.02.2025,17.02.2025,101,45002046,20,100012,59,CAR,1416,PK,535025.45,MSC-DN-467305,,WH02,
50013169,3,17.02.2025,17.02.2025,101,45002046,40,100003,10,CAR,240,PK,93798.04,msc-dn-467305,,WH02,
50013172,1,17.02.2025,17.02.2025,102,45002063,20,400004,1,CAR,20,PCE,535.00,,50013126,WH02,return to vendor
50013173,1,17.02.2025,14.02.2025,101,45002101,10,300010,12,SET,12,SET,86994.84,OT537983,,WH01,
50013173,2,17.02.2025,14.02.2025,101,45002101,20,300012,4,PCE,4,PCE,18083.17,OT537983,,WH01,
50013176,1,19.02.2025,17.02.2025,101,45002076,10,100020,39,CAR,936,PK,108412.33,MSC-DN-460068,,WH02,
50013176,2,19.02.2025,17.02.2025,101,45002076,20,100027,54,CAR,1296,PK,570005.99,MSC-DN-460068,,WH02,
50013176,3,19.02.2025,17.02.2025,101,45002076,30,100010,26,CAR,1248,PK,512545.89,MSC-DN-460068,,WH02,
50013178,1,19.02.2025,17.02.2025,101,45002106,10,500002,68,PCE,68,PCE,31280.00,DN265953,,WH01,2 pal.
50013178,2,19.02.2025,17.02.2025,101,45002106,20,500001,178,PCE,178,PCE,67061.50,DN265953,,WH01,
50013179,1,21.02.2025,20.02.2025,101,45002113,10,200004,32,PCE,32,PCE,45925.76,OT44678,,WH01,
50013179,2,21.02.2025,20.02.2025,101,45002113,20,200003,187,BDL,9350,PCE,73281.56,OT44678,,WH01,
50013180,1,24.02.2025,17.02.2025,102,45002076,10,100020,39,CAR,936,PK,108412.33,MSC-DN-460068,50013176,WH02,
50013180,2,24.02.2025,17.02.2025,102,45002076,20,100027,54,CAR,1296,PK,570005.99,MSC-DN-460068,50013176,WH02,
50013180,3,24.02.2025,17.02.2025,102,45002076,30,100010,26,CAR,1248,PK,512545.89,MSC-DN-460068,50013176,WH02,
50013182,1,24.02.2025,17.02.2025,101,45002076,10,100020,39,CAR,936,PK,108412.33,MSC-DN-460068,,WH02,
50013182,2,24.02.2025,17.02.2025,101,45002076,20,100027,54,CAR,1296,PK,570005.99,MSC-DN-460068,,WH02,
50013182,3,24.02.2025,17.02.2025,101,45002076,30,100010,24,CAR,1152,PK,473119.28,msc-dn-460068,,WH02,
50013183,1,25.02.2025,24.02.2025,101,45002046,10,100021,31,CAR,372,PK,59842.99,MSC-DN-447471,,WH01,
50013183,2,25.02.2025,24.02.2025,101,45002046,30,100008,66,CAR,792,PK,163171.21,MSC-DN-447471,,WH01,2 pal.
50013183,3,25.02.2025,24.02.2025,101,45002046,40,100003,94,CAR,2256,PK,881701.61,MSC-DN-447471,,WH01,
50013186,1,25.02.2025,24.02.2025,101,45002087,10,100014,59,CAR,708,PK,331293.77,MSC-DN-432132,,WH02,
50013186,2,25.02.2025,24.02.2025,101,45002087,20,100025,11,CAR,528,PK,270193.64,MSC-DN-432132,,WH02,
50013186,3,25.02.2025,24.02.2025,101,45002087,30,100030,97,CAR,1164,PK,53875.62,MSC-DN-432132,,WH02,
50013186,4,25.02.2025,24.02.2025,101,45002087,40,100006,48,car,576,PK,91359.62,msc-dn-432132,,WH02,checked w/ purchasing
50013189,1,25.02.2025,25.02.2025,101,45002110,10,500001,164,PCE,164,PCE,64332.28,OT44340,,WH02,
50013189,2,25.02.2025,25.02.2025,101,45002110,20,500002,35,PCE,35,PCE,16100.00,OT44340,,WH02,
50013192,1,26.02.2025,24.02.2025,101,45002052,10,100018,6,CAR,288,PK,109761.59,MSC-DN-411385,,WH01,
50013192,2,26.02.2025,24.02.2025,101,45002052,20,100027,86,CAR,2064,PK,907787.32,MSC-DN-411385,,WH01,
50013193,1,27.02.2025,24.02.2025,101,45002054,10,100022,96,CAR,1152,PK,319531.08,MSC-DN-487881,,WH02,
50013193,2,27.02.2025,24.02.2025,101,45002054,20,100021,59,CAR,708,PK,113894.72,MSC-DN-487881,,WH02,
50013193,3,27.02.2025,24.02.2025,101,45002054,40,100019,31,car,744,PK,70467.74,MSC-DN-487881,,WH02,
50013195,1,27.02.2025,24.02.2025,101,45002116,10,200009,94,ROL,47000,PCE,9024.00,OT725847,,WH02,
50013195,2,27.02.2025,24.02.2025,101,45002116,20,200008,614,ROL,614000,PCE,38025.02,OT725847,,WH02,
50013198,1,04.03.2025,03.03.2025,101,45002097,10,100026,74,CAR,3552,PK,1747384.47,MSC-DN-436974,,WH01,
50013198,2,04.03.2025,03.03.2025,101,45002097,20,100022,89,car,1068,PK,297373.41,MSC-DN-436974,,WH01,
50013198,3,04.03.2025,03.03.2025,101,45002097,30,100021,36,CAR,432,PK,69762.87,MSC-DN-436974,,WH01,
50013198,4,04.03.2025,03.03.2025,101,45002097,40,100018,101,CAR,4848,PK,1854773.05,MSC-DN-436974,,WH01,
50013199,1,05.03.2025,04.03.2025,101,45002108,10,500001,251,PCE,251,PCE,97290.11,OT95486,,WH02,
50013199,2,05.03.2025,04.03.2025,101,45002108,20,500002,71,PCE,71,PCE,32660.00,OT95486,,WH02,
50013202,1,07.03.2025,04.03.2025,101,45002126,10,200017,138,CAR,3312,PCE,28290.00,D-627974,,WH02,
50013202,2,07.03.2025,04.03.2025,101,45002126,20,200018,21,PCE,21,PCE,25151.70,D-627974,,WH02,
50013203,1,10.03.2025,07.03.2025,101,45002095,10,100019,42,CAR,1008,PK,95840.31,MSC-DN-487366,,WH01,
50013203,2,10.03.2025,07.03.2025,101,45002095,20,100016,83,CAR,996,PK,161632.27,MSC-DN-487366,,WH01,
50013203,3,10.03.2025,07.03.2025,101,45002095,30,100012,57,CAR,1368,PK,518880.72,MSC-DN-487366,,WH01,
50013203,4,10.03.2025,07.03.2025,101,45002095,40,100014,33,CAR,396,PK,186013.92,MSC-DN-487366,,WH01,
50013206,1,12.03.2025,10.03.2025,101,45002123,10,200012,58,BOX,29000,PCE,54230.00,LS364029,,WH01,
50013206,2,12.03.2025,10.03.2025,101,45002123,20,200013,79,BOX,158000,PCE,50560.00,LS364029,,WH01,
50013206,3,12.03.2025,10.03.2025,101,45002123,30,200011,33,BOX,16500,PCE,29487.48,LS364029,,WH01,
50013208,1,17.03.2025,17.03.2025,102,45002110,10,500001,62,PCE,62,PCE,24320.74,OT44340,50013189,WH02,return to vendor
50013211,1,18.03.2025,17.03.2025,101,45002119,10,100006,84,CAR,1008,PK,160495.40,MSC-DN-425855,,WH01,
50013211,2,18.03.2025,17.03.2025,101,45002119,20,100022,88,CAR,1056,PK,294032.14,MSC-DN-425855,,WH01,
50013211,3,18.03.2025,17.03.2025,101,45002119,30,100016,100,CAR,1200,PK,194737.68,MSC-DN-425855,,WH01,
50013214,1,19.03.2025,17.03.2025,101,45002113,10,200004,2,PCE,2,PCE,2870.36,LS469325,,WH02,
50013217,1,19.03.2025,19.03.2025,101,45002139,10,400003,12,BDL,240,PCE,2460.00,DN266991,,WH01,
50013217,2,19.03.2025,19.03.2025,101,45002139,20,400004,4,CAR,80,PCE,2140.00,DN266991,,WH01,
50013219,1,20.03.2025,20.03.2025,101,45002120,10,100023,69,CAR,1656,PK,570505.25,MSC-DN-412566,,WH02,
50013219,2,20.03.2025,20.03.2025,101,45002120,20,100022,72,CAR,864,PK,240571.75,MSC-DN-412566,,WH02,
50013219,3,20.03.2025,20.03.2025,101,45002120,30,100030,108,CAR,1296,PK,60216.37,MSC-DN-412566,,WH02,
50013222,1,21.03.2025,21.03.2025,101,45002137,10,200001,80,BDL,2000,PCE,36400.00,DN770941,,WH01,
50013225,1,24.03.2025,20.03.2025,102,45002120,10,100023,69,CAR,1656,PK,570505.25,MSC-DN-412566,50013219,WH02,
50013225,2,24.03.2025,20.03.2025,102,45002120,20,100022,72,CAR,864,PK,240571.75,msc-dn-412566,50013219,WH02,
50013225,3,24.03.2025,20.03.2025,102,45002120,30,100030,108,car,1296,PK,60216.37,w/o DN,50013219,WH02,
50013226,1,24.03.2025,20.03.2025,101,45002120,10,100023,59,CAR,1416,PK,487823.33,w/o DN,,WH02,
50013226,2,24.03.2025,20.03.2025,101,45002120,20,100022,72,CAR,864,PK,240571.75,MSC-DN-412566,,WH02,
50013226,3,24.03.2025,20.03.2025,101,45002120,30,100030,108,CAR,1296,PK,60216.37,MSC-DN-412566,,WH02,
50013227,1,24.03.2025,24.03.2025,101,45002144,10,200003,120,BDL,6000,PCE,46560.00,DN280870,,WH01,after 15h
50013229,1,25.03.2025,25.03.2025,101,45002127,10,400005,13,PCE,13,PCE,14170.00,DN827900,,WH01,
50013229,2,25.03.2025,25.03.2025,101,45002127,20,400006,6,set,6,SET,16560.00,DN827900,,WH01,
50013231,1,26.03.2025,25.03.2025,101,45002113,10,200004,1,PCE,1,PCE,1435.18,DN867557,,WH02,"carton dented, accepted"
50013233,1,26.03.2025,24.03.2025,101,45002134,10,200017,186,CAR,4464,PCE,38130.00,D-816204,,WH01,
50013234,1,26.03.2025,25.03.2025,101,45002148,10,300006,29,BOX,116,BTL,40141.80,LS935047,,WH01,
50013234,2,26.03.2025,25.03.2025,101,45002148,20,300004,11,BOX,66,BTL,14165.25,LS935047,,WH01,
50013234,3,26.03.2025,25.03.2025,101,45002148,30,300005,14,PCE,14,PCE,48037.92,LS935047,,WH01,
50013235,1,27.03.2025,27.03.2025,101,45002131,10,500007,6,PCE,6,PCE,20100.00,D-770814,,WH01,
50013238,1,31.03.2025,25.03.2025,102,45002113,10,200004,1,PCE,1,PCE,1435.18,DN867557,50013231,WH02,
50013239,1,31.03.2025,25.03.2025,101,45002113,10,200004,2,PCE,2,PCE,2870.36,DN867557,,WH02,
50013241,1,31.03.2025,31.03.2025,101,45002154,10,200018,5,PCE,5,PCE,5900.00,LS281102,,WH01,
50013241,2,31.03.2025,31.03.2025,101,45002154,20,200016,37,PCE,37,PCE,9916.00,LS281102,,WH01,
50013242,1,04.04.2025,04.04.2025,101,45002153,10,400002,9,BOX,2250,PCE,2472.30,LS170047,,WH02,
50013242,2,04.04.2025,04.04.2025,101,45002153,20,400001,36,BOX,180,REAM,11171.16,LS170047,,WH02,
50013245,1,07.04.2025,31.03.2025,102,45002154,10,200018,5,PCE,5,PCE,5900.00,LS281102,50013241,WH01,
50013245,2,07.04.2025,31.03.2025,102,45002154,20,200016,37,PCE,37,PCE,9916.00,LS281102,50013241,WH01,
50013246,1,07.04.2025,31.03.2025,101,45002154,10,200018,5,PCE,5,PCE,5900.00,LS281102,,WH01,after 15h
50013246,2,07.04.2025,31.03.2025,101,45002154,20,200016,32,PCE,32,PCE,8576.00,LS281102,,WH01,
50013247,1,09.04.2025,08.04.2025,101,45002160,10,200011,15,BOX,7500,PCE,13483.50,OT831524,,WH02,
50013249,1,09.04.2025,08.04.2025,101,45002162,10,200002,127,BDL,3175,PCE,85439.25,D-444610,,WH02,
50013249,2,09.04.2025,08.04.2025,101,45002162,20,200004,86,PCE,86,PCE,125560.00,D-444610,,WH02,ok
50013250,1,09.04.2025,09.04.2025,101,45002165,10,400006,5,SET,5,SET,14117.40,LS388671,,WH02,
50013250,2,09.04.2025,09.04.2025,101,45002165,20,400005,13,PCE,13,PCE,14170.00,LS388671,,WH02,
50013252,1,10.04.2025,07.04.2025,101,45002159,10,300008,19,BOX,1900,PCE,21251.88,d-561392,,WH01,
50013252,2,10.04.2025,07.04.2025,101,45002159,20,300009,25,BOX,1250,PCE,21604.75,D-561392,,WH01,
50013253,1,11.04.2025,11.04.2025,101,45002129,10,100027,2,CAR,48,PK,21151.54,MSC-DN-475341,,WH02,
50013253,2,11.04.2025,11.04.2025,101,45002129,20,100003,19,CAR,456,PK,178555.70,MSC-DN-475341,,WH02,
50013253,3,11.04.2025,11.04.2025,101,45002129,30,100021,62,CAR,744,PK,119913.92,MSC-DN-475341,,WH02,2 pal.
50013255,1,11.04.2025,10.04.2025,101,45002154,20,200016,58,PCE,58,PCE,15544.00,D-338611,,WH02,
50013258,1,14.04.2025,11.04.2025,101,45002150,10,300004,8,BOX,48,BTL,10036.80,LS551770,,WH02,
50013258,2,14.04.2025,11.04.2025,101,45002150,20,300005,7,PCE,7,PCE,24895.92,LS551770,,WH02,
50013261,1,14.04.2025,11.04.2025,101,45002156,10,200010,563,ROL,1126000,PCE,62943.40,LS530597,,WH01,
50013261,2,14.04.2025,11.04.2025,101,45002156,20,200009,183,ROL,91500,PCE,17568.00,LS530597,,WH01,
50013261,3,14.04.2025,11.04.2025,101,45002156,30,200008,943,ROL,943000,PCE,58918.64,LS530597,,WH01,
50013264,1,14.04.2025,10.04.2025,101,45002166,10,500002,10,PCE,10,PCE,4682.80,ls837571,,WH01,
50013264,2,14.04.2025,10.04.2025,101,45002166,20,500001,93,PCE,93,PCE,36949.83,LS837571,,WH01,
50013266,1,15.04.2025,14.04.2025,101,45002141,10,100004,23,car,552,PK,251733.73,MSC-DN-458116,,WH01,
50013266,2,15.04.2025,14.04.2025,101,45002141,20,100019,107,CAR,2568,PK,243690.60,MSC-DN-458116,,WH01,
50013267,1,17.04.2025,15.04.2025,101,45002134,20,200016,60,PCE,60,PCE,15661.80,DN127078,,WH01,
50013268,1,21.04.2025,16.04.2025,101,45002147,10,400003,24,BDL,480,PCE,4920.00,OT105012,,WH02,
50013271,1,22.04.2025,21.04.2025,101,45002135,10,100022,101,CAR,1212,PK,336813.57,MSC-DN-436175,,WH01,
50013271,2,22.04.2025,21.04.2025,101,45002135,20,100012,58,CAR,1392,PK,526958.91,MSC-DN-436175,,WH01,"carton dented, accepted"
50013271,3,22.04.2025,21.04.2025,101,45002135,30,100030,53,CAR,636,PK,29493.26,MSC-DN-436175,,WH01,
50013271,4,22.04.2025,21.04.2025,101,45002135,40,100019,107,CAR,2568,PK,243690.60,MSC-DN-436175,,WH01,
50013274,1,22.04.2025,22.04.2025,102,45002154,10,200018,1,PCE,1,PCE,1180.00,LS281102,50013246,WH01,return to vendor
50013276,1,22.04.2025,21.04.2025,101,45002166,10,500002,17,PCE,17,PCE,7960.76,OT131929,,WH01,
50013279,1,22.04.2025,22.04.2025,101,45002174,10,200011,36,box,18000,PCE,32040.00,OT385638,,WH01,
50013280,1,23.04.2025,21.04.2025,101,45002171,10,500005,195,PCE,195,PCE,212550.00,OT927773,,WH01,
50013280,2,23.04.2025,21.04.2025,101,45002171,20,500006,13,BOX,6500,PCE,15685.54,OT927773,,WH01,
50013283,1,23.04.2025,21.04.2025,101,45002187,10,200014,160,CAR,960,ROL,49913.60,LS832049,,WH01,
50013283,2,23.04.2025,21.04.2025,101,45002187,20,200015,77,BDL,3850,PCE,58773.33,LS832049,,WH01,
50013284,1,25.04.2025,25.04.2025,101,45002193,10,500006,68,BOX,34000,PCE,82960.00,D-187802,,WH02,
50013284,2,25.04.2025,25.04.2025,101,45002193,20,500005,44,PCE,44,PCE,46952.84,,,WH02,
50013287,1,28.04.2025,28.04.2025,102,45002153,10,400002,2,BOX,500,PCE,549.40,LS170047,50013242,WH02,return to vendor
50013290,1,28.04.2025,25.04.2025,101,45002188,20,300005,1,PCE,1,PCE,3480.00,DN49032,,WH01,
50013291,1,30.04.2025,29.04.2025,101,45002166,10,500002,43,PCE,43,PCE,20136.04,OT549500,,WH01,
50013292,1,30.04.2025,29.04.2025,101,45002196,10,200018,20,PCE,20,PCE,23600.00,OT236620,,WH01,
50013292,2,30.04.2025,29.04.2025,101,45002196,20,200016,17,PCE,17,PCE,4660.72,OT236620,,WH01,
50013295,1,01.05.2025,01.05.2025,101,45002129,10,100027,56,CAR,1344,PK,596091.74,MSC-DN-465366,,WH01,
50013295,2,01.05.2025,01.05.2025,101,45002129,20,100003,14,CAR,336,PK,132422.33,MSC-DN-465366,,WH01,
50013295,3,01.05.2025,01.05.2025,101,45002129,30,100021,26,CAR,312,PK,50613.26,MSC-DN-465366,,WH01,
50013296,1,01.05.2025,29.04.2025,101,45002154,20,200016,16,PCE,16,PCE,4288.00,LS884773,,WH01,after 15h
50013298,1,02.05.2025,29.04.2025,102,45002166,10,500002,43,PCE,43,PCE,20136.04,OT549500,50013291,WH01,
50013301,1,02.05.2025,29.04.2025,101,45002166,10,500002,41,PCE,41,PCE,19199.48,OT549500,,WH01,
50013304,1,05.05.2025,02.05.2025,101,45002180,10,500006,23,BOX,11500,PCE,27442.68,D-497522,,WH01,
50013304,2,05.05.2025,02.05.2025,101,45002180,20,500005,120,PCE,120,PCE,128968.80,D-497522,,WH01,
50013306,1,05.05.2025,02.05.2025,101,45002188,10,300006,27,BOX,108,BTL,36513.72,LS496996,,WH01,
50013306,2,05.05.2025,02.05.2025,101,45002188,20,300005,18,PCE,18,PCE,62640.00,LS496996,,WH01,
50013309,1,05.05.2025,01.05.2025,101,45002190,10,200013,63,BOX,126000,PCE,39795.84,LS465780,,WH01,
50013309,2,05.05.2025,01.05.2025,101,45002190,20,200011,30,BOX,15000,PCE,26032.50,LS465780,,WH01,
50013311,1,05.05.2025,02.05.2025,101,45002206,10,400003,23,BDL,460,PCE,4715.00,LS320978,,WH01,
50013311,2,05.05.2025,02.05.2025,101,45002206,20,400004,8,CAR,160,PCE,4335.68,LS320978,,WH01,
50013312,1,05.05.2025,05.05.2025,101,45002208,10,200009,62,rol,31000,PCE,5862.72,OT42349,,WH01,
50013312,2,05.05.2025,05.05.2025,101,45002208,20,200008,795,ROL,795000,PCE,48892.50,OT42349,,WH01,
50013315,1,05.05.2025,05.05.2025,101,45002211,10,200018,18,PCE,18,PCE,21388.68,DN536904,,WH02,
50013315,2,05.05.2025,05.05.2025,101,45002211,20,200017,396,CAR,9504,PCE,79881.12,DN536904,,WH02,
50013317,1,06.05.2025,06.05.2025,102,45002150,20,300005,2,PCE,2,PCE,7113.12,LS551770,50013258,WH02,return to vendor
50013320,1,06.05.2025,05.05.2025,101,45002160,10,200011,13,BOX,6500,PCE,11685.70,OT527133,,WH01,
50013320,2,06.05.2025,05.05.2025,101,45002160,20,200012,49,BOX,24500,PCE,45815.00,OT527133,,WH01,
50013321,1,06.05.2025,05.05.2025,101,45002179,10,400005,14,PCE,14,PCE,15260.00,DN718776,,WH01,
50013323,1,07.05.2025,07.05.2025,101,45002212,10,300007,6,PCE,6,PCE,89400.00,D-388562,,WH01,
50013326,1,07.05.2025,05.05.2025,101,45002217,10,300013,1,PCE,1,PCE,84895.61,OT84117,,WH01,
50013326,2,07.05.2025,05.05.2025,101,45002217,20,300014,8,SET,8,SET,58364.40,OT84117,,WH01,
50013326,3,07.05.2025,05.05.2025,101,45002217,30,300015,5,PCE,5,PCE,74454.78,OT84117,,WH01,
50013329,1,08.05.2025,08.05.2025,101,45002193,20,500005,26,PCE,26,PCE,27744.86,D-467948,,WH01,
50013332,1,09.05.2025,02.05.2025,102,45002188,10,300006,27,BOX,108,BTL,36513.72,LS496996,50013306,WH01,
50013332,2,09.05.2025,02.05.2025,102,45002188,20,300005,18,PCE,18,PCE,62640.00,LS496996,50013306,WH01,
50013333,1,09.05.2025,02.05.2025,101,45002188,10,300006,27,BOX,108,BTL,36513.72,LS496996,,WH01,
50013333,2,09.05.2025,02.05.2025,101,45002188,20,300005,13,pce,13,PCE,45240.00,LS496996,,WH01,
50013335,1,09.05.2025,09.05.2025,101,45002194,10,200006,49,BAG,735,KG,32287.57,D-815095,,WH01,
50013335,2,09.05.2025,09.05.2025,101,45002194,20,200007,7,CAR,252,ROL,3304.00,D-815095,,WH01,
50013336,1,09.05.2025,08.05.2025,101,45002199,10,300008,20,BOX,2000,PCE,22956.00,DN40159,,WH01,
50013337,1,09.05.2025,09.05.2025,101,45002214,10,300009,18,BOX,900,PCE,16020.00,OT86608,,WH01,
50013337,2,09.05.2025,09.05.2025,101,45002214,20,300007,5,PCE,5,PCE,74798.00,OT86608,,WH01,
50013337,3,09.05.2025,09.05.2025,101,45002214,30,300008,10,BOX,1000,PCE,11173.90,OT86608,,WH01,
50013339,1,12.05.2025,09.05.2025,101,45002168,10,100027,65,CAR,1560,PK,691892.20,MSC-DN-445697,,WH02,
50013339,2,12.05.2025,09.05.2025,101,45002168,20,100008,35,CAR,420,PK,87258.36,MSC-DN-445697,,WH02,2 pal.
50013339,3,12.05.2025,09.05.2025,101,45002168,30,100004,59,CAR,1416,PK,649948.08,MSC-DN-445697,,WH02,
50013340,1,12.05.2025,09.05.2025,101,45002176,10,400004,3,CAR,60,PCE,1622.64,D-228807,,WH02,
50013340,2,12.05.2025,09.05.2025,101,45002176,20,400003,14,BDL,280,PCE,2915.92,D-228807,,WH02,
50013341,1,12.05.2025,02.05.2025,102,45002180,10,500006,23,BOX,11500,PCE,27442.68,D-497522,50013304,WH01,
50013341,2,12.05.2025,02.05.2025,102,45002180,20,500005,120,PCE,120,PCE,128968.80,D-497522,50013304,WH01,
50013343,1,12.05.2025,02.05.2025,101,45002180,10,500006,23,BOX,11500,PCE,27442.68,D-497522,,WH01,
50013343,2,12.05.2025,02.05.2025,101,45002180,20,500005,241,PCE,241,PCE,259012.34,D-497522,,WH01,
50013345,1,12.05.2025,12.05.2025,101,45002218,10,500005,262,PCE,262,PCE,287864.64,w/o DN,,WH01,
50013348,1,13.05.2025,12.05.2025,101,45002172,10,100028,8,CAR,192,PK,52960.19,MSC-DN-436177,,WH01,
50013348,2,13.05.2025,12.05.2025,101,45002172,20,100023,93,CAR,2232,PK,772436.28,msc-dn-436177,,WH01,
50013351,1,13.05.2025,12.05.2025,101,45002200,10,200004,67,PCE,67,PCE,97428.72,D-900976,,WH02,
50013351,2,13.05.2025,12.05.2025,101,45002200,20,200002,49,BDL,1225,PCE,33201.42,D-900976,,WH02,
50013351,3,13.05.2025,12.05.2025,101,45002200,30,200001,41,BDL,1025,PCE,18505.76,w/o DN,,WH02,
50013353,1,15.05.2025,12.05.2025,101,45002190,20,200011,29,BOX,14500,PCE,25164.75,LS189682,,WH02,
50013354,1,16.05.2025,14.05.2025,101,45002205,20,300014,5,SET,5,SET,36815.86,LS614830,,WH01,
50013357,1,19.05.2025,15.05.2025,101,45002196,10,200018,11,PCE,11,PCE,12980.00,OT961135,,WH01,
50013357,2,19.05.2025,15.05.2025,101,45002196,20,200016,44,PCE,44,PCE,12063.04,OT961135,,WH01,after 15h
50013358,1,19.05.2025,19.05.2025,101,45002225,10,300001,30,CS,28800,PCE,29400.00,D-456691,,WH01,
50013358,2,19.05.2025,19.05.2025,101,45002225,10,300003,18,BOX,1800,PCE,17640.00,D-456691,,WH01,
50013360,1,21.05.2025,20.05.2025,101,45002172,10,100028,4,CAR,96,PK,26480.09,MSC-DN-429304,,WH01,
50013363,1,21.05.2025,20.05.2025,101,45002223,10,200008,478,ROL,478000,PCE,28574.84,D-118355,,WH01,
50013363,2,21.05.2025,20.05.2025,101,45002223,20,200009,233,ROL,116500,PCE,22614.98,D-118355,,WH01,
50013364,1,22.05.2025,19.05.2025,101,45002220,10,500001,170,PCE,170,PCE,65960.00,D-455301,,WH01,
50013364,2,22.05.2025,19.05.2025,101,45002220,20,500002,43,PCE,43,PCE,19780.00,D-455301,,WH01,
50013367,1,22.05.2025,22.05.2025,101,45002232,10,200010,520,ROL,1040000,PCE,58136.00,LS652321,,WH01,
50013370,1,23.05.2025,21.05.2025,101,45002176,20,400003,14,BDL,280,PCE,2915.92,D-965955,,WH01,
50013371,1,23.05.2025,23.05.2025,101,45002182,10,100026,37,CAR,1776,PK,877662.69,MSC-DN-464943,,WH01,
50013371,2,23.05.2025,23.05.2025,101,45002182,20,100028,20,CAR,480,PK,132400.47,MSC-DN-464943,,WH01,
50013371,3,23.05.2025,23.05.2025,101,45002182,30,100004,102,CAR,2448,PK,1123639.05,MSC-DN-464943,,WH01,
50013372,1,23.05.2025,21.05.2025,101,45002194,20,200007,44,CAR,1584,ROL,20768.00,LS765116,,WH01,
50013374,1,26.05.2025,19.05.2025,102,45002220,10,500001,170,PCE,170,PCE,65960.00,D-455301,50013364,WH01,
50013374,2,26.05.2025,19.05.2025,102,45002220,20,500002,43,PCE,43,PCE,19780.00,D-455301,50013364,WH01,
50013377,1,26.05.2025,19.05.2025,101,45002220,10,500001,170,PCE,170,PCE,65960.00,D-455301,,WH01,
50013377,2,26.05.2025,19.05.2025,101,45002220,20,500002,87,PCE,87,PCE,40020.00,D-455301,,WH01,
50013379,1,29.05.2025,21.05.2025,102,45002194,20,200007,44,CAR,1584,ROL,20768.00,LS765116,50013372,WH01,
50013382,1,29.05.2025,21.05.2025,101,45002194,20,200007,42,CAR,1512,ROL,19824.00,LS765116,,WH01,
50013384,1,29.05.2025,29.05.2025,101,45002230,10,500009,94,PCE,94,PCE,140060.00,D-233729,,WH02,
50013384,2,29.05.2025,29.05.2025,101,45002230,20,500010,8,PCE,8,PCE,17565.12,D-233729,,WH02,
50013384,3,29.05.2025,29.05.2025,101,45002230,30,500011,5,BOX,1000,PCE,4432.20,D-233729,,WH02,
50013385,1,30.05.2025,27.05.2025,101,45002227,10,200008,687,ROL,687000,PCE,41529.15,D-215377,,WH02,
50013385,2,30.05.2025,27.05.2025,101,45002227,20,200010,415,ROL,830000,PCE,45421.75,D-215377,,WH02,
50013387,1,02.06.2025,30.05.2025,101,45002194,20,200007,1,CAR,36,ROL,472.00,DN860404,,WH01,
50013389,1,02.06.2025,02.06.2025,102,45002196,10,200018,4,PCE,4,PCE,4720.00,OT961135,50013357,WH01,return to vendor
50013392,1,02.06.2025,29.05.2025,101,45002234,10,400005,9,PCE,9,PCE,9554.94,OT888894,,WH01,
50013392,2,02.06.2025,29.05.2025,101,45002234,20,400006,6,SET,6,SET,16560.00,OT888894,,WH01,
50013395,1,05.06.2025,02.06.2025,101,45002205,10,300013,3,PCE,3,PCE,252659.96,OT425497,,WH01,driver waited
50013397,1,05.06.2025,27.05.2025,102,45002227,10,200008,687,ROL,687000,PCE,41529.15,D-215377,50013385,WH02,
50013397,2,05.06.2025,27.05.2025,102,45002227,20,200010,415,ROL,830000,PCE,45421.75,D-215377,50013385,WH02,
50013400,1,05.06.2025,27.05.2025,101,45002227,10,200008,682,ROL,682000,PCE,41226.90,D-215377,,WH02,2 pal.
50013400,2,05.06.2025,27.05.2025,101,45002227,20,200010,415,ROL,830000,PCE,45421.75,D-215377,,WH02,
50013403,1,05.06.2025,05.06.2025,101,45002243,10,300017,40,BOX,800,PCE,18720.00,OT459584,,WH01,
50013403,2,05.06.2025,05.06.2025,101,45002243,20,300016,5,KIT,5,KIT,10700.00,OT459584,,WH01,
50013406,1,06.06.2025,06.06.2025,101,45002249,10,400005,6,PCE,6,PCE,6540.00,D-193848,,WH02,
50013406,2,06.06.2025,06.06.2025,101,45002249,20,400006,4,SET,4,SET,11040.00,D-193848,,WH02,
50013407,1,06.06.2025,06.06.2025,101,45002252,10,200002,70,BDL,1750,PCE,49121.10,DN527069,,WH01,
50013407,2,06.06.2025,06.06.2025,101,45002252,20,200004,62,PCE,62,PCE,89343.24,DN527069,,WH01,
50013409,1,10.06.2025,10.06.2025,102,45002176,20,400003,5,BDL,100,PCE,1041.40,D-965955,50013370,WH01,return to vendor
50013410,1,10.06.2025,09.06.2025,101,45002231,10,100019,68,CAR,1632,PK,156669.36,MSC-DN-494632,,WH02,
50013410,2,10.06.2025,09.06.2025,101,45002231,20,100005,29,CAR,348,PK,71354.14,MSC-DN-494632,,WH02,
50013412,1,12.06.2025,10.06.2025,101,45002224,10,100010,95,CAR,4560,PK,1898145.42,MSC-DN-481744,,WH01,
50013412,2,12.06.2025,10.06.2025,101,45002224,20,100002,94,CAR,4512,PK,1717607.13,MSC-DN-481744,,WH01,
50013412,3,12.06.2025,10.06.2025,101,45002224,30,100015,85,CAR,2040,PK,164792.26,MSC-DN-481744,,WH01,
50013412,4,12.06.2025,10.06.2025,101,45002224,40,100029,90,CAR,1080,PK,189438.33,MSC-DN-481744,,WH01,
50013413,1,12.06.2025,12.06.2025,101,45002255,10,400001,17,BOX,85,REAM,5270.00,LS886721,,WH02,
50013413,2,12.06.2025,12.06.2025,101,45002255,20,400002,26,BOX,6500,PCE,6765.98,LS886721,,WH02,
50013415,1,16.06.2025,13.06.2025,101,45002202,10,100025,12,car,576,PK,298751.54,MSC-DN-482106,,WH02,
50013415,2,16.06.2025,13.06.2025,101,45002202,20,100022,56,car,672,PK,188919.32,MSC-DN-482106,,WH02,
50013415,3,16.06.2025,13.06.2025,101,45002202,30,100001,107,CAR,5136,PK,471304.22,MSC-DN-482106,,WH02,
50013415,4,16.06.2025,13.06.2025,101,45002202,40,100027,106,CAR,2544,PK,1134065.13,MSC-DN-482106,,WH02,
50013418,1,16.06.2025,12.06.2025,101,45002246,10,500002,110,PCE,110,PCE,49942.20,DN107679,,WH01,
50013418,2,16.06.2025,12.06.2025,101,45002246,20,500001,195,PCE,195,PCE,75660.00,DN107679,,WH01,
50013420,1,16.06.2025,13.06.2025,101,45002247,10,400007,27,SET,27,SET,8505.00,D-537585,,WH01,
50013420,2,16.06.2025,13.06.2025,101,45002247,20,400008,18,BOX,180,PCE,2619.90,D-537585,,WH01,
50013421,1,16.06.2025,16.06.2025,101,45002260,10,200008,1040,ROL,1040000,PCE,63960.00,D-555357,,WH01,
50013424,1,17.06.2025,16.06.2025,101,45002253,10,300003,9,BOX,900,PCE,21150.00,LS538989,,WH01,
50013424,2,17.06.2025,16.06.2025,101,45002253,20,300002,1,CAR,10,BOX,616.90,LS538989,,WH01,
50013424,3,17.06.2025,16.06.2025,101,45002253,30,300001,9,CS,8640,PCE,8820.00,LS538989,,WH01,
50013425,1,17.06.2025,16.06.2025,101,45002262,10,400007,11,SET,11,SET,3520.44,LS927688,,WH02,
50013427,1,17.06.2025,16.06.2025,101,45002266,10,500006,3,BOX,1500,PCE,3619.74,OT748439,,WH01,
50013427,2,17.06.2025,16.06.2025,101,45002266,20,500005,175,PCE,175,PCE,190750.00,OT748439,,WH01,
50013429,1,24.06.2025,23.06.2025,101,45002237,10,100005,96,CAR,1152,PK,236206.82,MSC-DN-492269,,WH01,
50013429,2,24.06.2025,23.06.2025,101,45002237,20,100009,70,CAR,3360,PK,1618539.55,MSC-DN-492269,,WH01,
50013429,3,24.06.2025,23.06.2025,101,45002237,30,100011,75,CAR,1800,PK,774394.56,MSC-DN-492269,,WH01,
50013429,4,24.06.2025,23.06.2025,101,45002237,40,100010,75,CAR,3600,PK,1498535.86,MSC-DN-492269,,WH01,
50013431,1,25.06.2025,23.06.2025,101,45002258,10,400007,17,SET,17,SET,5446.12,OT336472,,WH01,
50013431,2,25.06.2025,23.06.2025,101,45002258,20,400008,32,BOX,320,PCE,4675.84,OT336472,,WH01,
50013433,1,26.06.2025,26.06.2025,102,45002249,20,400006,1,SET,1,SET,2760.00,D-193848,50013406,WH02,return to vendor
50013436,1,26.06.2025,26.06.2025,102,45002255,20,400002,8,BOX,2000,PCE,2081.84,LS886721,50013413,WH02,return to vendor
50013437,1,27.06.2025,27.06.2025,101,45002268,10,400003,4,BDL,80,PCE,830.64,,,WH02,
50013437,2,27.06.2025,27.06.2025,101,45002268,20,400004,11,CAR,220,PCE,5885.00,DN540468,,WH02,
50013438,1,30.06.2025,30.06.2025,101,45002238,10,100015,70,CAR,1680,PK,135711.27,MSC-DN-420529,,WH01,
50013438,2,30.06.2025,30.06.2025,101,45002238,20,100029,31,CAR,372,PK,65250.98,MSC-DN-420529,,WH01,
50013440,1,30.06.2025,26.06.2025,101,45002240,20,100024,37,CAR,444,PK,159926.21,MSC-DN-495293,,WH01,
50013441,1,30.06.2025,30.06.2025,101,45002259,10,100003,9,CAR,216,PK,85562.36,MSC-DN-493243,,WH01,
50013441,2,30.06.2025,30.06.2025,101,45002259,30,100024,6,CAR,72,PK,25933.98,msc-dn-493243,,WH01,2 pal.
50013444,1,30.06.2025,30.06.2025,102,45002262,10,400007,4,SET,4,SET,1280.16,LS927688,50013425,WH02,return to vendor
50013446,1,30.06.2025,30.06.2025,101,45002280,10,500010,6,PCE,6,PCE,12647.40,D-233121,,WH02,
50013446,2,30.06.2025,30.06.2025,101,45002280,20,500009,21,PCE,21,PCE,31290.00,w/o DN,,WH02,driver waited
50013446,3,30.06.2025,30.06.2025,101,45002280,30,500011,18,BOX,3600,PCE,16164.18,D-233121,,WH02,
50013447,1,30.06.2025,30.06.2025,101,45002291,10,300005,9,PCE,9,PCE,31320.00,w/o DN,,WH02,cold chain ok
50013447,2,30.06.2025,30.06.2025,101,45002291,20,300006,28,BOX,112,BTL,38098.76,OT228477,,WH02,ramp 2
W25-00003,1,01.07.2025,01.07.2025,101,45002288,10,200015,58,BDL,2900,PCE,43065.00,LS839678,,WH01,
W25-00004,1,02.07.2025,02.07.2025,102,45002247,10,400007,6,SET,6,SET,1890.00,D-537585,50013420,WH01,return to vendor
W25-00006,1,03.07.2025,30.06.2025,101,45002273,10,200002,140,BDL,3500,PCE,96600.00,ls647635,,WH01,
W25-00006,2,03.07.2025,30.06.2025,101,45002273,20,200003,66,BDL,3300,PCE,25736.04,ls647635,,WH01,
W25-00009,1,07.07.2025,07.07.2025,101,45002265,10,100016,21,CAR,252,PK,41468.69,MSC-DN-474890,,WH01,
W25-00009,2,07.07.2025,07.07.2025,101,45002265,20,100014,107,CAR,1284,PK,611598.31,MSC-DN-474890,,WH01,
W25-00011,1,07.07.2025,04.07.2025,101,45002266,10,500006,43,BOX,21500,PCE,51882.94,LS807388,,WH02,
W25-00011,2,07.07.2025,04.07.2025,101,45002266,20,500005,33,PCE,33,PCE,35970.00,LS807388,,WH02,
W25-00014,1,07.07.2025,04.07.2025,101,45002276,20,300011,12,PCE,12,PCE,24687.88,ot893928,,WH02,
W25-00015,1,07.07.2025,07.07.2025,101,45002279,10,500010,4,PCE,4,PCE,8560.00,LS716217,,WH01,
W25-00017,1,07.07.2025,07.07.2025,102,45002279,10,500010,4,PCE,4,PCE,8560.00,LS716217,W25-00015,WH01,
W25-00020,1,07.07.2025,07.07.2025,101,45002279,10,500010,2,PCE,2,PCE,4280.00,LS716217,,WH01,
W25-00021,1,07.07.2025,02.07.2025,101,45002282,10,200010,176,ROL,352000,PCE,19676.80,OT104099,,WH02,
W25-00021,2,07.07.2025,02.07.2025,101,45002282,20,200009,108,ROL,54000,PCE,10368.00,OT104099,,WH02,
W25-00021,3,07.07.2025,02.07.2025,101,45002282,30,200008,946,ROL,946000,PCE,58179.00,OT104099,,WH02,
W25-00022,1,07.07.2025,07.07.2025,101,P25-0006,10,300014,4,SET,4,SET,30337.56,D-122032,,WH02,
W25-00022,2,07.07.2025,07.07.2025,101,P25-0006,20,300013,1,PCE,1,PCE,86895.85,D-122032,,WH02,
W25-00024,1,08.07.2025,07.07.2025,101,45002286,10,200008,233,ROL,233000,PCE,14329.50,ot837175,,WH02,
W25-00024,2,08.07.2025,07.07.2025,101,45002286,20,200010,148,ROL,296000,PCE,16546.40,ot837175,,WH02,
W25-00024,3,08.07.2025,07.07.2025,101,45002286,30,200009,216,ROL,108000,PCE,21213.36,OT837175,,WH02,
W25-00026,1,08.07.2025,07.07.2025,102,P25-0006,10,300014,4,SET,4,SET,30337.56,D-122032,W25-00022,WH02,checked w/ purchasing
W25-00026,2,08.07.2025,07.07.2025,102,P25-0006,20,300013,1,PCE,1,PCE,86895.85,D-122032,W25-00022,WH02,
W25-00029,1,08.07.2025,07.07.2025,101,P25-0006,10,300014,8,SET,8,SET,60675.12,D-122032,,WH02,
W25-00029,2,08.07.2025,07.07.2025,101,P25-0006,20,300013,1,PCE,1,PCE,86895.85,D-122032,,WH02,
W25-00031,1,09.07.2025,09.07.2025,101,45002262,10,400007,14,SET,14,SET,4480.56,D-473419,,WH01,
W25-00033,1,10.07.2025,10.07.2025,101,45002253,10,300003,14,BOX,1400,PCE,32900.00,LS758754,,WH02,cold chain ok
W25-00033,2,10.07.2025,10.07.2025,101,45002253,20,300002,17,CAR,170,BOX,10487.30,LS758754,,WH02,
W25-00033,3,10.07.2025,10.07.2025,101,45002253,30,300001,32,CS,30720,PCE,31360.00,LS758754,,WH02,
W25-00035,1,15.07.2025,15.07.2025,101,45002276,10,300010,8,SET,8,SET,60675.12,D-754215,,WH01,
W25-00035,2,15.07.2025,15.07.2025,101,45002276,20,300011,4,PCE,4,PCE,8229.29,D-754215,,WH01,
W25-00038,1,18.07.2025,17.07.2025,101,45002259,10,100003,4,CAR,96,PK,38192.23,MSC-DN-456601,,WH01,
W25-00038,2,18.07.2025,17.07.2025,101,45002259,30,100024,3,CAR,36,PK,13023.09,MSC-DN-456601,,WH01,
W25-00040,1,21.07.2025,21.07.2025,102,45002288,10,200015,12,BDL,600,PCE,8910.00,LS839678,W25-00003,WH01,return to vendor
W25-00043,1,21.07.2025,18.07.2025,101,P25-0003,10,200015,5,BDL,250,PCE,3712.50,,,WH02,
W25-00043,2,21.07.2025,18.07.2025,101,P25-0003,20,200014,66,CAR,396,ROL,20988.00,D-811911,,WH02,
W25-00044,1,22.07.2025,21.07.2025,101,45002240,10,100011,15,CAR,360,PK,155548.94,,,WH02,
W25-00044,2,22.07.2025,21.07.2025,101,45002240,20,100024,36,CAR,432,PK,156277.05,w/o DN,,WH02,
W25-00044,3,22.07.2025,21.07.2025,101,45002240,30,100005,100,CAR,1200,PK,247113.22,MSC-DN-435346,,WH02,
W25-00047,1,22.07.2025,21.07.2025,101,45002268,10,400003,3,BDL,60,PCE,622.98,DN140425,,WH01,
W25-00047,2,22.07.2025,21.07.2025,101,45002268,20,400004,6,CAR,120,PCE,3210.00,DN140425,,WH01,
W25-00048,1,22.07.2025,21.07.2025,101,P25-0018,10,200014,177,CAR,1062,ROL,55779.78,LS737498,,WH01,
W25-00048,2,22.07.2025,21.07.2025,101,P25-0018,20,200015,76,BDL,3800,PCE,56430.00,LS737498,,WH01,
W25-00049,1,22.07.2025,21.07.2025,101,P25-0022,10,500002,65,PCE,65,PCE,29900.00,D-70231,,WH01,
W25-00049,2,22.07.2025,21.07.2025,101,P25-0022,20,500001,29,PCE,29,PCE,11263.31,D-70231,,WH01,
W25-00050,1,24.07.2025,23.07.2025,101,45002274,10,100013,83,CAR,996,PK,319788.22,MSC-DN-461687,,WH01,
W25-00050,2,24.07.2025,23.07.2025,101,45002274,20,100007,71,CAR,1704,PK,392217.77,MSC-DN-461687,,WH01,
W25-00051,1,24.07.2025,22.07.2025,101,P25-0010,10,400004,2,CAR,40,PCE,1057.16,DN280561,,WH01,
W25-00051,2,24.07.2025,22.07.2025,101,P25-0010,20,400003,21,BDL,420,PCE,4305.00,DN280561,,WH01,
W25-00054,1,25.07.2025,24.07.2025,101,45002238,20,100029,11,CAR,132,PK,23253.74,MSC-DN-425606,,WH02,
W25-00055,1,25.07.2025,25.07.2025,102,45002262,10,400007,2,SET,2,SET,640.08,D-473419,W25-00031,WH01,return to vendor
W25-00058,1,25.07.2025,22.07.2025,101,45002282,10,200010,61,ROL,122000,PCE,6819.80,,,WH01,
W25-00058,2,25.07.2025,22.07.2025,101,45002282,20,200009,1,ROL,500,PCE,96.00,w/o DN,,WH01,
W25-00058,3,25.07.2025,22.07.2025,101,45002282,30,200008,100,ROL,100000,PCE,6150.00,LS515295,,WH01,
W25-00060,1,28.07.2025,24.07.2025,101,P25-0024,10,300014,1,SET,1,SET,7440.29,DN925727,,WH02,
W25-00060,2,28.07.2025,24.07.2025,101,P25-0024,20,300013,3,PCE,3,PCE,264283.24,,,WH02,
W25-00063,1,29.07.2025,28.07.2025,101,45002292,10,300005,2,PCE,2,PCE,6960.00,LS898610,,WH01,
W25-00065,1,29.07.2025,28.07.2025,101,45002294,10,300012,1,PCE,1,PCE,4753.46,D-120007,,WH01,
W25-00065,2,29.07.2025,28.07.2025,101,45002294,20,300010,4,SET,4,SET,29791.48,D-120007,,WH01,
W25-00067,1,29.07.2025,29.07.2025,101,P25-0016,10,400004,19,CAR,380,PCE,10165.00,LS49995,,WH02,
W25-00067,2,29.07.2025,29.07.2025,101,P25-0016,20,400003,9,BDL,180,PCE,1867.14,LS49995,,WH02,
W25-00070,1,29.07.2025,29.07.2025,101,P25-0022,10,500002,31,pce,31,PCE,14260.00,OT985941,,WH01,
W25-00070,2,29.07.2025,29.07.2025,101,P25-0022,20,500001,60,PCE,60,PCE,23303.40,OT985941,,WH01,
W25-00072,1,30.07.2025,28.07.2025,101,P25-0004,10,200015,51,BDL,2550,PCE,37867.50,OT625675,,WH01,
W25-00072,2,30.07.2025,28.07.2025,101,P25-0004,20,200014,69,CAR,414,ROL,21810.21,OT625675,,WH01,
W25-00073,1,30.07.2025,30.07.2025,101,P25-0021,10,500005,266,PCE,266,PCE,290519.88,LS745721,,WH01,
W25-00073,2,30.07.2025,30.07.2025,101,P25-0021,20,500006,20,BOX,10000,PCE,24595.20,LS745721,,WH01,
W25-00075,1,31.07.2025,28.07.2025,101,P25-0003,10,200015,1,BDL,50,PCE,742.50,OT784056,,WH01,
W25-00075,2,31.07.2025,28.07.2025,101,P25-0003,20,200014,8,CAR,48,ROL,2544.00,OT784056,,WH01,checked w/ purchasing
W25-00077,1,04.08.2025,04.08.2025,101,45002259,10,100003,5,CAR,120,PK,47912.70,MSC-DN-489068,,WH01,
W25-00077,2,04.08.2025,04.08.2025,101,45002259,20,100002,88,CAR,4224,PK,1620761.09,MSC-DN-489068,,WH01,
W25-00077,3,04.08.2025,04.08.2025,101,45002259,30,100024,7,CAR,84,PK,30496.94,MSC-DN-489068,,WH01,
W25-00080,1,05.08.2025,04.08.2025,101,P25-0010,10,400004,3,CAR,60,PCE,1585.74,D-921626,,WH01,
W25-00082,1,05.08.2025,05.08.2025,101,P25-0031,10,200013,60,BOX,120000,PCE,38400.00,LS541675,,WH01,
W25-00085,1,06.08.2025,04.08.2025,101,P25-0037,10,500006,41,BOX,20500,PCE,50020.00,DN947272,,WH01,
W25-00085,2,06.08.2025,04.08.2025,101,P25-0037,20,500005,97,PCE,97,PCE,106681.57,DN947272,,WH01,
W25-00087,1,07.08.2025,05.08.2025,101,45002285,10,100021,22,CAR,264,PK,43387.15,MSC-DN-441136,,WH01,
W25-00087,2,07.08.2025,05.08.2025,101,45002285,20,100025,88,CAR,4224,PK,2208268.72,MSC-DN-441136,,WH01,
W25-00087,3,07.08.2025,05.08.2025,101,45002285,30,100014,35,CAR,420,PK,200778.00,MSC-DN-441136,,WH01,
W25-00089,1,07.08.2025,06.08.2025,101,P25-0009,10,500006,15,BOX,7500,PCE,18300.00,LS123323,,WH01,
W25-00089,2,07.08.2025,06.08.2025,101,P25-0009,20,500005,202,PCE,202,PCE,220180.00,ls123323,,WH01,
W25-00091,1,08.08.2025,05.08.2025,101,P25-0012,10,100013,25,CAR,300,PK,96669.61,MSC-DN-487366,,WH01,
W25-00091,2,08.08.2025,05.08.2025,101,P25-0012,20,100022,96,CAR,1152,PK,336235.85,MSC-DN-487366,,WH01,
W25-00091,3,08.08.2025,05.08.2025,101,P25-0012,30,100014,79,CAR,948,PK,466778.34,MSC-DN-487366,,WH01,
W25-00091,4,08.08.2025,05.08.2025,101,P25-0012,40,100009,76,CAR,3648,PK,1771247.37,MSC-DN-487366,,WH01,
W25-00093,1,08.08.2025,05.08.2025,101,P25-0033,10,200008,803,ROL,803000,PCE,48493.17,DN477937,,WH02,
W25-00093,2,08.08.2025,05.08.2025,101,P25-0033,20,200009,101,ROL,50500,PCE,9696.00,DN477937,,WH02,
W25-00093,3,08.08.2025,05.08.2025,101,P25-0033,30,200010,337,ROL,674000,PCE,38054.04,DN477937,,WH02,
W25-00094,1,11.08.2025,07.08.2025,101,P25-0027,10,500005,144,PCE,144,PCE,156960.00,D-246870,,WH02,
W25-00094,2,11.08.2025,07.08.2025,101,P25-0027,20,500006,66,BOX,33000,PCE,79956.36,D-246870,,WH02,
W25-00096,1,15.08.2025,15.08.2025,101,P25-0033,20,200009,64,ROL,32000,PCE,6144.00,LS122060,,WH01,
W25-00097,1,18.08.2025,18.08.2025,101,P25-0003,10,200015,52,BDL,2600,PCE,38610.00,LS393448,,WH02,
W25-00097,2,18.08.2025,18.08.2025,101,P25-0003,20,200014,44,CAR,264,ROL,13992.00,LS393448,,WH02,
W25-00098,1,18.08.2025,14.08.2025,101,P25-0015,10,100023,96,CAR,2304,PK,807789.77,MSC-DN-412358,,WH01,
W25-00098,2,18.08.2025,14.08.2025,101,P25-0015,20,100004,30,CAR,720,PK,344851.69,MSC-DN-412358,,WH01,
W25-00100,1,18.08.2025,18.08.2025,101,P25-0039,10,300010,4,SET,4,SET,30447.12,OT545426,,WH02,
W25-00100,2,18.08.2025,18.08.2025,101,P25-0039,20,300011,6,PCE,6,PCE,12847.30,OT545426,,WH02,
W25-00103,1,18.08.2025,15.08.2025,101,P25-0048,10,300004,23,BOX,138,BTL,29325.00,OT18592,,WH02,
W25-00103,2,18.08.2025,15.08.2025,101,P25-0048,20,300006,5,BOX,20,BTL,6921.00,OT18592,,WH02,2 pal.
W25-00104,1,19.08.2025,18.08.2025,101,45002294,20,300010,5,SET,5,SET,37373.84,D-277226,,WH01,
W25-00105,1,19.08.2025,18.08.2025,101,P25-0042,10,200008,332,ROL,332000,PCE,19827.04,DN739912,,WH01,
W25-00105,2,19.08.2025,18.08.2025,101,P25-0042,20,200010,545,ROL,1090000,PCE,60260.65,DN739912,,WH01,
W25-00107,1,25.08.2025,18.08.2025,102,P25-0003,10,200015,52,BDL,2600,PCE,38610.00,LS393448,W25-00097,WH02,
W25-00107,2,25.08.2025,18.08.2025,102,P25-0003,20,200014,44,CAR,264,ROL,13992.00,LS393448,W25-00097,WH02,
W25-00110,1,25.08.2025,18.08.2025,101,P25-0003,10,200015,50,BDL,2500,PCE,37125.00,LS393448,,WH02,
W25-00110,2,25.08.2025,18.08.2025,101,P25-0003,20,200014,44,CAR,264,ROL,13992.00,LS393448,,WH02,
W25-00113,1,25.08.2025,25.08.2025,101,P25-0015,10,100023,13,CAR,312,PK,109388.20,MSC-DN-478788,,WH02,
W25-00113,2,25.08.2025,25.08.2025,101,P25-0015,20,100004,18,CAR,432,PK,206911.02,MSC-DN-478788,,WH02,
W25-00115,1,25.08.2025,25.08.2025,101,P25-0036,10,100014,35,CAR,420,PK,206800.53,MSC-DN-413272,,WH01,
W25-00115,2,25.08.2025,25.08.2025,101,P25-0036,20,100027,51,CAR,1224,PK,549974.63,MSC-DN-413272,,WH01,
W25-00117,1,25.08.2025,25.08.2025,101,P25-0052,10,200002,26,BDL,650,PCE,18316.74,DN353097,,WH01,
W25-00117,2,25.08.2025,25.08.2025,101,P25-0052,20,200004,1,PCE,1,PCE,1435.18,DN353097,,WH01,
W25-00119,1,25.08.2025,21.08.2025,101,P25-0062,10,300006,22,BOX,88,BTL,30452.40,DN720406,,WH01,ok
W25-00119,2,25.08.2025,21.08.2025,101,P25-0062,20,300005,15,PCE,15,PCE,51782.40,DN720406,,WH01,
W25-00122,1,25.08.2025,25.08.2025,101,P25-0059,10,200007,80,CAR,2880,ROL,36400.00,LS610042,,WH01,
W25-00123,1,28.08.2025,28.08.2025,101,45002285,10,100021,2,CAR,24,PK,3944.29,MSC-DN-497617,,WH01,
W25-00123,2,28.08.2025,28.08.2025,101,45002285,30,100014,12,CAR,144,PK,68838.17,MSC-DN-497617,,WH01,ok
W25-00126,1,01.09.2025,29.08.2025,101,P25-0054,10,500001,273,PCE,273,PCE,108148.95,DN207591,,WH02,
W25-00126,2,01.09.2025,29.08.2025,101,P25-0054,20,500002,86,PCE,86,PCE,39560.00,DN207591,,WH02,
W25-00127,1,01.09.2025,01.09.2025,101,P25-0073,10,200014,121,car,726,ROL,38478.00,LS238124,,WH01,
W25-00127,2,01.09.2025,01.09.2025,101,P25-0073,20,200015,41,BDL,2050,PCE,30442.50,LS238124,,WH01,
W25-00130,1,03.09.2025,02.09.2025,101,P25-0028,10,100015,89,CAR,2136,PK,174997.72,MSC-DN-493481,,WH01,
W25-00130,2,03.09.2025,02.09.2025,101,P25-0028,20,100003,50,CAR,1200,PK,482097.35,MSC-DN-493481,,WH01,
W25-00130,3,03.09.2025,02.09.2025,101,P25-0028,30,100021,48,CAR,576,PK,95249.74,MSC-DN-493481,,WH01,
W25-00130,4,03.09.2025,02.09.2025,101,P25-0028,40,100010,110,CAR,5280,PK,2295942.20,MSC-DN-493481,,WH01,
W25-00131,1,04.09.2025,03.09.2025,101,P25-0065,10,200009,243,ROL,121500,PCE,23328.00,OT862161,,WH01,
W25-00131,2,04.09.2025,03.09.2025,101,P25-0065,20,200010,135,rol,270000,PCE,15093.00,OT862161,,WH01,
W25-00132,1,04.09.2025,01.09.2025,101,P25-0068,10,400007,18,SET,18,SET,5670.00,DN181630,,WH01,
W25-00132,2,04.09.2025,01.09.2025,101,P25-0068,20,400008,25,BOX,250,PCE,3589.00,DN181630,,WH01,
W25-00134,1,05.09.2025,04.09.2025,101,P25-0051,10,100030,11,CAR,132,PK,6469.28,MSC-DN-433168,,WH01,
W25-00134,2,05.09.2025,04.09.2025,101,P25-0051,30,100029,22,CAR,264,PK,46964.80,MSC-DN-433168,,WH01,
W25-00134,3,05.09.2025,04.09.2025,101,P25-0051,40,100018,47,CAR,2256,PK,910340.88,MSC-DN-433168,,WH01,
W25-00135,1,08.09.2025,08.09.2025,101,P25-0052,10,200002,61,BDL,1525,PCE,42973.89,LS595826,,WH01,
W25-00135,2,08.09.2025,08.09.2025,101,P25-0052,20,200004,99,PCE,99,PCE,142082.82,LS595826,,WH01,ramp 2
W25-00138,1,08.09.2025,08.09.2025,101,P25-0087,10,300008,21,BOX,2100,PCE,23654.40,D-185447,,WH01,
W25-00141,1,09.09.2025,08.09.2025,101,45002285,10,100021,1,CAR,12,PK,1984.37,MSC-DN-422273,,WH01,
W25-00141,2,09.09.2025,08.09.2025,101,45002285,30,100014,53,CAR,636,PK,305920.15,MSC-DN-422273,,WH01,
W25-00144,1,09.09.2025,08.09.2025,101,P25-0079,10,200006,71,BAG,1065,KG,45946.94,LS421941,,WH02,
W25-00144,2,09.09.2025,08.09.2025,101,P25-0079,20,200005,75,CAR,450,ROL,30282.00,LS421941,,WH02,
W25-00146,1,09.09.2025,08.09.2025,101,P25-0082,10,300009,35,BOX,1750,PCE,30713.90,DN68057,,WH01,
W25-00146,2,09.09.2025,08.09.2025,101,P25-0082,20,300007,1,PCE,1,PCE,14482.80,DN68057,,WH01,
W25-00148,1,09.09.2025,09.09.2025,101,P25-0076,10,500005,220,PCE,220,PCE,239800.00,OT579899,,WH01,
W25-00148,2,09.09.2025,09.09.2025,101,P25-0076,20,500006,60,BOX,30000,PCE,73200.00,OT579899,,WH01,
W25-00150,1,10.09.2025,10.09.2025,101,P25-0093,10,500010,7,PCE,7,PCE,15279.60,ls910244,,WH02,
W25-00150,2,10.09.2025,10.09.2025,101,P25-0093,20,500011,19,BOX,3800,PCE,16960.73,LS910244,,WH02,
W25-00150,3,10.09.2025,10.09.2025,101,P25-0093,30,500009,21,PCE,21,PCE,31290.00,LS910244,,WH02,
W25-00151,1,12.09.2025,10.09.2025,101,P25-0057,10,100004,63,CAR,1512,PK,728678.24,MSC-DN-449113,,WH02,2 pal.
W25-00151,2,12.09.2025,10.09.2025,101,P25-0057,20,100018,56,CAR,2688,PK,1084661.47,MSC-DN-449113,,WH02,
W25-00151,3,12.09.2025,10.09.2025,101,P25-0057,30,100025,43,CAR,2064,PK,1085730.02,MSC-DN-449113,,WH02,
W25-00151,4,12.09.2025,10.09.2025,101,P25-0057,40,100019,79,CAR,1896,PK,184597.89,MSC-DN-449113,,WH02,
W25-00152,1,15.09.2025,15.09.2025,101,P25-0036,20,100027,24,CAR,576,PK,260416.12,MSC-DN-489535,,WH02,
W25-00154,1,15.09.2025,15.09.2025,102,P25-0054,20,500002,20,PCE,20,PCE,9200.00,DN207591,W25-00126,WH02,return to vendor
W25-00157,1,15.09.2025,15.09.2025,101,P25-0060,10,100030,17,CAR,204,PK,9997.97,MSC-DN-478315,,WH02,
W25-00157,2,15.09.2025,15.09.2025,101,P25-0060,20,100003,107,CAR,2568,PK,1031688.32,MSC-DN-478315,,WH02,
W25-00160,1,15.09.2025,12.09.2025,101,P25-0071,10,100015,58,CAR,1392,PK,114043.46,MSC-DN-450414,,WH02,
W25-00160,2,15.09.2025,12.09.2025,101,P25-0071,20,100005,19,CAR,228,PK,47413.20,MSC-DN-450414,,WH02,
W25-00160,3,15.09.2025,12.09.2025,101,P25-0071,30,100023,2,CAR,48,PK,16933.29,MSC-DN-450414,,WH02,
W25-00163,1,15.09.2025,15.09.2025,101,P25-0108,10,400001,25,BOX,125,REAM,7750.00,LS991243,,WH01,
W25-00163,2,15.09.2025,15.09.2025,101,P25-0108,20,400002,27,BOX,6750,PCE,7236.00,LS991243,,WH01,
W25-00165,1,15.09.2025,15.09.2025,101,P25-0084,10,500008,20,CAR,200,PCE,12800.00,DN622832,,WH01,
W25-00167,1,16.09.2025,15.09.2025,101,P25-0046,10,100023,78,CAR,1872,PK,660398.17,MSC-DN-487090,,WH01,
W25-00167,2,16.09.2025,15.09.2025,101,P25-0046,30,100016,23,CAR,276,PK,47241.92,MSC-DN-487090,,WH01,
W25-00167,3,16.09.2025,15.09.2025,101,P25-0046,40,100009,34,CAR,1632,PK,797312.70,MSC-DN-487090,,WH01,"carton dented, accepted"
W25-00169,1,18.09.2025,15.09.2025,101,P25-0066,10,300008,27,BOX,2700,PCE,30412.80,DN544051,,WH01,
W25-00171,1,22.09.2025,22.09.2025,101,P25-0079,10,200006,34,BAG,510,KG,22002.76,D-855686,,WH02,
W25-00171,2,22.09.2025,22.09.2025,101,P25-0079,20,200005,112,CAR,672,ROL,45221.12,D-855686,,WH02,
W25-00173,1,22.09.2025,17.09.2025,101,P25-0089,10,300006,20,BOX,80,BTL,27684.00,LS529596,,WH01,
W25-00173,2,22.09.2025,17.09.2025,101,P25-0089,20,300004,37,BOX,222,BTL,46467.56,LS529596,,WH01,
W25-00173,3,22.09.2025,17.09.2025,101,P25-0089,30,300005,5,PCE,5,PCE,16965.00,LS529596,,WH01,
W25-00174,1,23.09.2025,23.09.2025,101,P25-0046,10,100023,19,CAR,456,PK,160866.22,MSC-DN-475354,,WH01,
W25-00174,2,23.09.2025,23.09.2025,101,P25-0046,20,100021,32,CAR,384,PK,63499.82,,,WH01,
W25-00174,3,23.09.2025,23.09.2025,101,P25-0046,40,100009,26,CAR,1248,PK,609709.71,MSC-DN-475354,,WH01,
W25-00177,1,24.09.2025,22.09.2025,101,P25-0117,10,200002,40,BDL,1000,PCE,28372.80,D-170850,,WH02,
W25-00177,2,24.09.2025,22.09.2025,101,P25-0117,20,200001,22,BDL,550,PCE,10140.24,D-170850,,WH02,
W25-00178,1,25.09.2025,22.09.2025,101,P25-0051,10,100030,24,car,288,PK,14114.79,MSC-DN-447872,,WH02,
W25-00178,2,25.09.2025,22.09.2025,101,P25-0051,30,100029,10,CAR,120,PK,21347.64,MSC-DN-447872,,WH02,
W25-00181,1,25.09.2025,24.09.2025,101,P25-0065,10,200009,49,ROL,24500,PCE,4704.00,D-38497,,WH01,
W25-00181,2,25.09.2025,24.09.2025,101,P25-0065,20,200010,398,ROL,796000,PCE,44496.40,D-38497,,WH01,
W25-00182,1,26.09.2025,24.09.2025,101,P25-0077,10,100003,46,CAR,1104,PK,443529.56,MSC-DN-411360,,WH02,
W25-00182,2,26.09.2025,24.09.2025,101,P25-0077,20,100006,31,CAR,372,PK,62472.36,MSC-DN-411360,,WH02,
W25-00182,3,26.09.2025,24.09.2025,101,P25-0077,30,100026,69,CAR,3312,PK,1718476.87,MSC-DN-411360,,WH02,2 pal.
W25-00182,4,26.09.2025,24.09.2025,101,P25-0077,40,100008,100,CAR,1200,PK,261762.71,MSC-DN-411360,,WH02,
W25-00183,1,26.09.2025,26.09.2025,101,P25-0107,10,200004,68,PCE,68,PCE,99280.00,LS152802,,WH01,
W25-00183,2,26.09.2025,26.09.2025,101,P25-0107,20,200001,177,BDL,4425,PCE,80535.00,LS152802,,WH01,
W25-00183,3,26.09.2025,26.09.2025,101,P25-0107,30,200003,155,BDL,7750,PCE,61342.80,LS152802,,WH01,
W25-00185,1,26.09.2025,25.09.2025,101,P25-0110,10,200002,145,BDL,3625,PCE,100850.40,LS667753,,WH01,
W25-00185,2,26.09.2025,25.09.2025,101,P25-0110,20,200004,64,PCE,64,PCE,92505.60,LS667753,,WH01,
W25-00188,1,29.09.2025,29.09.2025,101,P25-0099,10,300003,2,BOX,200,PCE,4700.00,LS399686,,WH01,
W25-00190,1,29.09.2025,29.09.2025,101,P25-0059,10,200007,80,CAR,2880,ROL,36400.00,DN63059,,WH01,cold chain ok
W25-00192,1,30.09.2025,29.09.2025,101,P25-0101,10,300003,8,BOX,800,PCE,19138.40,OT983100,,WH02,
W25-00192,2,30.09.2025,29.09.2025,101,P25-0101,20,300002,20,CAR,200,BOX,12400.00,OT983100,,WH02,
W25-00192,3,30.09.2025,29.09.2025,101,P25-0101,30,300001,4,CS,3840,PCE,3920.00,OT983100,,WH02,
W25-00195,1,01.10.2025,29.09.2025,101,P25-0129,10,200014,41,CAR,246,ROL,12829.31,OT345760,,WH01,checked w/ purchasing
W25-00195,2,01.10.2025,29.09.2025,101,P25-0129,20,200015,36,BDL,1800,PCE,27424.80,OT345760,,WH01,
W25-00196,1,02.10.2025,01.10.2025,101,P25-0135,10,400001,36,BOX,180,REAM,11059.56,LS113921,,WH01,
W25-00196,2,02.10.2025,01.10.2025,101,P25-0135,20,400002,11,BOX,2750,PCE,2948.00,LS113921,,WH01,
W25-00197,1,03.10.2025,02.10.2025,101,P25-0092,10,100020,107,CAR,2568,PK,314289.93,MSC-DN-486694,,WH01,
W25-00197,2,03.10.2025,02.10.2025,101,P25-0092,20,100027,76,CAR,1824,PK,822981.07,MSC-DN-486694,,WH01,
W25-00197,3,03.10.2025,02.10.2025,101,P25-0092,30,100028,54,CAR,1296,PK,374580.26,MSC-DN-486694,,WH01,
W25-00198,1,03.10.2025,29.09.2025,102,P25-0099,10,300003,2,BOX,200,PCE,4700.00,LS399686,W25-00188,WH01,
W25-00200,1,03.10.2025,29.09.2025,101,P25-0099,10,300003,5,BOX,500,PCE,11750.00,LS399686,,WH01,
W25-00203,1,03.10.2025,30.09.2025,101,P25-0125,10,200017,164,CAR,3936,PCE,33249.36,LS695066,,WH02,2 pal.
W25-00203,2,03.10.2025,30.09.2025,101,P25-0125,20,200016,4,PCE,4,PCE,1072.00,LS695066,,WH02,
W25-00205,1,06.10.2025,02.10.2025,101,P25-0071,10,100015,4,CAR,96,PK,7849.14,MSC-DN-484655,,WH01,
W25-00205,2,06.10.2025,02.10.2025,101,P25-0071,20,100005,14,CAR,168,PK,34865.30,MSC-DN-484655,,WH01,
W25-00205,3,06.10.2025,02.10.2025,101,P25-0071,30,100023,64,CAR,1536,PK,540767.85,MSC-DN-484655,,WH01,
W25-00208,1,06.10.2025,06.10.2025,101,P25-0136,10,200017,321,CAR,7704,PCE,65410.17,DN873312,,WH01,
W25-00208,2,06.10.2025,06.10.2025,101,P25-0136,20,200016,29,PCE,29,PCE,7772.00,DN873312,,WH01,
W25-00208,3,06.10.2025,06.10.2025,101,P25-0136,30,200018,34,PCE,34,PCE,39157.12,DN873312,,WH01,
W25-00210,1,07.10.2025,02.10.2025,102,P25-0092,10,100020,107,CAR,2568,PK,314289.93,MSC-DN-486694,W25-00197,WH01,
W25-00210,2,07.10.2025,02.10.2025,102,P25-0092,20,100027,76,CAR,1824,PK,822981.07,MSC-DN-486694,W25-00197,WH01,
W25-00210,3,07.10.2025,02.10.2025,102,P25-0092,30,100028,54,CAR,1296,PK,374580.26,MSC-DN-486694,W25-00197,WH01,
W25-00213,1,07.10.2025,02.10.2025,101,P25-0092,10,100020,107,CAR,2568,PK,314289.93,MSC-DN-486694,,WH01,
W25-00213,2,07.10.2025,02.10.2025,101,P25-0092,20,100027,76,CAR,1824,PK,822981.07,MSC-DN-486694,,WH01,
W25-00213,3,07.10.2025,02.10.2025,101,P25-0092,30,100028,109,CAR,2616,PK,756097.20,MSC-DN-486694,,WH01,
W25-00214,1,08.10.2025,06.10.2025,101,P25-0128,10,500001,297,PCE,297,PCE,117656.55,DN234429,,WH01,
W25-00214,2,08.10.2025,06.10.2025,101,P25-0128,20,500002,43,PCE,43,PCE,19918.46,DN234429,,WH01,
W25-00217,1,08.10.2025,08.10.2025,101,P25-0130,10,200004,60,PCE,60,PCE,87600.00,OT768243,,WH01,
W25-00218,1,09.10.2025,06.10.2025,101,P25-0095,10,100017,52,CAR,2496,PK,958817.86,MSC-DN-453112,,WH01,
W25-00218,2,09.10.2025,06.10.2025,101,P25-0095,20,100027,5,CAR,120,PK,54143.49,MSC-DN-453112,,WH01,
W25-00218,3,09.10.2025,06.10.2025,101,P25-0095,40,100006,107,CAR,1284,PK,215193.74,MSC-DN-453112,,WH01,
W25-00220,1,09.10.2025,07.10.2025,101,P25-0117,10,200002,22,BDL,550,PCE,15605.04,d-32274,,WH01,
W25-00220,2,09.10.2025,07.10.2025,101,P25-0117,20,200001,26,BDL,650,PCE,11983.92,D-32274,,WH01,
W25-00221,1,09.10.2025,07.10.2025,101,P25-0123,10,200004,97,PCE,97,PCE,141620.00,LS78428,,WH02,
W25-00221,2,09.10.2025,07.10.2025,101,P25-0123,20,200001,189,BDL,4725,PCE,86166.99,LS78428,,WH02,
W25-00223,1,10.10.2025,10.10.2025,101,P25-0142,10,300014,4,SET,4,SET,30573.84,D-707439,,WH01,
W25-00223,2,10.10.2025,10.10.2025,101,P25-0142,20,300015,5,PCE,5,PCE,74697.45,D-707439,,WH01,
W25-00223,3,10.10.2025,10.10.2025,101,P25-0142,30,300013,1,PCE,1,PCE,86278.45,D-707439,,WH01,
W25-00224,1,13.10.2025,10.10.2025,101,P25-0083,10,100020,5,CAR,120,PK,14686.45,MSC-DN-422627,,WH01,
W25-00224,2,13.10.2025,10.10.2025,101,P25-0083,20,100009,15,CAR,720,PK,351043.27,MSC-DN-422627,,WH01,
W25-00224,3,13.10.2025,10.10.2025,101,P25-0083,30,100022,5,CAR,60,PK,17585.17,MSC-DN-422627,,WH01,
W25-00225,1,13.10.2025,09.10.2025,101,P25-0099,10,300003,4,BOX,400,PCE,9400.00,DN157554,,WH01,
W25-00228,1,13.10.2025,07.10.2025,102,P25-0117,10,200002,22,BDL,550,PCE,15605.04,D-32274,W25-00220,WH01,
W25-00228,2,13.10.2025,07.10.2025,102,P25-0117,20,200001,26,BDL,650,PCE,11983.92,D-32274,W25-00220,WH01,
W25-00229,1,13.10.2025,07.10.2025,101,P25-0117,10,200002,20,BDL,500,PCE,14186.40,D-32274,,WH01,
W25-00229,2,13.10.2025,07.10.2025,101,P25-0117,20,200001,26,BDL,650,PCE,11983.92,D-32274,,WH01,
W25-00232,1,14.10.2025,13.10.2025,101,P25-0095,10,100017,2,CAR,96,PK,36877.61,MSC-DN-473659,,WH02,after 15h
W25-00232,2,14.10.2025,13.10.2025,101,P25-0095,20,100027,12,CAR,288,PK,129944.38,MSC-DN-473659,,WH02,
W25-00232,3,14.10.2025,13.10.2025,101,P25-0095,30,100029,70,CAR,840,PK,149130.85,MSC-DN-473659,,WH02,
W25-00234,1,14.10.2025,13.10.2025,101,P25-0125,10,200017,219,CAR,5256,PCE,44400.06,LS485217,,WH01,
W25-00234,2,14.10.2025,13.10.2025,101,P25-0125,20,200016,16,PCE,16,PCE,4288.00,LS485217,,WH01,
W25-00236,1,14.10.2025,13.10.2025,101,P25-0132,10,200002,15,BDL,375,PCE,10350.00,D-680481,,WH02,
W25-00236,2,14.10.2025,13.10.2025,101,P25-0132,20,200004,2,PCE,2,PCE,2993.00,D-680481,,WH02,
W25-00239,1,15.10.2025,13.10.2025,101,P25-0051,10,100030,38,CAR,456,PK,22303.15,MSC-DN-412243,,WH01,
W25-00239,2,15.10.2025,13.10.2025,101,P25-0051,20,100007,43,CAR,1032,PK,239390.39,MSC-DN-412243,,WH01,
W25-00239,3,15.10.2025,13.10.2025,101,P25-0051,30,100029,2,CAR,24,PK,4260.88,MSC-DN-412243,,WH01,
W25-00240,1,15.10.2025,13.10.2025,101,P25-0101,10,300003,7,BOX,700,PCE,16746.10,LS166903,,WH01,
W25-00240,2,15.10.2025,13.10.2025,101,P25-0101,20,300002,15,CAR,150,BOX,9300.00,LS166903,,WH01,
W25-00240,3,15.10.2025,13.10.2025,101,P25-0101,30,300001,11,CS,10560,PCE,10780.00,LS166903,,WH01,
W25-00241,1,15.10.2025,15.10.2025,101,P25-0144,10,400003,9,BDL,180,PCE,1850.58,D-901601,,WH02,
W25-00241,2,15.10.2025,15.10.2025,101,P25-0144,20,400004,4,CAR,80,PCE,2099.36,D-901601,,WH02,
W25-00243,1,16.10.2025,13.10.2025,101,P25-0113,10,100026,16,car,768,PK,397680.42,MSC-DN-490477,,WH02,
W25-00243,2,16.10.2025,13.10.2025,101,P25-0113,20,100001,36,CAR,1728,PK,160495.98,MSC-DN-490477,,WH02,
W25-00243,3,16.10.2025,13.10.2025,101,P25-0113,30,100027,26,CAR,624,PK,281546.15,MSC-DN-490477,,WH02,
W25-00244,1,16.10.2025,13.10.2025,101,P25-0122,20,100011,62,CAR,1488,PK,647943.05,MSC-DN-438858,,WH02,
W25-00244,2,16.10.2025,13.10.2025,101,P25-0122,30,100009,18,CAR,864,PK,421251.93,MSC-DN-438858,,WH02,
W25-00247,1,16.10.2025,16.10.2025,101,P25-0141,10,300012,2,PCE,2,PCE,9619.18,LS847254,,WH01,
W25-00247,2,16.10.2025,16.10.2025,101,P25-0141,20,300011,11,PCE,11,PCE,22948.21,LS847254,,WH01,
W25-00250,1,17.10.2025,17.10.2025,101,P25-0151,10,300006,15,BOX,60,BTL,20763.00,D-295706,,WH01,
W25-00253,1,20.10.2025,13.10.2025,102,P25-0132,10,200002,15,BDL,375,PCE,10350.00,D-680481,W25-00236,WH02,
W25-00253,2,20.10.2025,13.10.2025,102,P25-0132,20,200004,2,PCE,2,PCE,2993.00,D-680481,W25-00236,WH02,
W25-00254,1,20.10.2025,13.10.2025,101,P25-0132,10,200002,15,BDL,375,PCE,10350.00,D-680481,,WH02,
W25-00254,2,20.10.2025,13.10.2025,101,P25-0132,20,200004,4,PCE,4,PCE,5986.00,D-680481,,WH02,
W25-00257,1,20.10.2025,20.10.2025,101,P25-0149,10,200009,200,ROL,100000,PCE,19200.00,D-722437,,WH01,
W25-00259,1,21.10.2025,20.10.2025,101,P25-0098,10,100013,46,CAR,552,PK,178612.37,MSC-DN-450812,,WH01,
W25-00259,2,21.10.2025,20.10.2025,101,P25-0098,20,100014,85,CAR,1020,PK,504320.12,MSC-DN-450812,,WH01,
W25-00259,3,21.10.2025,20.10.2025,101,P25-0098,30,100009,64,CAR,3072,PK,1497784.63,MSC-DN-450812,,WH01,
W25-00259,4,21.10.2025,20.10.2025,101,P25-0098,40,100007,96,CAR,2304,PK,534452.96,MSC-DN-450812,,WH01,
W25-00261,1,21.10.2025,13.10.2025,102,P25-0101,10,300003,7,BOX,700,PCE,16746.10,LS166903,W25-00240,WH01,
W25-00261,2,21.10.2025,13.10.2025,102,P25-0101,20,300002,15,CAR,150,BOX,9300.00,LS166903,W25-00240,WH01,
W25-00261,3,21.10.2025,13.10.2025,102,P25-0101,30,300001,11,CS,10560,PCE,10780.00,LS166903,W25-00240,WH01,
W25-00264,1,21.10.2025,13.10.2025,101,P25-0101,10,300003,7,BOX,700,PCE,16746.10,LS166903,,WH01,
W25-00264,2,21.10.2025,13.10.2025,101,P25-0101,20,300002,15,CAR,150,BOX,9300.00,LS166903,,WH01,
W25-00264,3,21.10.2025,13.10.2025,101,P25-0101,30,300001,9,CS,8640,PCE,8820.00,LS166903,,WH01,
W25-00266,1,21.10.2025,20.10.2025,101,P25-0148,10,200005,253,CAR,1518,ROL,106528.18,OT685259,,WH01,
W25-00266,2,21.10.2025,20.10.2025,101,P25-0148,20,200006,62,BAG,930,KG,39716.58,OT685259,,WH01,
W25-00266,3,21.10.2025,20.10.2025,101,P25-0148,30,200007,70,CAR,2520,ROL,33105.80,OT685259,,WH01,
W25-00269,1,22.10.2025,20.10.2025,102,P25-0098,10,100013,46,CAR,552,PK,178612.37,MSC-DN-450812,W25-00259,WH01,
W25-00269,2,22.10.2025,20.10.2025,102,P25-0098,20,100014,85,CAR,1020,PK,504320.12,MSC-DN-450812,W25-00259,WH01,
W25-00269,3,22.10.2025,20.10.2025,102,P25-0098,30,100009,64,CAR,3072,PK,1497784.63,MSC-DN-450812,W25-00259,WH01,
W25-00269,4,22.10.2025,20.10.2025,102,P25-0098,40,100007,96,CAR,2304,PK,534452.96,MSC-DN-450812,W25-00259,WH01,
W25-00270,1,22.10.2025,20.10.2025,101,P25-0098,10,100013,46,CAR,552,PK,178612.37,MSC-DN-450812,,WH01,checked w/ purchasing
W25-00270,2,22.10.2025,20.10.2025,101,P25-0098,20,100014,85,CAR,1020,PK,504320.12,MSC-DN-450812,,WH01,
W25-00270,3,22.10.2025,20.10.2025,101,P25-0098,30,100009,62,CAR,2976,PK,1450978.86,MSC-DN-450812,,WH01,
W25-00270,4,22.10.2025,20.10.2025,101,P25-0098,40,100007,96,CAR,2304,PK,534452.96,MSC-DN-450812,,WH01,
W25-00272,1,22.10.2025,20.10.2025,101,P25-0138,10,300004,4,BOX,24,BTL,5100.00,DN633606,,WH01,
W25-00273,1,24.10.2025,21.10.2025,101,P25-0153,10,200017,52,CAR,1248,PCE,10968.88,LS711332,,WH01,
W25-00273,2,24.10.2025,21.10.2025,101,P25-0153,20,200016,25,PCE,25,PCE,6579.50,LS711332,,WH01,
W25-00276,1,27.10.2025,23.10.2025,101,P25-0099,10,300003,19,BOX,1900,PCE,44650.00,D-659922,,WH02,
W25-00276,2,27.10.2025,23.10.2025,101,P25-0099,20,300002,17,CAR,170,BOX,10424.06,D-659922,,WH02,
W25-00278,1,29.10.2025,28.10.2025,101,P25-0101,10,300003,8,BOX,800,PCE,19138.40,DN933855,,WH02,
W25-00278,2,29.10.2025,28.10.2025,101,P25-0101,20,300002,5,CAR,50,BOX,3100.00,DN933855,,WH02,
W25-00278,3,29.10.2025,28.10.2025,101,P25-0101,30,300001,42,CS,40320,PCE,41160.00,DN933855,,WH02,
W25-00281,1,30.10.2025,30.10.2025,101,P25-0132,10,200002,10,BDL,250,PCE,6900.00,D-337566,,WH01,
W25-00281,2,30.10.2025,30.10.2025,101,P25-0132,20,200004,5,PCE,5,PCE,7482.50,D-337566,,WH01,
W25-00284,1,03.11.2025,03.11.2025,101,P25-0083,10,100020,66,CAR,1584,PK,195384.38,MSC-DN-459675,,WH01,
W25-00284,2,03.11.2025,03.11.2025,101,P25-0083,20,100009,21,CAR,1008,PK,495322.33,MSC-DN-459675,,WH01,
W25-00284,3,03.11.2025,03.11.2025,101,P25-0083,30,100022,54,CAR,648,PK,191412.16,MSC-DN-459675,,WH01,
W25-00286,1,03.11.2025,31.10.2025,101,P25-0168,10,200006,56,BAG,840,KG,36680.00,OT931922,,WH01,
W25-00286,2,03.11.2025,31.10.2025,101,P25-0168,20,200007,42,CAR,1512,ROL,19824.00,OT931922,,WH01,cold chain ok
W25-00289,1,04.11.2025,04.11.2025,101,P25-0119,10,100024,2,CAR,24,PK,9082.92,MSC-DN-438225,,WH01,
W25-00289,2,04.11.2025,04.11.2025,101,P25-0119,20,100015,37,CAR,888,PK,73175.04,MSC-DN-438225,,WH01,
W25-00290,1,04.11.2025,04.11.2025,101,P25-0155,10,300017,30,BOX,600,PCE,14040.00,D-895268,,WH01,
W25-00292,1,05.11.2025,05.11.2025,101,P25-0158,10,500004,10,SET,10,SET,11263.48,DN257470,,WH01,
W25-00294,1,06.11.2025,06.11.2025,101,P25-0132,10,200002,16,BDL,400,PCE,11040.00,DN461007,,WH02,
W25-00294,2,06.11.2025,06.11.2025,101,P25-0132,20,200004,48,PCE,48,PCE,71832.00,DN461007,,WH02,
W25-00296,1,06.11.2025,06.11.2025,101,P25-0167,10,500001,40,PCE,40,PCE,15520.00,D-689897,,WH01,
W25-00296,2,06.11.2025,06.11.2025,101,P25-0167,20,500002,15,PCE,15,PCE,6900.00,d-689897,,WH01,
W25-00297,1,07.11.2025,04.11.2025,101,P25-0113,20,100001,9,CAR,432,PK,40439.28,MSC-DN-485546,,WH01,
W25-00297,2,07.11.2025,04.11.2025,101,P25-0113,30,100027,2,CAR,48,PK,21827.57,MSC-DN-485546,,WH01,2 pal.
W25-00300,1,07.11.2025,04.11.2025,101,P25-0122,20,100011,4,CAR,96,PK,42131.25,MSC-DN-484255,,WH02,
W25-00300,2,07.11.2025,04.11.2025,101,P25-0122,30,100009,43,CAR,2064,PK,1014231.44,MSC-DN-484255,,WH02,
W25-00302,1,07.11.2025,07.11.2025,101,P25-0164,10,400005,5,PCE,5,PCE,5586.25,LS663138,,WH02,
W25-00302,2,07.11.2025,07.11.2025,101,P25-0164,20,400006,5,SET,5,SET,13606.80,LS663138,,WH02,
W25-00304,1,07.11.2025,04.11.2025,101,P25-0175,10,300002,15,CAR,150,BOX,9095.40,DN965235,,WH01,
W25-00305,1,10.11.2025,07.11.2025,101,P25-0138,10,300004,14,BOX,84,BTL,17850.00,LS976274,,WH01,
W25-00308,1,10.11.2025,05.11.2025,101,P25-0147,10,100002,68,CAR,3264,PK,1305526.74,MSC-DN-418149,,WH01,
W25-00308,2,10.11.2025,05.11.2025,101,P25-0147,20,100008,100,CAR,1200,PK,263285.30,MSC-DN-418149,,WH01,ramp 2
W25-00309,1,10.11.2025,10.11.2025,101,P25-0169,10,500009,25,PCE,25,PCE,37250.00,LS798188,,WH01,
W25-00309,2,10.11.2025,10.11.2025,101,P25-0169,20,500010,10,PCE,10,PCE,21400.00,LS798188,,WH01,
W25-00312,1,11.11.2025,10.11.2025,101,P25-0174,10,300001,36,CS,34560,PCE,35950.32,DN894342,,WH02,
W25-00312,2,11.11.2025,10.11.2025,101,P25-0174,20,300003,21,BOX,2100,PCE,49350.00,dn894342,,WH02,
W25-00313,1,12.11.2025,11.11.2025,101,P25-0177,10,200017,189,CAR,4536,PCE,39867.66,DN91388,,WH01,
W25-00316,1,12.11.2025,10.11.2025,101,P25-0181,10,200013,23,BOX,46000,PCE,14720.00,D-360619,,WH01,
W25-00316,2,12.11.2025,10.11.2025,101,P25-0181,20,200012,60,BOX,30000,PCE,57390.00,D-360619,,WH01,
W25-00319,1,13.11.2025,12.11.2025,101,P25-0153,10,200017,22,CAR,528,PCE,4640.68,LS648693,,WH01,
W25-00322,1,17.11.2025,17.11.2025,101,P25-0182,10,200006,61,BAG,915,KG,41033.48,OT546768,,WH02,
W25-00322,2,17.11.2025,17.11.2025,101,P25-0182,20,200007,80,CAR,2880,ROL,38704.00,OT546768,,WH02,
W25-00325,1,17.11.2025,17.11.2025,101,P25-0190,10,400002,20,BOX,5000,PCE,5435.00,OT906656,,WH01,
W25-00325,2,17.11.2025,17.11.2025,101,P25-0190,20,400001,35,BOX,175,REAM,10850.00,OT906656,,WH01,
W25-00326,1,18.11.2025,17.11.2025,101,P25-0171,10,200012,38,box,19000,PCE,35530.00,DN612176,,WH01,
W25-00326,2,18.11.2025,17.11.2025,101,P25-0171,20,200011,12,BOX,6000,PCE,10744.08,DN612176,,WH01,
W25-00327,1,21.11.2025,21.11.2025,101,P25-0201,10,200004,97,PCE,97,PCE,138504.36,ls115004,,WH01,checked w/ purchasing
W25-00327,2,21.11.2025,21.11.2025,101,P25-0201,20,200001,62,BDL,1550,PCE,28520.00,LS115004,,WH01,
W25-00327,3,21.11.2025,21.11.2025,101,P25-0201,30,200003,193,BDL,9650,PCE,74884.00,LS115004,,WH01,
W25-00329,1,24.11.2025,24.11.2025,101,P25-0119,10,100024,41,CAR,492,PK,186199.80,MSC-DN-462728,,WH01,
W25-00329,2,24.11.2025,24.11.2025,101,P25-0119,20,100015,24,CAR,576,PK,47464.89,MSC-DN-462728,,WH01,
W25-00330,1,24.11.2025,24.11.2025,101,P25-0189,10,500011,5,BOX,1000,PCE,4374.35,D-192327,,WH01,
W25-00330,2,24.11.2025,24.11.2025,101,P25-0189,20,500009,94,PCE,94,PCE,140760.30,D-192327,,WH01,
W25-00331,1,24.11.2025,24.11.2025,101,P25-0207,20,200007,3,CAR,108,ROL,1416.00,LS346915,,WH01,
W25-00332,1,26.11.2025,26.11.2025,101,P25-0158,10,500004,8,set,8,SET,9010.78,LS623170,,WH01,
W25-00333,1,27.11.2025,25.11.2025,101,P25-0164,10,400005,1,PCE,1,PCE,1117.25,D-706149,,WH01,
W25-00333,2,27.11.2025,25.11.2025,101,P25-0164,20,400006,1,SET,1,SET,2721.36,D-706149,,WH01,
W25-00335,1,27.11.2025,21.11.2025,102,P25-0201,10,200004,97,PCE,97,PCE,138504.36,LS115004,W25-00327,WH01,
W25-00335,2,27.11.2025,21.11.2025,102,P25-0201,20,200001,62,BDL,1550,PCE,28520.00,LS115004,W25-00327,WH01,
W25-00335,3,27.11.2025,21.11.2025,102,P25-0201,30,200003,193,BDL,9650,PCE,74884.00,LS115004,W25-00327,WH01,
W25-00338,1,27.11.2025,21.11.2025,101,P25-0201,10,200004,97,PCE,97,PCE,138504.36,LS115004,,WH01,ramp 2
W25-00338,2,27.11.2025,21.11.2025,101,P25-0201,20,200001,52,BDL,1300,PCE,23920.00,LS115004,,WH01,cold chain ok
W25-00338,3,27.11.2025,21.11.2025,101,P25-0201,30,200003,193,BDL,9650,PCE,74884.00,LS115004,,WH01,
W25-00340,1,28.11.2025,28.11.2025,101,P25-0159,10,100014,86,CAR,1032,PK,514262.72,MSC-DN-476650,,WH01,
W25-00340,2,28.11.2025,28.11.2025,101,P25-0159,20,100020,7,CAR,168,PK,20722.59,MSC-DN-476650,,WH01,
W25-00340,3,28.11.2025,28.11.2025,101,P25-0159,30,100025,9,CAR,432,PK,228567.64,MSC-DN-476650,,WH01,
W25-00342,1,01.12.2025,01.12.2025,101,P25-0122,10,100007,38,CAR,912,PK,214522.74,MSC-DN-419338,,WH01,
W25-00342,2,01.12.2025,01.12.2025,101,P25-0122,20,100011,3,CAR,72,PK,31792.00,msc-dn-419338,,WH01,
W25-00342,3,01.12.2025,01.12.2025,101,P25-0122,30,100009,17,CAR,816,PK,403431.50,MSC-DN-419338,,WH01,
W25-00345,1,01.12.2025,28.11.2025,101,P25-0161,10,100014,51,CAR,612,PK,306837.93,MSC-DN-491644,,WH02,
W25-00345,2,01.12.2025,28.11.2025,101,P25-0161,20,100018,16,CAR,768,PK,313615.33,MSC-DN-491644,,WH02,
W25-00345,3,01.12.2025,28.11.2025,101,P25-0161,30,100006,101,CAR,1212,PK,205977.00,MSC-DN-491644,,WH02,
W25-00345,4,01.12.2025,28.11.2025,101,P25-0161,40,100016,86,CAR,1032,PK,178759.56,MSC-DN-491644,,WH02,
W25-00347,1,02.12.2025,01.12.2025,101,P25-0233,10,500009,79,PCE,79,PCE,120770.46,OT25256,,WH02,
W25-00347,2,02.12.2025,01.12.2025,101,P25-0233,20,500010,5,PCE,5,PCE,10700.00,OT25256,,WH02,
W25-00349,1,03.12.2025,01.12.2025,101,P25-0186,10,400003,8,BDL,160,PCE,1640.00,OT467672,,WH02,
W25-00349,2,03.12.2025,01.12.2025,101,P25-0186,20,400004,10,CAR,200,PCE,5403.50,OT467672,,WH02,
W25-00352,1,05.12.2025,04.12.2025,101,P25-0196,10,300007,2,PCE,2,PCE,30068.20,w/o DN,,WH02,
W25-00352,2,05.12.2025,04.12.2025,101,P25-0196,20,300009,39,BOX,1950,PCE,34987.68,LS768273,,WH02,
W25-00352,3,05.12.2025,04.12.2025,101,P25-0196,30,300008,31,BOX,3100,PCE,34918.40,LS768273,,WH02,
W25-00353,1,08.12.2025,04.12.2025,102,P25-0196,10,300007,2,PCE,2,PCE,30068.20,LS768273,W25-00352,WH02,
W25-00353,2,08.12.2025,04.12.2025,102,P25-0196,20,300009,39,BOX,1950,PCE,34987.68,LS768273,W25-00352,WH02,
W25-00353,3,08.12.2025,04.12.2025,102,P25-0196,30,300008,31,BOX,3100,PCE,34918.40,LS768273,W25-00352,WH02,
W25-00355,1,08.12.2025,04.12.2025,101,P25-0196,10,300007,2,PCE,2,PCE,30068.20,LS768273,,WH02,
W25-00355,2,08.12.2025,04.12.2025,101,P25-0196,20,300009,39,BOX,1950,PCE,34987.68,LS768273,,WH02,
W25-00355,3,08.12.2025,04.12.2025,101,P25-0196,30,300008,21,BOX,2100,PCE,23654.40,LS768273,,WH02,
W25-00358,1,08.12.2025,08.12.2025,101,P25-0207,20,200007,3,CAR,108,ROL,1416.00,OT971646,,WH02,
W25-00360,1,08.12.2025,08.12.2025,101,P25-0209,10,400007,11,SET,11,SET,3544.64,OT311370,,WH01,
W25-00363,1,08.12.2025,08.12.2025,101,P25-0236,10,300010,7,SET,7,SET,53332.64,OT882272,,WH02,
W25-00363,2,08.12.2025,08.12.2025,101,P25-0236,20,300011,19,PCE,19,PCE,41630.94,OT882272,,WH02,
W25-00365,1,08.12.2025,08.12.2025,101,P25-0248,10,200005,108,CAR,648,ROL,45207.72,LS788120,,WH01,
W25-00365,2,08.12.2025,08.12.2025,101,P25-0248,20,200006,120,BAG,1800,KG,79622.40,LS788120,,WH01,
W25-00366,1,09.12.2025,08.12.2025,101,P25-0215,10,500001,51,PCE,51,PCE,19788.00,D-887097,,WH01,
W25-00366,2,09.12.2025,08.12.2025,101,P25-0215,20,500002,38,PCE,38,PCE,17480.00,D-887097,,WH01,
W25-00368,1,09.12.2025,08.12.2025,101,P25-0224,10,200003,31,BDL,1550,PCE,12028.00,DN662477,,WH02,
W25-00369,1,09.12.2025,09.12.2025,101,P25-0203,10,300013,4,PCE,4,PCE,29800.00,DN420661,,WH01,
W25-00369,2,09.12.2025,09.12.2025,101,P25-0203,20,300014,10,SET,10,SET,6600.00,DN420661,,WH01,
W25-00370,1,10.12.2025,10.12.2025,101,P25-0195,10,200018,36,PCE,36,PCE,42480.00,OT565318,,WH01,
W25-00372,1,10.12.2025,08.12.2025,101,P25-0206,10,200005,229,CAR,1374,ROL,95103.70,D-381772,,WH02,
W25-00372,2,10.12.2025,08.12.2025,101,P25-0206,20,200007,66,CAR,2376,ROL,31588.26,D-381772,,WH02,
W25-00374,1,10.12.2025,10.12.2025,101,P25-0213,10,500002,38,PCE,38,PCE,17165.36,DN477309,,WH01,
W25-00377,1,10.12.2025,08.12.2025,101,P25-0245,10,300013,3,PCE,3,PCE,263779.56,OT994327,,WH01,
W25-00377,2,10.12.2025,08.12.2025,101,P25-0245,20,300014,8,SET,8,SET,62377.71,,,WH01,
W25-00377,3,10.12.2025,08.12.2025,101,P25-0245,30,300015,2,PCE,2,PCE,30843.60,OT994327,,WH01,2 pal.
W25-00380,1,10.12.2025,10.12.2025,101,P25-0222,10,200005,300,CAR,1800,ROL,123600.00,LS515398,,WH01,
W25-00380,2,10.12.2025,10.12.2025,101,P25-0222,20,200006,120,BAG,1800,KG,78600.00,LS515398,,WH01,
W25-00382,1,11.12.2025,11.12.2025,101,P25-0130,10,200004,40,PCE,40,PCE,58400.00,D-921059,,WH01,
W25-00385,1,12.12.2025,12.12.2025,101,P25-0158,10,500004,9,SET,9,SET,10199.23,D-37089,,WH01,
W25-00385,2,12.12.2025,12.12.2025,101,P25-0158,20,500003,55,PCE,55,PCE,204160.16,D-37089,,WH01,
W25-00387,1,12.12.2025,12.12.2025,101,P25-0184,10,100005,60,CAR,720,PK,151519.33,MSC-DN-427237,,WH01,
W25-00387,2,12.12.2025,12.12.2025,101,P25-0184,20,100012,35,CAR,840,PK,330166.15,MSC-DN-427237,,WH01,
W25-00387,3,12.12.2025,12.12.2025,101,P25-0184,30,100021,48,car,576,PK,96390.65,MSC-DN-427237,,WH01,
W25-00388,1,12.12.2025,10.12.2025,101,P25-0222,10,200005,300,CAR,1800,ROL,123600.00,LS515398,,WH02,
W25-00388,2,12.12.2025,10.12.2025,101,P25-0222,20,200006,120,BAG,1800,KG,78600.00,LS515398,,WH02,
W25-00390,1,15.12.2025,08.12.2025,102,P25-0215,10,500001,51,pce,51,PCE,19788.00,D-887097,W25-00366,WH01,partial
W25-00390,2,15.12.2025,08.12.2025,102,P25-0215,20,500002,38,PCE,38,PCE,17480.00,D-887097,W25-00366,WH01,
W25-00393,1,15.12.2025,08.12.2025,101,P25-0215,10,500001,51,PCE,51,PCE,19788.00,D-887097,,WH01,
W25-00393,2,15.12.2025,08.12.2025,101,P25-0215,20,500002,36,PCE,36,PCE,16560.00,D-887097,,WH01,
W25-00394,1,15.12.2025,12.12.2025,101,P25-0249,10,500011,1,BOX,200,PCE,866.86,LS178087,,WH01,
W25-00394,2,15.12.2025,12.12.2025,101,P25-0249,20,500010,1,PCE,1,PCE,2204.20,LS178087,,WH01,
W25-00397,1,15.12.2025,15.12.2025,101,P25-0169,10,500011,60,BOX,12000,PCE,89400.00,DN899801,,WH02,
W25-00399,1,16.12.2025,16.12.2025,101,P25-0251,10,400006,2,SET,2,SET,5520.00,OT244868,,WH01,
W25-00399,2,16.12.2025,16.12.2025,101,P25-0251,20,400005,5,PCE,5,PCE,5450.00,OT244868,,WH01,
W25-00401,1,16.12.2025,16.12.2025,102,P25-0149,10,200009,50,ROL,25000,PCE,4800.00,D-722437,W25-00257,WH01,return to vendor
W25-00402,1,18.12.2025,17.12.2025,101,P25-0159,20,100020,14,CAR,336,PK,41699.05,MSC-DN-433758,,WH02,
W25-00402,2,18.12.2025,17.12.2025,101,P25-0159,30,100025,26,CAR,1248,PK,664351.40,MSC-DN-433758,,WH02,
W25-00403,1,18.12.2025,16.12.2025,101,P25-0209,10,400007,7,SET,7,SET,2255.68,D-64041,,WH01,
W25-00406,1,19.12.2025,19.12.2025,101,P25-0212,10,500010,3,PCE,3,PCE,6420.00,OT780322,,WH01,
W25-00409,1,19.12.2025,19.12.2025,101,P25-0199,10,100008,90,CAR,1080,PK,231464.38,MSC-DN-434582,,WH01,
W25-00409,2,19.12.2025,19.12.2025,101,P25-0199,20,100017,24,CAR,1152,PK,448740.74,msc-dn-434582,,WH01,
W25-00412,1,22.12.2025,19.12.2025,101,P25-0164,10,400005,1,PCE,1,PCE,1117.25,OT339159,,WH01,
W25-00412,2,22.12.2025,19.12.2025,101,P25-0164,20,400006,1,SET,1,SET,2721.36,OT339159,,WH01,
W25-00414,1,24.12.2025,23.12.2025,101,P25-0192,10,100015,15,CAR,360,PK,29847.28,MSC-DN-451647,,WH01,
W25-00414,2,24.12.2025,23.12.2025,101,P25-0192,20,100009,2,CAR,96,PK,47462.53,MSC-DN-451647,,WH01,
W25-00414,3,24.12.2025,23.12.2025,101,P25-0192,30,100002,4,CAR,192,PK,77266.12,MSC-DN-451647,,WH01,
W25-00415,1,24.12.2025,22.12.2025,101,P25-0234,10,200016,56,PCE,56,PCE,15008.00,DN395415,,WH01,
W25-00415,2,24.12.2025,22.12.2025,101,P25-0234,30,200018,12,PCE,12,PCE,14386.56,DN395415,,WH01,
W25-00416,1,24.12.2025,23.12.2025,101,P25-0254,10,500005,57,PCE,57,PCE,62440.65,DN311099,,WH01,
W25-00416,2,24.12.2025,23.12.2025,101,P25-0254,20,500006,11,BOX,5500,PCE,13420.00,DN311099,,WH01,
W25-00418,1,25.12.2025,25.12.2025,101,P25-0215,10,500001,51,PCE,51,PCE,19788.00,LS790761,,WH01,
W25-00421,1,25.12.2025,22.12.2025,101,P25-0218,10,500010,2,PCE,2,PCE,4404.12,OT416098,,WH02,
W25-00421,2,25.12.2025,22.12.2025,101,P25-0218,20,500011,15,BOX,3000,PCE,13536.90,OT416098,,WH02,
W25-00421,3,25.12.2025,22.12.2025,101,P25-0218,30,500009,18,PCE,18,PCE,26739.54,OT416098,,WH02,
W25-00422,1,25.12.2025,25.12.2025,101,P25-0224,10,200003,69,BDL,3450,PCE,26772.00,DN590842,,WH02,
W25-00422,2,25.12.2025,25.12.2025,101,P25-0224,20,200004,99,PCE,99,PCE,146563.56,DN590842,,WH02,
W25-00422,3,25.12.2025,25.12.2025,101,P25-0224,30,200002,89,BDL,2225,PCE,61594.23,DN590842,,WH02,
W25-00425,1,25.12.2025,23.12.2025,101,P25-0228,10,300001,52,CS,49920,PCE,50960.00,D-55398,,WH01,
W25-00425,2,25.12.2025,23.12.2025,101,P25-0228,20,300002,34,CAR,340,BOX,21080.00,D-55398,,WH01,
W25-00428,1,25.12.2025,25.12.2025,101,P25-0249,10,500011,11,BOX,2200,PCE,9535.46,LS252900,,WH02,
W25-00428,2,25.12.2025,25.12.2025,101,P25-0249,20,500010,6,PCE,6,PCE,13225.20,LS252900,,WH02,
