inv_doc,doc_type,vend_no,vend_ref,inv_dt,post_dt,cur,gross,tax,due_dt,pay_blk,usr,hdr_txt
51007302,RE,79001,MSC90052543,2024-12-08,2024-12-13,EUR,38628.48,0.00,2025-02-06,,TBER,
51007304,RE,79001,MSC90052597,2024-12-16,2024-12-19,EUR,312538.56,0.00,2025-02-14,,TBER,
51007306,RE,79001,MSC90052625,2024-12-20,2024-12-23,EUR,73556.52,0.00,2025-02-18,,TBER,
51007308,RE,79001,MSC90052658,2024-12-24,2024-12-27,EUR,167733.12,0.00,2025-02-22,,TBER,
51007310,RE,79001,MSC90052664,2024-12-25,2024-12-30,EUR,137048.16,0.00,2025-02-23,,TBER,
51007312,RE,70042,2024/38010,2024-12-25,2024-12-30,EUR,32107.41,0.00,2025-02-08,,TBER,
51007314,RE,79001,MSC90052691 ,2024-12-29,2025-01-01,EUR,92095.92,0.00,2025-02-27,,MHAL,scan 2
51007315,RE,70012,R/26092/24,2024-12-30,2025-01-01,NVK,138176.52,23029.42,2025-01-29,,TBER,
51007317,RE,79001,MSC90052716,2025-01-02,2025-01-06,EUR,227733.60,0.00,2025-03-03,,TBER,
51007318,RE,70023,F-046817,2024-12-31,2025-01-06,NVK,72664.32,12110.72,2025-01-30,,JKOV,
51007320,RE,70013,2025/37067,2025-01-04,2025-01-07,NVK,12099.52,2016.59,2025-02-03,,JKOV,
51007321,RE,70054,F-045082,2025-01-05,2025-01-07,NVK,49800.00,8300.00,2025-01-19,,JKOV,
51007322,RE,70056,R/17779/25,2025-01-02,2025-01-07,NVK,14880.00,2480.00,2025-02-01,,MHAL,
51007324,RE,79001,MSC90052740,2025-01-05,2025-01-09,EUR,99512.16,0.00,2025-03-06,,MHAL,
51007326,RE,79001,MSC90052756,2025-01-07,2025-01-13,EUR,56970.72,0.00,2025-03-08,,TBER,
51007327,RE,70014,F-004567,2025-01-08,2025-01-13,NVK,52512.37,8752.06,2025-01-22,,TBER,via requester
51007328,RE,70053,0060320,2025-01-07,2025-01-13,NVK,8161.52,1360.25,2025-01-21,,TBER,
51007329,RE,70055,INV-2025-24697,2025-01-09,2025-01-13,NVK,9360.00,1560.00,2025-02-08,,TBER,
51007330,RE,79001,MSC90052789,2025-01-12,2025-01-14,EUR,39678.96,0.00,2025-03-13,,TBER,pdf by mail
51007331,RE,70051,R/44180/25,2025-01-08,2025-01-14,NVK,103200.00,17200.00,2025-01-22,,TBER,scan 2
51007332,RE,70052,2025/54561,2025-01-08,2025-01-14,NVK,12762.05,2127.01,2025-01-22,,TBER,
51007334,RE,70064,0022183,2025-01-13,2025-01-14,NVK,9516.19,1586.03,2025-01-27,,TBER,
51007335,RE,70022,2025/18867,2025-01-10,2025-01-16,NVK,39880.08,6646.68,2025-02-09,,MHAL,
51007336,RE,70032,F-037439,2025-01-13,2025-01-17,NVK,13342.73,2223.79,2025-02-12,,TBER,
51007337,RE,70031,2025/24921,2025-01-12,2025-01-20,NVK,10779.77,1796.63,2025-01-26,,TBER,
51007338,RE,79001,MSC90052820,2025-01-17,2025-01-20,EUR,76159.68,0.00,2025-03-18,,TBER,
51007339,RE,70015,0013736,2025-01-16,2025-01-20,NVK,46359.97,7726.66,2025-02-15,,TBER,
51007340,RE,70031,2025/24943,2025-01-15,2025-01-20,NVK,16504.32,2750.72,2025-01-29,,TBER,
51007342,RE,79001,MSC90052821,2025-01-17,2025-01-20,EUR,125415.24,0.00,2025-03-18,,TBER,
51007343,RE,70033,0006357,2025-01-18,2025-01-21,NVK,32204.93,5367.49,2025-02-17,,JKOV,
51007344,RE,70032,F-037464,2025-01-17,2025-01-21,NVK,3833.64,638.94,2025-02-16,,TBER,
51007346,RE,70013,2025/37151,2025-01-16,2025-01-22,NVK,86072.30,14345.38,2025-02-15,,TBER,
51007347,RE,70022,2025/18921,2025-01-17,2025-01-23,NVK,38373.26,6395.54,2025-02-16,,TBER,
51007348,RE,70026,R/26168/25,2025-01-22,2025-01-23,NVK,30816.00,5136.00,2025-01-22,,TBER,
51007349,RE,79001,MSC90052858,2025-01-22,2025-01-24,EUR,19621.56,0.00,2025-03-23,,TBER,
51007351,RE,79001,MSC90052847,2025-01-20,2025-01-24,EUR,87052.56,0.00,2025-03-21,,TBER,
51007353,RE,70014,F-004673,2025-01-23,2025-01-27,NVK,19704.60,3284.10,2025-02-06,,TBER,
51007354,RE,70021,R/58854/25,2025-01-21,2025-01-27,NVK,17856.00,2976.00,2025-02-20,,TBER,
51007355,RE,70021,R/58879/25,2025-01-25,2025-01-27,NVK,1488.00,248.00,2025-02-24,,TBER,
51007356,RE,70064,0022240,2025-01-21,2025-01-27,NVK,8200.01,1366.67,2025-02-04,,TBER,
51007357,RE,79001,MSC90052863,2025-01-23,2025-01-28,EUR,99627.36,0.00,2025-03-24,,TBER,
51007358,RE,79001,MSC90052875,2025-01-24,2025-01-29,EUR,103710.72,0.00,2025-03-25,,TBER,
51007359,RE,79001,MSC90052887,2025-01-26,2025-01-29,EUR,98211.96,0.00,2025-03-27,,TBER,
51007361,RE,79001,MSC90052899,2025-01-28,2025-01-30,EUR,137118.72,0.00,2025-03-29,,TBER,
51007362,RE,70032,F-037533,2025-01-27,2025-01-31,NVK,14449.44,2408.24,2025-02-26,,TBER,urgent
51007363,RE,70015,0013789,2025-01-24,2025-01-31,NVK,109170.84,18195.14,2025-02-23,,JKOV,
51007364,RE,70015,0013821,2025-01-28,2025-01-31,NVK,13231.44,2205.24,2025-02-27,,MHAL,
51007366,RE,79001,MSC90052910,2025-01-29,2025-02-03,EUR,242001.84,0.00,2025-03-30,,TBER,
51007367,RE,70023,F-047000 ,2025-01-26,2025-02-03,NVK,37006.31,6167.72,2025-02-25,,TBER,
51007368,KG,70032,F-037564,2025-01-31,2025-02-03,NVK,642.00,107.00,2025-03-02,,TBER,
51007370,RE,70011,INV-2025-23211,2025-01-28,2025-02-03,NVK,201735.00,33622.50,2025-02-27,,TBER,
51007372,RE,70034,INV-2025-32476,2025-01-28,2025-02-03,NVK,9226.80,1537.80,2025-02-27,,TBER,
51007374,RE,70063,F-013243,2025-02-03,2025-02-04,NVK,183192.17,30532.03,2025-03-05,,TBER,pdf by mail
51007376,RE,70055,INV-2025-24879,2025-02-04,2025-02-05,NVK,9360.00,1560.00,2025-03-06,,TBER,
51007378,RE,70056,R/17997/25,2025-02-02,2025-02-05,NVK,14880.00,2480.00,2025-03-04,,TBER,
51007380,RE,70052,2025/54736,2025-02-02,2025-02-06,NVK,17616.18,2936.03,2025-02-16,,MHAL,
51007381,RE,70068,F-048969,2025-02-05,2025-02-06,NVK,67954.86,11325.81,2025-03-07,,TBER,
51007382,RE,70022,2025/19014,2025-01-31,2025-02-07,NVK,3322.08,553.68,2025-03-02,,TBER,
51007384,RE,70051,R/44356/25,2025-02-02,2025-02-07,NVK,103200.00,17200.00,2025-02-16,,TBER,scan 2
51007385,RE,70061,R/14623/25,2025-02-06,2025-02-07,NVK,5898.11,983.02,2025-02-20,,MHAL,
51007386,RE,79001,MSC90052970,2025-02-07,2025-02-10,EUR,97857.72,0.00,2025-04-08,,TBER,
51007388,RE,79001,MSC90052958 ,2025-02-05,2025-02-10,EUR,102005.28,0.00,2025-04-06,,JKOV,
51007390,RE,70022,2025/19075,2025-02-08,2025-02-10,NVK,52669.44,8778.24,2025-03-10,,MHAL,
51007392,RE,70054,F-045312 ,2025-02-07,2025-02-10,NVK,49800.00,8300.00,2025-02-21,,TBER,
51007393,RE,70060,INV-2025-54524,2025-02-07,2025-02-10,NVK,139362.58,23227.10,2025-03-09,,TBER,
51007395,RE,70053,0060534,2025-02-07,2025-02-12,NVK,8365.36,1394.23,2025-02-21,,MHAL,e-invoice
51007397,RE,70059,0042642,2025-02-07,2025-02-12,NVK,35960.93,5993.49,2025-03-09,,TBER,
51007398,RE,70032,F-037621,2025-02-08,2025-02-13,NVK,8679.79,1446.63,2025-03-10,,JKOV,
51007400,RE,70045,INV-2025-10058,2025-02-06,2025-02-13,NVK,175578.60,29263.10,2025-03-08,,JKOV,urgent
51007401,KG,70014,F-004824,2025-02-14,2025-02-17,NVK,394.09,65.68,2025-02-28,,TBER,
51007403,RE,70013,2025/37326,2025-02-10,2025-02-17,NVK,120206.33,20034.39,2025-03-12,,TBER,e-invoice
51007404,RE,79001,MSC90053017,2025-02-14,2025-02-18,EUR,44635.80,0.00,2025-04-15,,TBER,
51007406,RE,79001,MSC90053011,2025-02-13,2025-02-18,EUR,66146.04,0.00,2025-04-14,,TBER,
51007408,RE,79001,MSC90053023,2025-02-15,2025-02-18,EUR,350257.56,0.00,2025-04-16,,TBER,
51007410,RE,70011,INV-2025-23334,2025-02-15,2025-02-18,NVK,135020.78,22503.46,2025-03-17,,JKOV,
51007411,RE,70031,2025/25170,2025-02-16,2025-02-20,NVK,8040.00,1340.00,2025-03-02,,TBER,
51007413,RE,70032,F-037703,2025-02-20,2025-02-24,NVK,3751.69,625.28,2025-03-22,,TBER,
51007414,KG,70021,R/59060/25,2025-02-20,2025-02-26,NVK,5952.00,992.00,2025-03-22,,TBER,
51007416,RE,70012,R/26469/25,2025-02-22,2025-02-26,NVK,225840.05,37640.01,2025-03-24,,TBER,
51007418,RE,70024,0017567,2025-02-22,2025-02-26,EUR,9308.00,0.00,2025-03-24,,TBER,
51007419,RE,70041,R/31244/25,2025-02-22,2025-02-26,NVK,69840.00,11640.00,2025-03-24,,TBER,pdf by mail
51007421,RE,70041,R/31224/25,2025-02-20,2025-02-27,NVK,118009.80,19668.30,2025-03-22,,TBER,
51007423,RE,70011,INV-2025-23388,2025-02-22,2025-02-27,NVK,143048.78,23841.46,2025-03-24,,TBER,
51007425,RE,70058,F-019609,2025-02-21,2025-02-27,NVK,104964.04,17494.01,2025-03-23,,TBER,
51007427,KG,70015,0014026,2025-02-27,2025-03-03,NVK,529.26,88.21,2025-03-29,,TBER,
51007428,RE,70054,F-045472,2025-03-02,2025-03-05,NVK,49800.00,8300.00,2025-03-16,,TBER,
51007429,RE,79001,MSC90053147,2025-03-04,2025-03-06,EUR,90136.32,0.00,2025-05-03,,MHAL,
51007431,RE,70041,R/31284/25,2025-02-28,2025-03-06,NVK,96518.74,16086.46,2025-03-30,,TBER,
51007432,RE,70053,0060718,2025-03-05,2025-03-06,NVK,8050.44,1341.74,2025-03-19,,TBER,
51007433,RE,70044,0020105,2025-03-05,2025-03-06,NVK,24120.00,4020.00,2025-03-05,,TBER,pdf by mail
51007434,KG,70032,F-037777,2025-03-02,2025-03-07,NVK,642.00,107.00,2025-04-01,,TBER,
51007435,RE,70052,2025/54939,2025-03-03,2025-03-07,NVK,14733.97,2455.66,2025-03-17,,TBER,
51007437,RE,70041,R/31322/25,2025-03-06,2025-03-10,NVK,155940.13,25990.02,2025-04-05,,TBER,
51007439,RE,70013,2025/37479,2025-03-04,2025-03-10,NVK,56339.83,9389.97,2025-04-03,,JKOV,
51007441,RE,79001,MSC90053135,2025-03-03,2025-03-10,EUR,57292.32,0.00,2025-05-02,,TBER,
51007442,RE,70051,R/44566/25,2025-03-04,2025-03-10,NVK,103200.00,17200.00,2025-03-18,,TBER,
51007443,RE,70055,INV-2025-25086,2025-03-06,2025-03-11,NVK,9360.00,1560.00,2025-04-05,,TBER,
51007444,RE,70056,R/18245/25,2025-03-09,2025-03-12,NVK,14880.00,2480.00,2025-04-08,,TBER,
51007445,RE,79001,MSC90053181,2025-03-09,2025-03-13,EUR,56899.32,0.00,2025-05-08,,JKOV,
51007447,RE,79001,MSC90053178,2025-03-09,2025-03-14,EUR,69588.48,0.00,2025-05-08,,TBER,
51007449,RE,79001,MSC90053195,2025-03-11,2025-03-17,EUR,84921.00,0.00,2025-05-10,,TBER,e-invoice
51007450,RE,70016,INV-2025-57023,2025-03-12,2025-03-17,NVK,63224.60,10537.43,2025-04-26,,TBER,
51007452,RE,70068,F-049247,2025-03-17,2025-03-18,NVK,48295.34,8049.22,2025-04-16,,TBER,
51007454,RE,70014,F-005010,2025-03-12,2025-03-19,NVK,160922.04,26820.34,2025-03-26,,MHAL,
51007455,RE,70068,F-049246,2025-03-17,2025-03-19,NVK,95098.01,15849.67,2025-04-16,,TBER,
51007457,RE,70064,0022621,2025-03-17,2025-03-24,NVK,9278.39,1546.40,2025-03-31,,TBER,
51007459,RE,70065,INV-2025-37834,2025-03-18,2025-03-24,NVK,39572.62,6595.44,2025-04-17,,TBER,
51007461,RE,70032,F-037924,2025-03-23,2025-03-27,NVK,5520.00,920.00,2025-04-22,,TBER,
51007462,RE,70016,INV-2025-57113,2025-03-25,2025-03-28,NVK,48501.36,8083.56,2025-05-09,,MHAL,
51007464,RE,70011,INV-2025-23586,2025-03-23,2025-03-31,NVK,3444.43,574.07,2025-04-22,,TBER,
51007465,RE,70011,INV-2025-23609,2025-03-26,2025-03-31,NVK,99552.00,16592.00,2025-04-25,,TBER,
51007466,RE,70033,0006857,2025-03-30,2025-04-03,NVK,36876.00,6146.00,2025-04-29,,TBER,
51007468,RE,70022,2025/19414,2025-03-29,2025-04-03,NVK,122813.96,20468.99,2025-04-28,,MHAL,
51007470,RE,70055,INV-2025-25278,2025-04-02,2025-04-03,NVK,9360.00,1560.00,2025-05-02,,TBER,
51007472,RE,70011,INV-2025-23621,2025-03-28,2025-04-04,NVK,3444.43,574.07,2025-04-27,,TBER,
51007473,RE,70067,2025/21980,2025-03-31,2025-04-04,NVK,21558.49,3593.08,2025-04-30,,TBER,
51007475,KG,70041,R/31500/25,2025-03-31,2025-04-07,NVK,29184.89,4864.15,2025-04-30,,MHAL,
51007476,RE,79001,MSC90053337,2025-03-31,2025-04-07,EUR,28258.80,0.00,2025-05-30,,TBER,
51007478,RE,70016,INV-2025-57191,2025-04-05,2025-04-07,NVK,17371.20,2895.20,2025-05-20,,TBER,
51007480,RE,70052,2025/55144,2025-04-02,2025-04-07,NVK,17610.14,2935.02,2025-04-16,,TBER,
51007482,RE,70054,F-045694,2025-04-02,2025-04-07,NVK,49800.00,8300.00,2025-04-16,,TBER,
51007484,RE,70056,R/18438/25,2025-04-06,2025-04-07,NVK,14880.00,2480.00,2025-05-06,,TBER,
51007486,RE,70067,2025/21983 ,2025-03-31,2025-04-07,NVK,8767.79,1461.30,2025-04-30,,TBER,
51007487,RE,79001,MSC90053381,2025-04-07,2025-04-09,EUR,100522.20,0.00,2025-06-06,,TBER,
51007489,RE,70051,R/44799/25,2025-04-07,2025-04-09,NVK,103200.00,17200.00,2025-04-21,,TBER,
51007491,RE,70053,0060943,2025-04-06,2025-04-10,NVK,8566.52,1427.75,2025-04-20,,TBER,
51007492,RE,70014,F-005201,2025-04-09,2025-04-14,NVK,16180.20,2696.70,2025-04-23,,TBER,
51007493,RE,70011,INV-2025-23719,2025-04-11,2025-04-14,NVK,253199.10,42199.85,2025-05-11,,TBER,
51007494,RE,70057,2025/17771,2025-04-08,2025-04-14,NVK,28630.32,4771.72,2025-05-08,,JKOV,
51007495,RE,79001,MSC90053430,2025-04-14,2025-04-16,EUR,68440.56,0.00,2025-06-13,,TBER,
51007497,RE,70031,2025/25534,2025-04-09,2025-04-16,NVK,16372.15,2728.69,2025-04-23,,TBER,
51007499,RE,70022,2025/19508,2025-04-11,2025-04-18,NVK,41919.26,6986.54,2025-05-11,,TBER,
51007500,RE,70023,F-047535,2025-04-12,2025-04-18,NVK,51427.96,8571.33,2025-05-12,,TBER,
51007502,RE,70016,INV-2025-57285,2025-04-18,2025-04-21,NVK,18652.80,3108.80,2025-06-02,,MHAL,
51007503,RE,70033,0006971,2025-04-16,2025-04-21,NVK,33944.88,5657.48,2025-05-16,,TBER,
51007505,RE,70060,INV-2025-55002,2025-04-16,2025-04-21,NVK,134512.38,22418.73,2025-05-16,,TBER,
51007506,RE,70041,R/31622/25,2025-04-17,2025-04-22,NVK,49959.16,8326.53,2025-05-17,,MHAL,e-invoice
51007508,RE,70061,R/15123/25,2025-04-18,2025-04-22,NVK,14323.50,2387.25,2025-05-02,,TBER,
51007509,RE,70032,F-37924,2025-03-23,2025-04-22,NVK,5520.00,920.00,2025-04-22,,TBER,
51007511,RE,70013,2025/37790,2025-04-17,2025-04-23,NVK,166952.44,27825.41,2025-05-17,,TBER,
51007512,RE,70016,INV-2025-57318,2025-04-23,2025-04-28,NVK,18794.16,3132.36,2025-06-07,,TBER,
51007513,RE,70041,R/31666/25,2025-04-24,2025-04-28,NVK,9552.91,1592.15,2025-05-24,,TBER,
51007514,RE,70043,F-014151,2025-04-22,2025-04-28,NVK,273882.65,45647.11,2025-05-22,,TBER,
51007515,RE,70022,2025/19599,2025-04-24,2025-04-28,NVK,30600.00,5100.00,2025-05-24,,TBER,
51007516,RE,79001,MSC90053526,2025-04-27,2025-04-29,EUR,125535.72,0.00,2025-06-26,,TBER,
51007517,RE,70014,F-005317,2025-04-25,2025-04-29,NVK,38448.00,6408.00,2025-05-09,,MHAL,
51007518,RE,70032,F-038135,2025-04-23,2025-04-30,NVK,5658.00,943.00,2025-05-23,,TBER,
51007520,RE,70043,F-014192,2025-04-28,2025-04-30,NVK,155895.41,25982.57,2025-05-28,,TBER,
51007521,RE,79001, MSC90053540,2025-04-29,2025-05-01,EUR,72504.96,0.00,2025-06-28,,TBER,
51007522,RE,70015,0014422,2025-04-24,2025-05-01,NVK,129508.37,21584.73,2025-05-24,,TBER,scan 2
51007524,RE,70068,F-049544,2025-04-28,2025-05-01,NVK,71120.17,11853.36,2025-05-28,,TBER,
51007526,RE,70022,2025/19629,2025-04-29,2025-05-05,NVK,4176.00,696.00,2025-05-29,,TBER,
51007527,RE,70055,INV-2025-25493,2025-05-03,2025-05-05,NVK,9360.00,1560.00,2025-06-02,,TBER,
51007529,RE,70016,INV-2025-57385,2025-05-03,2025-05-06,NVK,33912.86,5652.14,2025-06-17,,MHAL,
51007531,RE,70032,F-038213,2025-05-04,2025-05-06,NVK,10652.69,1775.45,2025-06-03,,MHAL,
51007533,KG,70031,2025/25703,2025-05-04,2025-05-07,NVK,659.28,109.88,2025-05-18,,TBER,
51007534,RE,79001,MSC90053574,2025-05-04,2025-05-08,EUR,43802.16,0.00,2025-07-03,,TBER,
51007536,RE,70014,F-005362 ,2025-05-02,2025-05-08,NVK,78994.01,13165.67,2025-05-16,,TBER,
51007537,RE,70051,R/44976/25,2025-05-02,2025-05-08,NVK,103200.00,17200.00,2025-05-16,,TBER,
51007539,RE,70016,INV-2025-57386,2025-05-03,2025-05-09,NVK,5145.60,857.60,2025-06-17,,JKOV,orig. by post
51007541,RE,70022,2025/19666,2025-05-04,2025-05-09,NVK,98104.46,16350.74,2025-06-03,,MHAL,
51007543,RE,70013,2025/37910,2025-05-05,2025-05-09,NVK,65706.26,10951.04,2025-06-04,,TBER,
51007544,RE,70052,2025/55374,2025-05-04,2025-05-09,NVK,12729.18,2121.53,2025-05-18,,TBER,
51007546,KG,70016,INV-2025-57412,2025-05-06,2025-05-12,NVK,1416.00,236.00,2025-06-20,,TBER,
51007547,RE,70014,F-005385,2025-05-05,2025-05-12,NVK,66801.72,11133.62,2025-05-19,,TBER,
51007548,RE,70041,R/31735/25,2025-05-04,2025-05-12,NVK,23039.38,3839.90,2025-06-03,,TBER,
51007549,RE,70043,F-014265,2025-05-08,2025-05-12,NVK,343746.02,57291.00,2025-06-07,,TBER,
51007550,RE,70054,F-045941,2025-05-08,2025-05-12,NVK,49800.00,8300.00,2025-05-22,,JKOV,scan 2
51007551,RE,70056,R/18635/25,2025-05-04,2025-05-12,NVK,14880.00,2480.00,2025-06-03,,TBER,
51007552,RE,70059,0043277,2025-05-08,2025-05-12,NVK,44605.54,7434.26,2025-06-07,,TBER,
51007554,RE,70043,F-014269,2025-05-09,2025-05-13,NVK,33293.83,5548.97,2025-06-08,,TBER,
51007555,RE,70053,0061168,2025-05-08,2025-05-13,NVK,8037.96,1339.66,2025-05-22,,TBER,e-invoice
51007556,RE,79001,MSC90053619,2025-05-11,2025-05-14,EUR,187429.92,0.00,2025-07-10,,TBER,
51007558,RE,70025,INV-2025-29098,2025-05-10,2025-05-15,EUR,19124.63,0.00,2025-06-09,,MHAL,
51007560,RE,70062,2025/59024,2025-05-12,2025-05-15,NVK,58194.18,9699.03,2025-05-26,,MHAL,
51007562,RE,70066,R/43364/25,2025-05-12,2025-05-15,NVK,26322.10,4387.02,2025-06-11,,TBER,orig. by post
51007564,RE,70043,F-014301,2025-05-13,2025-05-16,NVK,355800.19,59300.03,2025-06-12,,TBER,via requester
51007566,KG,70022,2025/19729,2025-05-13,2025-05-19,NVK,8535.74,1422.62,2025-06-12,,TBER,
51007567,RE,70033,0007145,2025-05-10,2025-05-19,NVK,18312.00,3052.00,2025-06-09,,MHAL,
51007569,RE,70016,INV-2025-57452,2025-05-12,2025-05-19,NVK,121523.76,20253.96,2025-06-26,,TBER,
51007571,RE,70023,F-047747,2025-05-13,2025-05-19,NVK,107280.00,17880.00,2025-06-12,,JKOV,
51007572,RE,70032,F-038298,2025-05-16,2025-05-21,NVK,5446.27,907.71,2025-06-15,,TBER,
51007574,RE,70012,R/27060/25,2025-05-17,2025-05-21,NVK,42709.88,7118.31,2025-06-16,,JKOV,
51007576,RE,70023,F-047768,2025-05-16,2025-05-21,NVK,122390.28,20398.38,2025-06-15,,TBER,
51007578,RE,70023,F-047773,2025-05-16,2025-05-22,NVK,27547.20,4591.20,2025-06-15,,TBER,
51007579,RE,70026, R/27003/25,2025-05-21,2025-05-22,NVK,35304.00,5884.00,2025-05-21,,TBER,
51007581,RE,70014,F-005489,2025-05-20,2025-05-23,NVK,30197.70,5032.95,2025-06-03,,TBER,pdf by mail
51007583,RE,70016, INV-2025-57508,2025-05-20,2025-05-26,NVK,30051.65,5008.61,2025-07-04,,TBER,
51007585,RE,70011,INV-2025-23988,2025-05-19,2025-05-26,NVK,178963.08,29827.18,2025-06-18,,TBER,
51007587,RE,70041,R/31844/25,2025-05-19,2025-05-26,NVK,127176.00,21196.00,2025-06-18,,TBER,
51007588,RE,70066,R/43410/25,2025-05-19,2025-05-26,NVK,17370.89,2895.15,2025-06-18,,TBER,scan 2
51007589,RE,70032,F-038348,2025-05-23,2025-05-27,NVK,3499.10,583.18,2025-06-22,,TBER,
51007591,RE,70012,R/27117/25 ,2025-05-25,2025-05-27,NVK,22837.25,3806.21,2025-06-24,,MHAL,
51007593,RE,70025,INV-2025-29165,2025-05-20,2025-05-27,EUR,3234.00,0.00,2025-06-19,,TBER,
51007594,RE,70013,2025/38043,2025-05-24,2025-05-27,NVK,61427.78,10237.96,2025-06-23,,TBER,
51007596,RE,70021,R/59706/25,2025-05-23,2025-05-27,NVK,86040.00,14340.00,2025-06-22,,TBER,
51007598,RE,70013,2025/38049,2025-05-24,2025-05-28,NVK,67080.00,11180.00,2025-06-23,,TBER,
51007599,KG,70041,R/31916/25,2025-05-29,2025-06-02,NVK,3957.60,659.60,2025-06-28,,MHAL,
51007600,RE,70045,INV-2025-10840,2025-05-29,2025-06-02,NVK,194468.78,32411.46,2025-06-28,,MHAL,
51007601,RE,79001,MSC90053752,2025-05-30,2025-06-02,EUR,19928.64,0.00,2025-07-29,,JKOV,via requester
51007602,RE,70063,F-014049,2025-05-29,2025-06-02,NVK,49560.26,8260.04,2025-06-28,,TBER,
51007604,RE,79001,MSC90053756,2025-05-30,2025-06-03,EUR,182926.08,0.00,2025-07-29,,TBER,
51007605,RE,79001,MSC90053748,2025-05-29,2025-06-03,EUR,346965.84,0.00,2025-07-28,,TBER,
51007606,RE,70013,2025/38104,2025-06-01,2025-06-03,NVK,103978.38,17329.73,2025-07-01,,TBER,
51007607,RE,79001,MSC90053772,2025-06-02,2025-06-04,EUR,2326.08,0.00,2025-08-01,,TBER,
51007609,RE,70056,R/18848/25,2025-06-03,2025-06-04,NVK,14880.00,2480.00,2025-07-03,,TBER,
51007611,RE,70066,R/43530/25,2025-06-05,2025-06-06,NVK,12066.12,2011.02,2025-07-05,,TBER,
51007613,RE,70012,R/27195/25,2025-06-05,2025-06-09,NVK,566.40,94.40,2025-07-05,,TBER,
51007615,RE,70025,INV-2025-29277,2025-06-05,2025-06-09,EUR,22081.80,0.00,2025-07-05,,TBER,
51007617,RE,70051,R/45207/25,2025-06-04,2025-06-09,NVK,103200.00,17200.00,2025-06-18,,TBER,scan 2
51007619,RE,70053,0061358,2025-06-05,2025-06-09,NVK,8724.70,1454.12,2025-06-19,,TBER,
51007621,RE,70054,F-046136,2025-06-04,2025-06-09,NVK,49800.00,8300.00,2025-06-18,,TBER,
51007623,RE,70055,INV-2025-25701,2025-06-02,2025-06-09,NVK,9360.00,1560.00,2025-07-02,,TBER,
51007625,RE,70057,2025/18161,2025-06-02,2025-06-09,NVK,99228.61,16538.10,2025-07-02,,TBER,
51007626,RE,70011,INV-2025-24131,2025-06-09,2025-06-11,NVK,166157.21,27692.87,2025-07-09,,TBER,
51007627,RE,70033,0007325,2025-06-05,2025-06-12,NVK,31337.93,5222.99,2025-07-05,,TBER,
51007628,RE,79001, MSC90053841,2025-06-11,2025-06-16,EUR,360747.84,0.00,2025-08-10,,TBER,
51007629,RE,70033,0007364,2025-06-11,2025-06-16,NVK,21096.00,3516.00,2025-07-11,,JKOV,
51007631,RE,70052,2025/55625,2025-06-09,2025-06-16,NVK,21857.65,3642.94,2025-06-23,,TBER,
51007632,RE,79001,MSC90053851,2025-06-13,2025-06-18,EUR,9744.48,0.00,2025-08-12,,TBER,
51007634,RE,70034,INV-2025-33438 ,2025-06-14,2025-06-18,NVK,12672.00,2112.00,2025-07-14,,MHAL,
51007635,RE,70062,2025/59265,2025-06-16,2025-06-19,NVK,32179.52,5363.25,2025-06-30,,TBER,
51007636,RE,70066,R/43613/25,2025-06-17,2025-06-19,NVK,35761.04,5960.17,2025-07-17,,TBER,
51007637,RE,70068,F-049885,2025-06-16,2025-06-19,NVK,77045.86,12840.98,2025-07-16,,TBER,
51007639,KG,70016,INV-2025-57706,2025-06-17,2025-06-23,NVK,5664.00,944.00,2025-08-01,,TBER,
51007640,RE,79001,MSC90053896,2025-06-19,2025-06-23,EUR,17563.56,0.00,2025-08-18,,TBER,
51007641,RE,70021,R/59887/25,2025-06-18,2025-06-23,NVK,36704.28,6117.38,2025-07-18,,TBER,
51007642,RE,70031,2025/26023,2025-06-18,2025-06-23,NVK,14443.18,2407.20,2025-07-02,,TBER,pdf by mail
51007643,RE,70058,F-020428,2025-06-18,2025-06-23,NVK,81502.51,13583.75,2025-07-18,,MHAL,
51007644,RE,70064,0023276,2025-06-18,2025-06-23,NVK,6649.51,1108.25,2025-07-02,,TBER,
51007645,RE,79001,MSC90053913,2025-06-22,2025-06-24,EUR,56830.44,0.00,2025-08-21,,TBER,
51007647,RE,70013,2025/38237,2025-06-20,2025-06-24,NVK,73800.00,12300.00,2025-07-20,,MHAL,
51007648,RE,70041,R/32053/25,2025-06-18,2025-06-25,NVK,150722.64,25120.44,2025-07-18,,JKOV,
51007649,RE,70034,INV-2025-33470,2025-06-19,2025-06-25,NVK,13349.88,2224.98,2025-07-19,,TBER,
51007650,RE,70034,INV-2025-33488,2025-06-22,2025-06-26,NVK,4224.53,704.09,2025-07-22,,TBER,
51007651,RE,70043,F-014591,2025-06-24,2025-06-26,NVK,233243.69,38873.95,2025-07-24,,TBER,
51007652,KG,70032,F-038550,2025-06-21,2025-06-27,NVK,1249.68,208.28,2025-07-21,,TBER,pdf by mail
E25-00002,RE,70063,F-014274,2025-06-30,2025-07-01,NVK,179906.34,29984.39,2025-07-30,,MHAL,
E25-00004,RE,70059,0043621,2025-06-26,2025-07-02,NVK,17847.40,2974.57,2025-07-26,,TBER,
E25-00006,RE,70032,F-038608,2025-06-29,2025-07-03,NVK,8058.77,1343.13,2025-07-29,,TBER,
E25-00007,RE,70063,F-014271,2025-06-30,2025-07-04,NVK,59899.44,9983.24,2025-07-30,,TBER,
E25-00008,RE,70034,INV-2025-33550,2025-06-30,2025-07-07,NVK,12146.35,2024.39,2025-07-30,,TBER,
E25-00010,RE,70045,INV-2025-11082,2025-07-03,2025-07-07,NVK,72121.90,12020.32,2025-08-02,,TBER,
E25-00012,RE,70013,2025/38321,2025-07-02,2025-07-07,NVK,106863.89,17810.65,2025-08-01,,TBER,
E25-00014,RE,70015,0014922,2025-07-05,2025-07-07,NVK,51678.00,8613.00,2025-08-04,,TBER,
E25-00015,RE,70052,2025/55791,2025-07-03,2025-07-07,NVK,21443.21,3573.87,2025-07-17,,TBER,
E25-00017,RE,70011,INV-2025-24285,2025-07-01,2025-07-08,NVK,146803.25,24467.21,2025-07-31,,TBER,
E25-00018,RE,70053,0061571,2025-07-05,2025-07-08,NVK,7891.92,1315.32,2025-07-19,,MHAL,
E25-00019,RE,79001,MSC90054003,2025-07-05,2025-07-09,EUR,4456.80,0.00,2025-09-03,,TBER,
E25-00020,RE,70057,2025/18373,2025-07-03,2025-07-09,NVK,71071.27,11845.21,2025-08-02,,TBER,
E25-00021,RE,79001,MSC90054010,2025-07-06,2025-07-10,EUR,2023.56,0.00,2025-09-04,,TBER,
E25-00022,RE,79001,MSC90054025,2025-07-08,2025-07-10,EUR,48639.36,0.00,2025-09-06,,TBER,
E25-00023,RE,70054,F-046376,2025-07-09,2025-07-10,NVK,49800.00,8300.00,2025-07-23,,MHAL,scan 2
E25-00024,RE,70055,INV-2025-25933,2025-07-05,2025-07-10,NVK,9360.00,1560.00,2025-08-04,,TBER,
E25-00026,RE,70063,F-014337,2025-07-09,2025-07-10,NVK,115341.41,19223.57,2025-08-08,,TBER,
E25-00028,RE,70045,INV-2025-11119,2025-07-08,2025-07-11,NVK,5136.00,856.00,2025-08-07,,TBER,
E25-00029,RE,70051,R/45427/25,2025-07-05,2025-07-11,NVK,103200.00,17200.00,2025-07-19,,TBER,
E25-00030,RE,70056,R/19098/25,2025-07-09,2025-07-11,NVK,14880.00,2480.00,2025-08-08,,JKOV,
E25-00031,RE,79001,MSC90054046,2025-07-11,2025-07-14,EUR,13977.12,0.00,2025-09-09,,TBER,
E25-00032,KG,70034,INV-2025-33590,2025-07-06,2025-07-14,NVK,1536.19,256.03,2025-08-05,,TBER,
E25-00034,KG,70043,F-014720,2025-07-12,2025-07-14,NVK,130.31,21.72,2025-08-11,,MHAL,
E25-00036,RE,70024,0018515,2025-07-07,2025-07-14,EUR,2148.36,0.00,2025-08-06,,TBER,
E25-00038,RE,70022,2025/20117,2025-07-07,2025-07-14,NVK,83302.51,13883.75,2025-08-06,,TBER,
E25-00039,KG,70033,0007560,2025-07-09,2025-07-15,NVK,3312.00,552.00,2025-08-08,,TBER,
E25-00041,RE,70043,F-014688,2025-07-08,2025-07-15,NVK,105423.53,17570.59,2025-08-07,,TBER,
E25-00043,RE,70013,2025/38364,2025-07-08,2025-07-15,NVK,62029.80,10338.30,2025-08-07,,TBER,
E25-00044,KG,70031,2025/26177,2025-07-10,2025-07-16,NVK,2498.21,416.37,2025-07-24,,TBER,
E25-00046,RE,79001,MSC90054063,2025-07-13,2025-07-16,EUR,61959.36,0.00,2025-09-11,,JKOV,
E25-00047,RE,70034,INV-2025-33629,2025-07-12,2025-07-17,NVK,5376.67,896.11,2025-08-11,,TBER,
E25-00048,KG,70034,INV-2025-33669,2025-07-17,2025-07-21,NVK,2268.00,378.00,2025-08-16,,TBER,
E25-00050,RE,70025,INV-2025-29562,2025-07-15,2025-07-21,EUR,13052.95,0.00,2025-08-14,,TBER,
E25-00051,RE,70021,R/60081/25 ,2025-07-16,2025-07-22,NVK,89696.76,14949.46,2025-08-15,,TBER,
E25-00053,RE,79001,MSC90054119,2025-07-21,2025-07-23,EUR,212644.92,0.00,2025-09-19,,TBER,
E25-00055,RE,70015,0015050,2025-07-23,2025-07-25,NVK,133517.23,22252.87,2025-08-22,,TBER,
E25-00056,RE,79001,MSC90054124,2025-07-22,2025-07-28,EUR,147331.20,0.00,2025-09-20,,TBER,
E25-00058,RE,70013,2025/38460,2025-07-22,2025-07-28,NVK,15678.96,2613.16,2025-08-21,,TBER,
E25-00060,RE,70015,0015027,2025-07-20,2025-07-28,NVK,29640.60,4940.10,2025-08-19,,JKOV,
E25-00062,RE,79001,MSC90054128 ,2025-07-22,2025-07-28,EUR,231590.32,0.00,2025-09-20,,TBER,
E25-00064,RE,70057,2025/18501,2025-07-21,2025-07-28,NVK,21664.10,3610.68,2025-08-20,,TBER,
E25-00066,RE,70024,0018620,2025-07-22,2025-07-29,EUR,5996.12,0.00,2025-08-21,,TBER,
E25-00068,RE,70041,R/32316/25,2025-07-26,2025-07-29,NVK,49395.97,8232.66,2025-08-25,,TBER,
E25-00070,RE,79001,MSC90054172,2025-07-29,2025-07-31,EUR,99942.90,0.00,2025-09-27,,TBER,
E25-00072,RE,70032,F-038817,2025-07-29,2025-07-31,NVK,14438.57,2406.43,2025-08-28,,TBER,
E25-00074,RE,70032,F-038820,2025-07-29,2025-08-04,NVK,4599.58,766.60,2025-08-28,,TBER,
E25-00076,KG,70015,0015108,2025-07-31,2025-08-04,NVK,10692.00,1782.00,2025-08-30,,TBER,
E25-00078,RE,70015,0015106,2025-07-31,2025-08-04,NVK,3943.80,657.30,2025-08-30,,TBER,
E25-00080,RE,70032,F-038809,2025-07-28,2025-08-04,NVK,6847.87,1141.31,2025-08-27,,TBER,
E25-00082,RE,70025,INV-2025-29649,2025-07-28,2025-08-04,EUR,23645.61,0.00,2025-08-27,,TBER,
E25-00084,RE,70022,2025/20310,2025-08-04,2025-08-06,NVK,8352.00,1392.00,2025-09-03,,TBER,
E25-00086,RE,70015,0015125,2025-08-03,2025-08-06,NVK,71613.25,11935.54,2025-09-02,,TBER,
E25-00088,RE,70043,F-014886,2025-08-05,2025-08-07,NVK,188041.88,31340.31,2025-09-04,,TBER,
E25-00090,RE,70052,2025/56010,2025-08-03,2025-08-08,NVK,23345.95,3890.99,2025-08-17,,TBER,
E25-00092,RE,70053,0061767,2025-08-02,2025-08-08,NVK,7625.29,1270.88,2025-08-16,,TBER,
E25-00093,KG,70034,INV-2025-33812,2025-08-07,2025-08-11,NVK,768.10,128.02,2025-09-06,,MHAL,
E25-00095,RE,70024,0018706,2025-08-04,2025-08-11,EUR,3006.13,0.00,2025-09-03,,TBER,
E25-00097,RE,79001,MSC90054242,2025-08-08,2025-08-11,EUR,27425.58,0.00,2025-10-07,,MHAL,
E25-00098,RE,70043,F-014893,2025-08-06,2025-08-11,NVK,371585.02,61930.84,2025-09-05,,TBER,
E25-00100,RE,70041,R/32395/25,2025-08-06,2025-08-11,NVK,45076.08,7512.68,2025-09-05,,TBER,
E25-00102,RE,70054,F-046571,2025-08-06,2025-08-11,NVK,49800.00,8300.00,2025-08-20,,TBER,e-invoice
E25-00104,RE,70055,INV-2025-26158,2025-08-06,2025-08-11,NVK,9360.00,1560.00,2025-09-05,,TBER,
E25-00106,RE,70056,R/19296/25,2025-08-06,2025-08-11,NVK,14880.00,2480.00,2025-09-05,,TBER,
E25-00107,RE,70059,0043908,2025-08-06,2025-08-12,NVK,10254.35,1709.06,2025-09-05,,TBER,
E25-00109,RE,70013,2025/38585,2025-08-09,2025-08-13,NVK,117010.74,19501.79,2025-09-08,,TBER,
E25-00111,RE,79001,MSC90054245,2025-08-08,2025-08-13,EUR,65618.24,0.00,2025-10-07,,TBER,
E25-00113,RE,70051,R/45672/25,2025-08-09,2025-08-13,NVK,103200.00,17200.00,2025-08-23,,TBER,via requester
E25-00115,RE,70062,2025/59657,2025-08-11,2025-08-13,NVK,57420.01,9570.00,2025-08-25,,TBER,
E25-00116,RE,70043,F-014922,2025-08-10,2025-08-14,EUR,21960.00,3660.00,2025-09-09,,MHAL,
E25-00118,RE,70032,F-038889,2025-08-08,2025-08-15,NVK,1902.89,317.15,2025-09-07,,TBER,
E25-00120,RE,79001,MSC90054283,2025-08-14,2025-08-18,EUR,6310.80,0.00,2025-10-13,,TBER,
E25-00122,RE,70043, F-014923,2025-08-10,2025-08-18,NVK,286176.00,47696.00,2025-09-09,,MHAL,
E25-00124,RE,70043,F-014953,2025-08-15,2025-08-18,NVK,284299.63,47383.27,2025-09-14,,TBER,
E25-00126,RE,70013,2025/38646,2025-08-18,2025-08-20,NVK,96081.37,16013.56,2025-09-17,,TBER,
E25-00128,RE,70024,0018819,2025-08-20,2025-08-22,EUR,3240.60,0.00,2025-09-19,,MHAL,
E25-00130,RE,79001,MSC90054324,2025-08-19,2025-08-22,EUR,262681.46,0.00,2025-10-18,,TBER,
E25-00132,RE,70024,0018844,2025-08-23,2025-08-25,EUR,3753.96,0.00,2025-09-22,,DPET,
E25-00134,RE,79001,MSC90054318,2025-08-19,2025-08-25,EUR,83051.83,0.00,2025-10-18,,TBER,
E25-00136,RE,70064,0023702,2025-08-18,2025-08-25,NVK,10084.74,1680.79,2025-09-01,,TBER,pdf by mail
E25-00138,RE,79001,MSC90054348,2025-08-23,2025-08-26,EUR,265730.33,0.00,2025-10-22,,TBER,
E25-00140,RE,79001,MSC90054350,2025-08-23,2025-08-27,EUR,26533.20,0.00,2025-10-22,,TBER,
E25-00141,RE,70013,2025/38676,2025-08-22,2025-08-27,NVK,7362.43,1227.07,2025-09-21,,TBER,
E25-00143,RE,70022,2025/20439,2025-08-22,2025-08-28,NVK,43993.50,7332.25,2025-09-21,,TBER,
E25-00144,RE,70062,2025/59772,2025-08-27,2025-08-28,NVK,45129.65,7521.61,2025-09-10,,TBER,
E25-00145,RE,70044,0021331,2025-08-27,2025-08-28,NVK,15360.00,2560.00,2025-08-27,,TBER,
E25-00147,RE,70015,0015278,2025-08-25,2025-08-29,NVK,61340.40,10223.40,2025-09-24,,MHAL,
E25-00149,RE,70011,INV-2025-24678,2025-08-26,2025-08-29,NVK,23702.30,3950.38,2025-09-25,,DPET,
E25-00151,RE,70022,2025/20473,2025-08-27,2025-09-01,NVK,98681.76,16446.96,2025-09-26,,TBER,
E25-00152,RE,70061,R/16034/25,2025-08-26,2025-09-01,NVK,4861.86,810.31,2025-09-09,,TBER,
E25-00154,RE,70012,R/27788/25 ,2025-08-29,2025-09-02,NVK,43680.00,7280.00,2025-09-28,,MHAL,
E25-00156,RE,70041,R/32562/25 ,2025-08-30,2025-09-03,NVK,177250.74,29541.79,2025-09-29,,MHAL,
E25-00157,RE,70065,INV-2025-39002,2025-09-01,2025-09-03,NVK,27108.95,4518.16,2025-10-01,,TBER,
E25-00159,RE,79001,MSC90054448,2025-09-06,2025-09-08,EUR,71875.20,0.00,2025-11-05,,DPET,
E25-00161,RE,79001,MSC90054428,2025-09-03,2025-09-08,EUR,89765.72,0.00,2025-11-02,,TBER,
E25-00162,RE,70053,0061990,2025-09-03,2025-09-08,NVK,7695.49,1282.58,2025-09-17,,TBER,
E25-00164,RE,70059,0044116,2025-09-05,2025-09-08,NVK,24692.89,4115.48,2025-10-05,,MHAL,
E25-00165,RE,70055,INV-2025-26377,2025-09-06,2025-09-09,NVK,9360.00,1560.00,2025-10-06,,TBER,
E25-00166,RE,70056,R/19492/25,2025-09-03,2025-09-09,NVK,14880.00,2480.00,2025-10-03,,MHAL,
E25-00167,RE,70015,0015356,2025-09-05,2025-09-09,NVK,81432.00,13572.00,2025-10-05,,TBER,
E25-00168,RE,70051,R/45880/25,2025-09-08,2025-09-10,NVK,103200.00,17200.00,2025-09-22,,TBER,
E25-00169,RE,70054,F-046793,2025-09-06,2025-09-11,NVK,49800.00,8300.00,2025-09-20,,TBER,
E25-00170,RE,70052,2025/56254,2025-09-07,2025-09-12,NVK,17786.48,2964.41,2025-09-21,,TBER,
E25-00172,RE,70058,F-021002,2025-09-08,2025-09-12,NVK,111840.14,18640.02,2025-10-08,,TBER,
E25-00174,RE,79001,MSC90054481,2025-09-11,2025-09-15,EUR,3055.92,0.00,2025-11-10,,TBER,
E25-00176,RE,70013,2025/38805,2025-09-09,2025-09-15,NVK,46105.20,7684.20,2025-10-09,,TBER,
E25-00178,RE,70034,INV-2025-34026,2025-09-06,2025-09-15,NVK,11110.80,1851.80,2025-10-06,,TBER,
E25-00180,RE,79001,MSC90054482,2025-09-11,2025-09-15,EUR,214248.05,0.00,2025-11-10,,TBER,scan 2
E25-00181,RE,70023,F-048596,2025-09-11,2025-09-15,NVK,54236.04,9039.34,2025-10-11,,TBER,pdf by mail
E25-00182,RE,70023,F-048604,2025-09-12,2025-09-16,NVK,27033.60,4505.60,2025-10-12,,TBER,urgent
E25-00183,RE,79001,MSC90054516,2025-09-16,2025-09-18,EUR,163489.18,0.00,2025-11-15,,TBER,
E25-00184,RE,70045,INV-2025-11577,2025-09-11,2025-09-18,NVK,75422.21,12570.37,2025-10-11,,MHAL,orig. by post
E25-00186,RE,79001,MSC90054522,2025-09-17,2025-09-19,EUR,50382.72,0.00,2025-11-16,,TBER,
E25-00188,RE,70023,F-048621,2025-09-15,2025-09-19,NVK,53640.00,8940.00,2025-10-15,,TBER,
E25-00190,RE,70012,R/27905/25,2025-09-15,2025-09-22,NVK,91474.73,15245.79,2025-10-15,,TBER,
E25-00191,RE,79001,MSC90054528,2025-09-18,2025-09-22,EUR,106049.14,0.00,2025-11-17,,TBER,
E25-00192,RE,70031,2025/26670,2025-09-19,2025-09-22,NVK,17983.20,2997.20,2025-10-03,,TBER,
E25-00194,RE,70011,INV-2025-24827,2025-09-16,2025-09-23,NVK,222068.05,37011.34,2025-10-16,,TBER,
E25-00196,RE,70023,F-048676,2025-09-22,2025-09-24,NVK,36495.36,6082.56,2025-10-22,,TBER,
E25-00197,RE,70058,F-021112,2025-09-23,2025-09-24,NVK,116234.57,19372.43,2025-10-23,,TBER,
E25-00198,RE,70022,2025/20642,2025-09-20,2025-09-25,NVK,109339.87,18223.31,2025-10-20,,TBER,
E25-00200,RE,70011,INV-2025-24876,2025-09-23,2025-09-26,NVK,46215.65,7702.61,2025-10-23,,TBER,
E25-00201,RE,70063,F-014867,2025-09-23,2025-09-26,NVK,154747.22,25791.20,2025-10-23,,TBER,
E25-00203,RE,79001,MSC90054583,2025-09-25,2025-09-29,EUR,129687.00,0.00,2025-11-24,,TBER,
E25-00205,KG,70041,R/32738/25,2025-09-24,2025-09-29,NVK,11040.00,1840.00,2025-10-24,,TBER,
E25-00207,RE,79001,MSC90054567,2025-09-23,2025-09-29,EUR,15372.48,0.00,2025-11-22,,TBER,
E25-00209,RE,79001,MSC90054585,2025-09-26,2025-09-30,EUR,22964.72,0.00,2025-11-25,,TBER,
E25-00211,RE,70012,R/27979/25,2025-09-25,2025-09-30,NVK,79699.63,13283.27,2025-10-25,,TBER,
E25-00213,RE,79001,MSC90054599,2025-09-28,2025-10-01,EUR,22440.96,0.00,2025-11-27,,DPET,orig. by post
E25-00215,RE,70013,2025/38909,2025-09-24,2025-10-01,NVK,59040.48,9840.08,2025-10-24,,TBER,
E25-00216,RE,70011,INV-2025-24921,2025-09-29,2025-10-03,NVK,289389.36,48231.56,2025-10-29,,TBER,
E25-00218,RE,79001,MSC90054622,2025-10-01,2025-10-03,EUR,72508.64,0.00,2025-11-30,,TBER,
E25-00220,RE,79001,MSC90054621,2025-10-01,2025-10-03,EUR,92323.20,0.00,2025-11-30,,TBER,
E25-00221,RE,79001, MSC90054611,2025-09-29,2025-10-06,EUR,33098.60,0.00,2025-11-28,,TBER,
E25-00222,RE,79001,MSC90054619 ,2025-10-01,2025-10-06,EUR,27282.00,0.00,2025-11-30,,TBER,
E25-00223,RE,70011,INV-2025-24933,2025-10-01,2025-10-06,NVK,232027.20,38671.20,2025-10-31,,TBER,
E25-00225,RE,70055,INV-2025-26579,2025-10-05,2025-10-07,NVK,9360.00,1560.00,2025-11-04,,TBER,
E25-00227,RE,70012,R/28034/25,2025-10-03,2025-10-07,NVK,45312.00,7552.00,2025-11-02,,TBER,
E25-00229,RE,70016,INV-2025-58455,2025-10-02,2025-10-08,NVK,41185.63,6864.27,2025-11-16,,TBER,
E25-00231,RE,70051,R/46059/25,2025-10-04,2025-10-08,NVK,103200.00,17200.00,2025-10-18,,TBER,
E25-00232,RE,79001,MSC90054651,2025-10-05,2025-10-09,EUR,230408.80,0.00,2025-12-04,,TBER,
E25-00233,RE,70021,R/60651/25,2025-10-05,2025-10-09,NVK,42550.08,7091.68,2025-11-04,,TBER,
E25-00235,RE,70052,2025/56466,2025-10-07,2025-10-09,NVK,21519.89,3586.65,2025-10-21,,TBER,orig. by post
E25-00237,RE,70053,0062203,2025-10-03,2025-10-09,NVK,8645.70,1440.95,2025-10-17,,DPET,
E25-00239,RE,70054,F-046985,2025-10-04,2025-10-09,NVK,49800.00,8300.00,2025-10-18,,MHAL,
E25-00241,RE,70031,2025/26796,2025-10-07,2025-10-10,NVK,16809.07,2801.51,2025-10-21,,TBER,
E25-00242,RE,70021,R/60661/25,2025-10-07,2025-10-13,NVK,14100.00,2350.00,2025-11-06,,TBER,
E25-00244,RE,70011,INV-2025-24986,2025-10-09,2025-10-13,NVK,279547.37,46591.23,2025-11-08,,TBER,
E25-00246,RE,70041,R/32838/25,2025-10-08,2025-10-13,NVK,165090.01,27515.00,2025-11-07,,TBER,
E25-00248,RE,70015,0015577,2025-10-06,2025-10-13,NVK,48304.93,8050.82,2025-11-05,,MHAL,
E25-00250,RE,70056,R/19743/25,2025-10-09,2025-10-13,NVK,14880.00,2480.00,2025-11-08,,DPET,
E25-00251,RE,70064,0024044,2025-10-06,2025-10-13,NVK,4019.63,669.94,2025-10-20,,TBER,
E25-00252,RE,70060,INV-2025-56229,2025-10-08,2025-10-14,NVK,130659.11,21776.52,2025-11-07,,TBER,
E25-00254,RE,70011,INV-2025-24989,2025-10-09,2025-10-15,NVK,31404.38,5234.06,2025-11-08,,TBER,
E25-00255,RE,70026,R/28030/25,2025-10-15,2025-10-16,NVK,16848.00,2808.00,2025-10-15,,TBER,
E25-00256,RE,70011,INV-2025-24992,2025-10-10,2025-10-16,NVK,105120.00,17520.00,2025-11-09,,DPET,
E25-00258,RE,70016,INV-2025-58506,2025-10-10,2025-10-17,NVK,134807.15,22467.86,2025-11-24,,TBER,
E25-00259,RE,79001,MSC90054725,2025-10-16,2025-10-20,EUR,75575.64,0.00,2025-12-15,,TBER,
E25-00260,RE,70021,R/60710/25,2025-10-14,2025-10-20,NVK,11280.00,1880.00,2025-11-13,,DPET,
E25-00262,RE,70016,INV-2025-58536,2025-10-14,2025-10-20,NVK,58425.67,9737.61,2025-11-28,,TBER,
E25-00264,RE,70025,INV-2025-30173,2025-10-11,2025-10-20,EUR,16540.00,0.00,2025-11-10,,TBER,
E25-00266,RE,70066,R/44442/25,2025-10-13,2025-10-20,NVK,9085.91,1514.32,2025-11-12,,MHAL,
E25-00268,RE,79001,MSC90054736,2025-10-17,2025-10-21,EUR,5334.72,0.00,2025-12-16,,DPET,
E25-00270,RE,70032,F-039372,2025-10-16,2025-10-21,NVK,4739.93,789.99,2025-11-15,,TBER,
E25-00272,RE,70024,0019250,2025-10-20,2025-10-22,EUR,2812.14,0.00,2025-11-19,,TBER,
E25-00273,RE,70021,R/60743/25,2025-10-18,2025-10-24,NVK,41521.80,6920.30,2025-11-17,,TBER,
E25-00275,RE,70011,INV-2025-25051,2025-10-18,2025-10-24,NVK,19603.20,3267.20,2025-11-17,,TBER,
E25-00277,RE,79001,MSC90054765,2025-10-21,2025-10-24,EUR,134408.16,0.00,2025-12-20,,TBER,
E25-00278,RE,70022,2025/20852,2025-10-20,2025-10-24,NVK,23254.56,3875.76,2025-11-19,,TBER,
E25-00280,KG,70011,INV-2025-25095,2025-10-24,2025-10-27,NVK,2220.13,370.02,2025-11-23,,TBER,
E25-00282,RE,79001,MSC90054775,2025-10-23,2025-10-27,EUR,90504.00,0.00,2025-12-22,,MHAL,
E25-00284,RE,70022,2025/20867,2025-10-22,2025-10-27,NVK,6120.00,1020.00,2025-11-21,,TBER,
E25-00285,RE,70066,R/44491/25,2025-10-20,2025-10-27,NVK,26839.61,4473.27,2025-11-19,,TBER,
E25-00286,RE,70013,2025/39118,2025-10-24,2025-10-28,NVK,23040.00,3840.00,2025-11-23,,TBER,
E25-00288,RE,79001,MSC90054787,2025-10-25,2025-10-29,EUR,7047.46,0.00,2025-12-24,,TBER,
E25-00290,RE,70012,R/28180/25,2025-10-24,2025-10-29,NVK,215220.67,35870.11,2025-11-23,,TBER,
E25-00292,RE,70016,INV-2025-58617,2025-10-26,2025-10-30,NVK,21058.06,3509.68,2025-12-10,,TBER,
E25-00293,RE,70054,F-047192,2025-11-02,2025-11-03,NVK,49800.00,8300.00,2025-11-16,,TBER,
E25-00294,RE,70057,2025/19203,2025-10-29,2025-11-03,NVK,97548.64,16258.11,2025-11-28,,TBER,
E25-00295,RE,70021,R/60833/25,2025-10-31,2025-11-04,NVK,66088.87,11014.81,2025-11-30,,TBER,scan 2
E25-00296,RE,70011,INV202524992,2025-10-10,2025-11-05,NVK,105120.00,17520.00,2025-11-09,,TBER,
E25-00297,RE,70021,R/60860/25,2025-11-04,2025-11-06,NVK,76078.08,12679.68,2025-12-04,,MHAL,
E25-00299,RE,70012,R/28240/25,2025-11-02,2025-11-07,NVK,67804.80,11300.80,2025-12-02,,TBER,
E25-00300,RE,70051,R/46263/25,2025-11-02,2025-11-07,NVK,103200.00,17200.00,2025-11-16,,TBER,
E25-00301,RE,70053,0062434,2025-11-05,2025-11-07,NVK,8573.92,1428.99,2025-11-19,,TBER,
E25-00303,RE,70011,INV-2025-25190,2025-11-07,2025-11-10,NVK,17755.80,2959.30,2025-12-07,,MHAL,
E25-00305,RE,70011,INV-2025-25194,2025-11-07,2025-11-10,NVK,99446.40,16574.40,2025-12-07,,TBER,
E25-00307,RE,70021,R/60877/25,2025-11-06,2025-11-10,NVK,10914.48,1819.08,2025-12-06,,TBER,
E25-00308,RE,70055, INV-2025-26812,2025-11-07,2025-11-10,NVK,9360.00,1560.00,2025-12-07,,TBER,
E25-00309,RE,70056,R/19927/25,2025-11-04,2025-11-10,NVK,14880.00,2480.00,2025-12-04,,TBER,
E25-00311,RE,70067,2025/23527,2025-11-07,2025-11-10,NVK,5895.59,982.60,2025-12-07,,TBER,scan 2
E25-00313,RE,70045,INV-2025-11969,2025-11-06,2025-11-10,NVK,143040.00,23840.00,2025-12-06,,TBER,
E25-00314,RE,70052,2025/56674,2025-11-06,2025-11-11,NVK,20510.69,3418.45,2025-11-20,,TBER,
E25-00316,RE,70042,2025/40218,2025-11-06,2025-11-12,EUR,965.00,0.00,2025-12-21,,MHAL,
E25-00318,RE,70041,R/33067/25,2025-11-10,2025-11-14,NVK,26904.00,4484.00,2025-12-10,,TBER,
E25-00320,RE,70068,F-050911,2025-11-10,2025-11-17,NVK,72040.07,12006.68,2025-12-10,,TBER,
E25-00322,RE,70045,INV-2025-12006,2025-11-12,2025-11-17,NVK,70380.00,11730.00,2025-12-12,,TBER,orig. by post
E25-00324,RE,70022,2025/21022,2025-11-14,2025-11-18,NVK,21420.00,3570.00,2025-12-14,,TBER,
E25-00326,RE,70016,INV-2025-58745,2025-11-13,2025-11-18,NVK,47841.19,7973.53,2025-12-28,,DPET,
E25-00328,RE,70014,F-006754,2025-11-16,2025-11-18,NVK,85384.20,14230.70,2025-11-30,,TBER,
E25-00330,RE,70014,F-006076,2025-08-12,2025-11-18,NVK,46080.00,7680.00,2025-08-26,,TBER,
E25-00332,RE,70016,INV-2025-58766,2025-11-16,2025-11-19,NVK,5568.82,928.14,2025-12-31,,TBER,
E25-00334,RE,79001,MSC90054943,2025-11-16,2025-11-19,EUR,65417.49,0.00,2026-01-15,,TBER,
E25-00336,RE,70060,INV-2025-56509,2025-11-17,2025-11-19,NVK,71370.12,11895.02,2025-12-17,,TBER,
E25-00337,RE,70060,INV-2025-56508,2025-11-17,2025-11-19,NVK,131020.69,21836.78,2025-12-17,,MHAL,
E25-00339,RE,79001,MSC90054936,2025-11-15,2025-11-20,EUR,85595.42,0.00,2026-01-14,,DPET,
E25-00341,RE,70021,R/60923/25,2025-11-13,2025-11-20,NVK,102360.38,17060.06,2025-12-13,,TBER,
E25-00343,RE,79001,MSC90054941,2025-11-16,2025-11-21,EUR,55328.16,0.00,2026-01-15,,TBER,
E25-00345,RE,70033,0008462,2025-11-15,2025-11-24,NVK,23031.66,3838.61,2025-12-15,,MHAL,
E25-00346,RE,70012,R/28345/25,2025-11-17,2025-11-24,NVK,95684.98,15947.50,2025-12-17,,TBER,
E25-00347,RE,70031,2025/27109,2025-11-20,2025-11-25,NVK,19151.40,3191.90,2025-12-04,,TBER,
E25-00348,RE,70011,INV-2025-25294 ,2025-11-22,2025-11-27,NVK,284770.03,47461.67,2025-12-22,,DPET,
E25-00350,RE,70014,F-006812,2025-11-25,2025-12-01,NVK,53823.46,8970.58,2025-12-09,,TBER,
E25-00351,RE,70045,INV-2025-12113,2025-11-27,2025-12-01,NVK,174161.58,29026.93,2025-12-27,,TBER,
E25-00353,RE,70042,2025/40393,2025-12-01,2025-12-03,EUR,772.00,0.00,2026-01-15,,MHAL,e-invoice
E25-00355,RE,79001,MSC90055041,2025-11-30,2025-12-03,EUR,60122.66,0.00,2026-01-29,,TBER,
E25-00357,RE,70065,INV-2025-39634,2025-12-01,2025-12-03,NVK,19166.99,3194.50,2025-12-31,,TBER,
E25-00358,RE,70032,F-039698,2025-12-02,2025-12-04,NVK,8711.52,1451.92,2026-01-01,,TBER,
E25-00359,RE,70012,R/28446/25,2025-12-01,2025-12-04,NVK,1699.20,283.20,2025-12-31,,TBER,
E25-00360,RE,70044,0022016,2025-12-03,2025-12-04,NVK,32160.00,5360.00,2025-12-03,,TBER,urgent
E25-00362,RE,70054,F-047417,2025-12-04,2025-12-05,NVK,49800.00,8300.00,2025-12-18,,TBER,
E25-00364,RE,70033,0008580,2025-12-01,2025-12-08,NVK,4606.33,767.72,2025-12-31,,TBER,
E25-00365,RE,70023,F-049182,2025-12-04,2025-12-08,NVK,108723.11,18120.52,2026-01-03,,TBER,
E25-00367,RE,70051,R/46489/25,2025-12-04,2025-12-08,NVK,103200.00,17200.00,2025-12-18,,TBER,
E25-00369,RE,70055,INV-2025-26992,2025-12-03,2025-12-08,NVK,9360.00,1560.00,2026-01-02,,TBER,
E25-00371,RE,70056,R/20131/25,2025-12-04,2025-12-08,NVK,14880.00,2480.00,2026-01-03,,TBER,
E25-00373,RE,70052,2025/56893,2025-12-07,2025-12-10,NVK,16882.73,2813.79,2025-12-21,,TBER,
E25-00375,RE,70053,0062644,2025-12-05,2025-12-10,NVK,8350.10,1391.68,2025-12-19,,TBER,
E25-00376,RE,79001,MSC90055100 ,2025-12-08,2025-12-12,EUR,13162.68,0.00,2026-02-06,,TBER,
E25-00378,RE,70045,INV-2025-12183 ,2025-12-07,2025-12-12,NVK,157764.55,26294.09,2026-01-06,,TBER,
E25-00379,RE,70041,R-33067-25,2025-11-10,2025-12-12,NVK,26904.00,4484.00,2025-12-10,,MHAL,
E25-00381,RE,79001,MSC90055097,2025-12-08,2025-12-15,EUR,20019.25,0.00,2026-02-06,,TBER,e-invoice
E25-00382,RE,70012,R/28498/25,2025-12-09,2025-12-15,NVK,1699.20,283.20,2026-01-08,,TBER,
E25-00383,RE,70041,R/33261/25,2025-12-08,2025-12-15,NVK,43617.60,7269.60,2026-01-07,,TBER,
E25-00384,RE,70025,INV-2025-30602,2025-12-11,2025-12-15,EUR,30399.87,0.00,2026-01-10,,TBER,
E25-00385,RE,70045,INV-2025-12216,2025-12-12,2025-12-15,NVK,3685.27,614.21,2026-01-11,,TBER,
E25-00387,RE,70024,0019613,2025-12-11,2025-12-18,EUR,8086.48,0.00,2026-01-10,,TBER,orig. by post
E25-00389,RE,70060,INV-2025-56701,2025-12-15,2025-12-19,NVK,40866.64,6811.11,2026-01-14,,TBER,
E25-00391,RE,70042,2025/40513,2025-12-18,2025-12-22,EUR,18322.93,0.00,2026-02-01,,TBER,
E25-00392,RE,70012,R/28539/25,2025-12-14,2025-12-22,NVK,152030.35,25338.39,2026-01-13,,TBER,
E25-00393,RE,70034,INV-2025-34727,2025-12-16,2025-12-22,NVK,4083.42,680.57,2026-01-15,,MHAL,
E25-00395,RE,70011,INV-2025-25459,2025-12-15,2025-12-22,NVK,14433.60,2405.60,2026-01-14,,TBER,
E25-00396,RE,70012,R/28536/25,2025-12-14,2025-12-22,NVK,149796.14,24966.02,2026-01-13,,TBER,
E25-00397,RE,70065,INV-2025-39734,2025-12-15,2025-12-22,NVK,29870.44,4978.41,2026-01-14,,TBER,
E25-00398,RE,70016,INV-2025-58994,2025-12-18,2025-12-23,NVK,50976.00,8496.00,2026-02-01,,TBER,
E25-00399,RE,79001,MSC90055183,2025-12-20,2025-12-23,EUR,89558.00,0.00,2026-02-18,,TBER,
E25-00401,RE,70033,0008705 ,2025-12-19,2025-12-24,NVK,4606.33,767.72,2026-01-18,,DPET,
E25-00402,RE,70041,R/33337/25,2025-12-18,2025-12-25,NVK,20598.43,3433.07,2026-01-17,,TBER,
E25-00404,RE,79001,MSC90055198,2025-12-22,2025-12-26,EUR,174727.83,0.00,2026-02-20,,TBER,
E25-00405,RE,70034,INV-2025-34771,2025-12-22,2025-12-29,NVK,2706.82,451.14,2026-01-21,,TBER,
E25-00407,RE,79001,MSC90055211,2025-12-24,2025-12-29,EUR,139951.07,0.00,2026-02-22,,TBER,
E25-00409,RE,70016,INV-2025-59039,2025-12-25,2025-12-29,NVK,35273.47,5878.91,2026-02-08,,TBER,
E25-00410,RE,70033,0008732,2025-12-23,2025-12-29,NVK,12967.80,2161.30,2026-01-22,,TBER,
E25-00411,RE,70045,INV-2025-12294,2025-12-23,2025-12-30,NVK,7704.00,1284.00,2026-01-22,,TBER,
E25-00413,RE,70021,R/61218/25,2025-12-25,2025-12-30,NVK,86448.00,14408.00,2026-01-24,,TBER,
E25-00414,RE,70045,INV-2025-12310,2025-12-25,2025-12-30,NVK,28582.44,4763.74,2026-01-24,,TBER,
E25-00415,RE,70043,F-015904,2025-12-28,2025-12-30,NVK,91032.78,15172.13,2026-01-27,,TBER,
E25-00417,RE,79001,MSC90055236,2025-12-28,2025-12-31,EUR,124865.64,0.00,2026-02-26,,TBER,
