inv_doc,ln,po_no,po_pos,mat_no,qty,uom,net,tax_cd,gl_acct,cc,txt
51007302,1,45002012,10,100007,25,CAR,12018.00,V0,,,
51007302,2,45002012,20,100019,93,CAR,18726.48,V0,,,
51007302,3,45002012,30,100008,36,CAR,7884.00,V0,,,
51007304,1,45002015,10,100025,76,CAR,165363.84,V0,,,
51007304,2,45002015,20,100002,10,CAR,15969.60,V0,,,
51007304,3,45002015,30,100023,71,CAR,51801.60,V0,,,
51007304,4,45002015,40,100018,49,CAR,79403.52,V0,,,
51007306,1,45002016,10,100009,26,CAR,52540.80,V0,,,
51007306,2,45002016,20,100006,63,CAR,10621.80,V0,,,
51007306,3,45002016,30,100001,27,CAR,10393.92,V0,,,
51007308,1,45002027,10,100005,33,CAR,7096.32,V0,,,
51007308,2,45002027,20,100002,82,CAR,130950.72,V0,,,
51007308,3,45002027,30,100010,17,CAR,29686.08,V0,,,
51007310,1,45002021,10,100004,82,CAR,79349.76,V0,,,
51007310,2,45002021,20,100028,10,CAR,5815.20,V0,,,
51007310,3,45002021,30,100020,33,CAR,8125.92,V0,,,
51007310,4,45002021,40,100026,21,CAR,43757.28,V0,,,
51007312,1,45002024,10,500003,54,PCE,18358.92,V0,,,
51007312,2,45002024,20,500004,139,SET,13748.49,V0,,,
51007314,1,45002022,10,100002,28,CAR,44714.88,V0,,,
51007314,2,45002022,20,100012,53,CAR,42573.84,V0,,,
51007314,3,45002022,30,100007,10,CAR,4807.20,V0,,,
51007315,1,45002036,10,200005,162,CAR,69830.10,V2,,,
51007315,2,45002036,20,200007,26,CAR,12272.00,V2,,,
51007315,3,45002036,30,200006,50,BAG,33045.00,V2,,,
51007317,1,45002028,10,100005,94,CAR,20213.76,V0,,,
51007317,2,45002028,20,100028,108,CAR,62804.16,V0,,,
51007317,3,45002028,30,100022,88,CAR,25945.92,V0,,,
51007317,4,45002028,40,100026,57,CAR,118769.76,V0,,,
51007318,1,45002034,10,300007,4,PCE,60553.60,V2,,,
51007320,1,45002033,10,200009,25000,PCE,4704.00,V2,,,
51007320,2,45002033,20,200008,28000,PCE,1711.64,V2,,,
51007320,3,45002033,30,200010,66000,PCE,3667.29,V2,,,
51007321,1,,,,1,,41500.00,V2,6200,9300,Car fleet leasing 01/2025
51007322,1,,,,1,,12400.00,V2,6990,9400,Warehouse security 01/2025
51007324,1,45002018,10,100007,78,CAR,37496.16,V0,,,
51007324,2,45002018,20,100023,85,CAR,62016.00,V0,,,
51007326,1,45002021,10,100004,12,CAR,11612.16,V0,,,
51007326,2,45002021,20,100028,78,CAR,45358.56,V0,,,
51007327,1,45002048,10,200012,22442,PCE,42848.06,V2,,,
51007327,2,45002048,20,200011,500,PCE,912.25,V2,,,
51007328,1,,,,1,,6801.27,V2,6410,9100,Telephony and data 01/2025
51007329,1,,,,1,,7800.00,V2,6990,9100,Office cleaning 01/2025
51007330,1,45002045,10,100026,4,CAR,8334.72,V0,,,
51007330,2,45002045,20,100029,2,CAR,367.92,V0,,,
51007330,3,45002045,30,100024,82,CAR,30976.32,V0,,,
51007331,1,,,,1,,86000.00,V2,6100,9100,Office rent 01/2025
51007332,1,,,,1,,10635.04,V2,6110,9100,Electricity and heating 01/2025
51007334,1,,,,1,,7930.16,V2,6990,9300,Translation leaflet texts
51007335,1,45002051,10,300005,6,PCE,20775.60,V2,,,
51007335,2,45002051,20,300006,36,BTL,12457.80,V2,,,
51007336,1,45002058,10,400004,19,CAR,10093.94,V2,,,
51007336,2,45002058,20,400003,5,BDL,1025.00,V2,,,
51007337,1,45002042,10,400002,5500,PCE,5966.84,V2,,,
51007337,2,45002042,20,400001,50,REAM,3016.30,V2,,,
51007338,1,45002060,10,100001,76,CAR,29256.96,V0,,,
51007338,2,45002060,20,100008,49,CAR,10731.00,V0,,,
51007338,3,45002060,30,100005,78,CAR,16773.12,V0,,,
51007338,4,45002060,40,100014,39,CAR,19398.60,V0,,,
51007339,1,45002064,10,200015,24,BDL,18318.96,V2,,,
51007339,2,45002064,20,200014,63,CAR,20314.35,V2,,,
51007340,1,45002069,10,400002,7000,PCE,7504.00,V2,,,
51007340,2,45002069,20,400001,100,REAM,6249.60,V2,,,
51007342,1,45002081,10,100004,33,CAR,31933.44,V0,,,
51007342,2,45002081,20,100005,50,CAR,10752.00,V0,,,
51007342,3,45002081,30,100021,23,CAR,3933.00,V0,,,
51007342,4,45002081,40,100023,108,CAR,78796.80,V0,,,
51007343,1,45002039,10,400006,8,SET,22477.44,V2,,,
51007343,2,45002039,20,400005,4,PCE,4360.00,V2,,,
51007344,1,45002063,10,400003,5,BDL,1054.70,V2,,,
51007344,2,45002063,20,400004,4,CAR,2140.00,V2,,,
51007346,1,45002033,10,200009,71478,PCE,13449.30,V2,,,
51007346,2,45002033,20,200008,777000,PCE,47498.01,V2,,,
51007346,3,45002033,30,200010,194000,PCE,10779.61,V2,,,
51007347,1,45002066,10,300005,9,PCE,31977.72,V2,,,
51007348,1,45002091,10,300016,12,KIT,25680.00,V2,,,
51007349,1,45002045,10,100026,7,CAR,14585.76,V0,,,
51007349,2,45002045,20,100029,13,CAR,2391.48,V0,,,
51007349,3,45002045,30,100024,7,CAR,2644.32,V0,,,
51007351,1,45002078,10,100028,19,CAR,11048.88,V0,,,
51007351,2,45002078,20,100019,70,CAR,14095.20,V0,,,
51007351,3,45002078,30,100020,4,CAR,984.96,V0,,,
51007351,4,45002078,40,100025,28,CAR,60923.52,V0,,,
51007353,1,45002048,20,200011,9000,PCE,16420.50,V2,,,
51007354,1,45002057,10,300002,24,CAR,14880.00,V2,,,
51007355,1,45002057,10,300002,2,CAR,1240.00,V2,,,
51007356,1,,,,1,,6833.34,V2,6990,9300,Translation leaflet texts
51007357,1,45002040,10,100016,32,CAR,5498.88,V0,,,
51007357,2,45002040,20,100022,52,CAR,15331.68,V0,,,
51007357,3,45002040,30,100023,108,CAR,78796.80,V0,,,
51007358,1,45002052,10,100018,64,CAR,103710.72,V0,,,
51007359,1,45002054,20,100021,33,CAR,5643.00,V0,,,
51007359,2,45002054,30,100027,99,CAR,92568.96,V0,,,
51007361,1,45002078,10,100028,24,CAR,13956.48,V0,,,
51007361,2,45002078,20,100019,10,CAR,2013.60,V0,,,
51007361,3,45002078,30,100020,6,CAR,1477.44,V0,,,
51007361,4,45002078,40,100025,55,CAR,119671.20,V0,,,
51007362,1,45002070,10,400003,40,BDL,8831.20,V2,,,
51007362,2,45002070,20,400004,6,CAR,3210.00,V2,,,
51007363,1,45002072,10,200014,162,CAR,51362.10,V2,,,
51007363,2,45002072,20,200015,52,BDL,39613.60,V2,,,
51007364,1,45002075,10,200015,15,BDL,11026.20,V2,,,
51007366,1,45002030,10,100004,92,CAR,89026.56,V0,,,
51007366,2,45002030,20,100026,71,CAR,147941.28,V0,,,
51007366,3,45002030,30,100019,25,CAR,5034.00,V0,,,
51007367,1,45002034,20,300008,27,BOX,30838.59,V2,,,
51007368,1,45002063,20,400004,1,CAR,535.00,V2,,,
51007370,1,45002082,10,200002,115,BDL,80540.25,V2,,,
51007370,2,45002082,20,200003,83,BDL,33488.01,V2,,,
51007370,3,45002082,30,200004,36,PCE,54084.24,V2,,,
51007372,1,45002084,10,400008,12,BOX,1704.00,V2,,,
51007372,2,45002084,20,400007,19,SET,5985.00,V2,,,
51007374,1,,,,1,,152660.14,V2,6510,9300,Congress participation
51007376,1,,,,1,,7800.00,V2,6990,9100,Office cleaning 02/2025
51007378,1,,,,1,,12400.00,V2,6990,9400,Warehouse security 02/2025
51007380,1,,,,1,,14680.15,V2,6110,9100,Electricity and heating 02/2025
51007381,1,,,,1,,56629.05,V2,6990,,Insurance premium
51007382,1,45002051,20,300006,8,BTL,2768.40,V2,,,
51007384,1,,,,1,,86000.00,V2,6100,9100,Office rent 02/2025
51007385,1,,,,1,,4915.09,V2,6700,9400,Courier services
51007386,1,45002046,10,100021,31,CAR,5301.00,V0,,,
51007386,2,45002046,30,100008,66,CAR,14454.00,V0,,,
51007386,3,45002046,40,100003,94,CAR,78102.72,V0,,,
51007388,1,45002076,10,100020,39,CAR,9603.36,V0,,,
51007388,2,45002076,20,100027,54,CAR,50492.16,V0,,,
51007388,3,45002076,30,100010,24,CAR,41909.76,V0,,,
51007390,1,45002094,10,300006,76,BTL,26299.80,V2,,,
51007390,2,45002094,20,300005,5,PCE,17591.40,V2,,,
51007392,1,,,,1,,41500.00,V2,6200,9300,Car fleet leasing 02/2025
51007393,1,,,,1,,116135.48,V2,6500,9300,Promotional materials campaign
51007395,1,,,,1,,6971.13,V2,6410,9100,Telephony and data 02/2025
51007397,1,,,,1,,29967.44,V2,6610,9200,Legal advice
51007398,1,45002063,10,400003,14,BDL,2953.16,V2,,,
51007398,2,45002063,20,400004,8,CAR,4280.00,V2,,,
51007400,1,45002090,10,500010,5,PCE,10745.50,V2,,,
51007400,2,45002090,20,500009,88,PCE,131120.00,V2,,,
51007400,3,45002090,30,500011,5,BOX,4450.00,V2,,,
51007401,1,45002048,20,200011,0,PCE,328.41,V2,,,price adjustment
51007403,1,45002088,10,200008,256873,PCE,16067.41,V2,,,
51007403,2,45002088,20,200010,1055645,PCE,57416.53,V2,,,
51007403,3,45002088,30,200009,139000,PCE,26688.00,V2,,,
51007404,1,45002054,10,100022,96,CAR,28304.64,V0,,,
51007404,2,45002054,20,100021,59,CAR,10089.00,V0,,,
51007404,3,45002054,40,100019,31,CAR,6242.16,V0,,,
51007406,1,45002087,10,100014,59,CAR,29346.60,V0,,,
51007406,2,45002087,20,100025,11,CAR,23934.24,V0,,,
51007406,3,45002087,30,100030,97,CAR,4772.40,V0,,,
51007406,4,45002087,40,100006,48,CAR,8092.80,V0,,,
51007408,1,45002097,10,100026,74,CAR,154192.32,V0,,,
51007408,2,45002097,20,100022,89,CAR,26240.76,V0,,,
51007408,3,45002097,30,100021,36,CAR,6156.00,V0,,,
51007408,4,45002097,40,100018,101,CAR,163668.48,V0,,,
51007410,1,45002103,10,200001,98,BDL,45793.44,V2,,,
51007410,2,45002103,20,200003,58,BDL,21828.88,V2,,,
51007410,3,45002103,30,200004,30,PCE,44895.00,V2,,,
51007411,1,45002107,10,400002,6250,PCE,6700.00,V2,,,
51007413,1,45002114,10,400003,5,BDL,1027.05,V2,,,
51007413,2,45002114,20,400004,4,CAR,2099.36,V2,,,
51007414,1,45002057,10,300002,8,CAR,4960.00,V2,,,
51007416,1,45002100,10,200006,118,BAG,75512.92,V2,,,
51007416,2,45002100,20,200005,243,CAR,99814.68,V2,,,
51007416,3,45002100,30,200007,28,CAR,12872.44,V2,,,
51007418,1,45002101,10,300010,12,SET,7706.16,V0,,,
51007418,2,45002101,20,300012,4,PCE,1601.84,V0,,,
51007419,1,45002121,10,500001,150,PCE,58200.00,V2,,,
51007421,1,45002106,10,500002,68,PCE,31280.00,V2,,,
51007421,2,45002106,20,500001,178,PCE,67061.50,V2,,,
51007423,1,45002113,10,200004,32,PCE,45925.76,V2,,,
51007423,2,45002113,20,200003,187,BDL,73281.56,V2,,,
51007425,1,,,,1,,87470.03,V2,6600,,Audit fee instalment
51007427,1,45002075,10,200015,0,BDL,441.05,V2,,,price adjustment
51007428,1,,,,1,,41500.00,V2,6200,9300,Car fleet leasing 03/2025
51007429,1,45002052,10,100018,6,CAR,9722.88,V0,,,
51007429,2,45002052,20,100027,86,CAR,80413.44,V0,,,
51007431,1,45002110,10,500001,164,PCE,64332.28,V2,,,
51007431,2,45002110,20,500002,35,PCE,16100.00,V2,,,
51007432,1,,,,1,,6708.70,V2,6410,9100,Telephony and data 03/2025
51007433,1,45002131,10,500007,6,PCE,20100.00,V2,,,
51007434,1,45002063,20,400004,1,CAR,535.00,V2,,,
51007435,1,,,,1,,12278.31,V2,6110,9100,Electricity and heating 03/2025
51007437,1,45002108,10,500001,251,PCE,97290.11,V2,,,
51007437,2,45002108,20,500002,71,PCE,32660.00,V2,,,
51007439,1,45002116,10,200009,46500,PCE,8928.00,V2,,,
51007439,2,45002116,20,200008,613949,PCE,38021.86,V2,,,
51007441,1,45002119,10,100006,84,CAR,14162.40,V0,,,
51007441,2,45002119,20,100022,88,CAR,25945.92,V0,,,
51007441,3,45002119,30,100016,100,CAR,17184.00,V0,,,
51007442,1,,,,1,,86000.00,V2,6100,9100,Office rent 03/2025
51007443,1,,,,1,,7800.00,V2,6990,9100,Office cleaning 03/2025
51007444,1,,,,1,,12400.00,V2,6990,9400,Warehouse security 03/2025
51007445,1,45002046,10,100021,7,CAR,1197.00,V0,,,
51007445,2,45002046,20,100012,59,CAR,47393.52,V0,,,
51007445,3,45002046,40,100003,10,CAR,8308.80,V0,,,
51007447,1,45002120,10,100023,59,CAR,43046.40,V0,,,
51007447,2,45002120,20,100022,72,CAR,21228.48,V0,,,
51007447,3,45002120,30,100030,108,CAR,5313.60,V0,,,
51007449,1,45002095,10,100019,42,CAR,8457.12,V0,,,
51007449,2,45002095,20,100016,83,CAR,14262.72,V0,,,
51007449,3,45002095,30,100012,57,CAR,45786.96,V0,,,
51007449,4,45002095,40,100014,33,CAR,16414.20,V0,,,
51007450,1,45002126,10,200017,138,CAR,28290.00,V2,,,
51007450,2,45002126,20,200018,21,PCE,24397.17,V2,,,
51007452,1,,,,1,,40246.12,V2,6990,9100,Insurance premium
51007454,1,45002123,10,200012,28906,PCE,54054.22,V2,,,
51007454,2,45002123,20,200013,158000,PCE,50560.00,V2,,,
51007454,3,45002123,30,200011,16500,PCE,29487.48,V2,,,
51007455,1,,,,1,,79248.34,V2,6990,,Insurance premium
51007457,1,,,,1,,7731.99,V2,6990,9300,Translation leaflet texts
51007459,1,,,,1,,32977.18,V2,6700,,Customs clearance and haulage
51007461,1,45002139,10,400003,12,BDL,2460.00,V2,,,
51007461,2,45002139,20,400004,4,CAR,2140.00,V2,,,
51007462,1,45002134,10,200017,186,CAR,40417.80,V2,,,
51007464,1,45002113,10,200004,2,PCE,2870.36,V2,,,
51007465,1,45002137,10,200001,80,BDL,36400.00,V2,,,
51007465,2,45002144,10,200003,120,BDL,46560.00,V2,,,
51007466,1,45002127,10,400005,13,PCE,14170.00,V2,,,
51007466,2,45002127,20,400006,6,SET,16560.00,V2,,,
51007468,1,45002148,10,300006,116,BTL,40141.80,V2,,,
51007468,2,45002148,20,300004,66,BTL,14165.25,V2,,,
51007468,3,45002148,30,300005,14,PCE,48037.92,V2,,,
51007470,1,,,,1,,7800.00,V2,6990,9100,Office cleaning 04/2025
51007472,1,45002113,10,200004,2,PCE,2870.36,V2,,,
51007473,1,,,,1,,17965.41,V2,6990,9400,Disposal of expired goods
51007475,1,45002110,10,500001,62,PCE,24320.74,V2,,,
51007476,1,45002129,10,100027,2,CAR,1870.08,V0,,,
51007476,2,45002129,20,100003,19,CAR,15786.72,V0,,,
51007476,3,45002129,30,100021,62,CAR,10602.00,V0,,,
51007478,1,45002154,10,200018,5,PCE,5900.00,V2,,,
51007478,2,45002154,20,200016,32,PCE,8576.00,V2,,,
51007480,1,,,,1,,14675.12,V2,6110,9100,Electricity and heating 04/2025
51007482,1,,,,1,,41500.00,V2,6200,9300,Car fleet leasing 04/2025
51007484,1,,,,1,,12400.00,V2,6990,9400,Warehouse security 04/2025
51007486,1,,,,1,,7306.49,V2,6990,9400,Disposal of expired goods
51007487,1,45002135,10,100022,101,CAR,29778.84,V0,,,
51007487,2,45002135,20,100012,58,CAR,46590.24,V0,,,
51007487,3,45002135,30,100030,53,CAR,2607.60,V0,,,
51007487,4,45002135,40,100019,107,CAR,21545.52,V0,,,
51007489,1,,,,1,,86000.00,V2,6100,9100,Office rent 04/2025
51007491,1,,,,1,,7138.77,V2,6410,9100,Telephony and data 04/2025
51007492,1,45002160,10,200011,7500,PCE,13483.50,V2,,,
51007493,1,45002162,10,200002,127,BDL,85439.25,V2,,,
51007493,2,45002162,20,200004,86,PCE,125560.00,V2,,,
51007494,1,,,,1,,23858.60,V2,6600,9200,Consulting pricing dossier
51007495,1,45002129,10,100027,56,CAR,52362.24,V0,,,
51007495,2,45002129,20,100003,14,CAR,11632.32,V0,,,
51007495,3,45002129,30,100021,26,CAR,4446.00,V0,,,
51007497,1,45002153,10,400002,2250,PCE,2472.30,V2,,,
51007497,2,45002153,20,400001,180,REAM,11171.16,V2,,,
51007499,1,45002150,10,300004,48,BTL,10036.80,V2,,,
51007499,2,45002150,20,300005,7,PCE,24895.92,V2,,,
51007500,1,45002159,10,300008,19,BOX,21251.88,V2,,,
51007500,2,45002159,20,300009,25,BOX,21604.75,V2,,,
51007502,1,45002154,20,200016,58,PCE,15544.00,V2,,,
51007503,1,45002165,10,400006,5,SET,14117.40,V2,,,
51007503,2,45002165,20,400005,13,PCE,14170.00,V2,,,
51007505,1,,,,1,,112093.65,V2,6500,9300,Promotional materials campaign
51007506,1,45002166,10,500002,10,PCE,4682.80,V2,,,
51007506,2,45002166,20,500001,93,PCE,36949.83,V2,,,
51007508,1,,,,1,,11936.25,V2,6700,9400,Courier services
51007509,1,45002139,10,400003,12,BDL,2460.00,V2,,,
51007509,2,45002139,20,400004,4,CAR,2140.00,V2,,,
51007511,1,45002156,10,200010,1125755,PCE,62929.70,V2,,,
51007511,2,45002156,20,200009,90000,PCE,17280.00,V2,,,
51007511,3,45002156,30,200008,942979,PCE,58917.33,V2,,,
51007512,1,45002134,20,200016,60,PCE,15661.80,V2,,,
51007513,1,45002166,10,500002,17,PCE,7960.76,V2,,,
51007514,1,45002171,10,500005,195,PCE,212550.00,V2,,,
51007514,2,45002171,20,500006,13,BOX,15685.54,V2,,,
51007515,1,45002184,10,300004,120,BTL,25500.00,V2,,,
51007516,1,45002168,10,100027,65,CAR,60777.60,V0,,,
51007516,2,45002168,20,100008,35,CAR,7665.00,V0,,,
51007516,3,45002168,30,100004,59,CAR,57093.12,V0,,,
51007517,1,45002174,10,200011,18000,BOX,32040.00,V2,,,
51007518,1,45002147,10,400003,23,BDL,4715.00,V2,,,
51007520,1,45002193,10,500006,68,BOX,82960.00,V2,,,
51007520,2,45002193,20,500005,44,PCE,46952.84,V2,,,
51007521,1,45002172,10,100028,8,CAR,4652.16,V0,,,
51007521,2,45002172,20,100023,93,CAR,67852.80,V0,,,
51007522,1,45002187,10,200014,160,CAR,49913.60,V2,,,
51007522,2,45002187,20,200015,76,BDL,58010.04,V2,,,
51007524,1,,,,1,,59266.81,V2,6990,9100,Insurance premium
51007526,1,45002188,20,300005,1,PCE,3480.00,V2,,,
51007527,1,,,,1,,7800.00,V2,6990,9100,Office cleaning 05/2025
51007529,1,45002196,10,200018,20,PCE,23600.00,V2,,,
51007529,2,45002196,20,200016,17,PCE,4660.72,V2,,,
51007531,1,45002206,10,400003,23,BDL,4715.00,V2,,,
51007531,2,45002206,20,400004,8,CAR,4162.24,V2,,,
51007533,1,45002153,10,400002,500,PCE,549.40,V2,,,
51007534,1,45002141,10,100004,23,CAR,22256.64,V0,,,
51007534,2,45002141,20,100019,107,CAR,21545.52,V0,,,
51007536,1,45002190,10,200013,126000,PCE,39795.84,V2,,,
51007536,2,45002190,20,200011,15000,PCE,26032.50,V2,,,
51007537,1,,,,1,,86000.00,V2,6100,9100,Office rent 05/2025
51007539,1,45002154,20,200016,16,PCE,4288.00,V2,,,
51007541,1,45002188,10,300006,108,BTL,36513.72,V2,,,
51007541,2,45002188,20,300005,13,PCE,45240.00,V2,,,
51007543,1,45002208,10,200009,31000,PCE,5862.72,V2,,,
51007543,2,45002208,20,200008,795000,PCE,48892.50,V2,,,
51007544,1,,,,1,,10607.65,V2,6110,9100,Electricity and heating 05/2025
51007546,1,45002154,10,200018,1,PCE,1180.00,V2,,,
51007547,1,45002160,10,200011,6500,PCE,11685.70,V2,,,
51007547,2,45002160,20,200012,24500,PCE,43982.40,V2,,,
51007548,1,45002166,10,500002,41,PCE,19199.48,V2,,,
51007549,1,45002180,10,500006,23,BOX,27442.68,V2,,,
51007549,2,45002180,20,500005,241,PCE,259012.34,V2,,,
51007550,1,,,,1,,41500.00,V2,6200,9300,Car fleet leasing 05/2025
51007551,1,,,,1,,12400.00,V2,6990,9400,Warehouse security 05/2025
51007552,1,,,,1,,37171.28,V2,6610,9200,Legal advice
51007554,1,45002193,20,500005,26,PCE,27744.86,V2,,,
51007555,1,,,,1,,6698.30,V2,6410,9100,Telephony and data 05/2025
51007556,1,45002182,10,100026,37,CAR,77096.16,V0,,,
51007556,2,45002182,20,100028,20,CAR,11630.40,V0,,,
51007556,3,45002182,30,100004,102,CAR,98703.36,V0,,,
51007558,1,45002217,10,300013,1,PCE,7457.45,V0,,,
51007558,2,45002217,20,300014,8,SET,5126.88,V0,,,
51007558,3,45002217,30,300015,5,PCE,6540.30,V0,,,
51007560,1,,,,1,,48495.15,V2,6710,9400,Temporary staff warehouse
51007562,1,,,,1,,21935.08,V2,6990,9100,IT support hours
51007564,1,45002218,10,500005,262,PCE,296500.16,V2,,,
51007566,1,45002150,20,300005,2,PCE,7113.12,V2,,,
51007567,1,45002179,10,400005,14,PCE,15260.00,V2,,,
51007569,1,45002211,10,200018,18,PCE,21388.68,V2,,,
51007569,2,45002211,20,200017,396,CAR,79881.12,V2,,,
51007571,1,45002212,10,300007,6,PCE,89400.00,V2,,,
51007572,1,45002176,10,400004,3,CAR,1622.64,V2,,,
51007572,2,45002176,20,400003,14,BDL,2915.92,V2,,,
51007574,1,45002194,10,200006,49,BAG,32287.57,V2,,,
51007574,2,45002194,20,200007,7,CAR,3304.00,V2,,,
51007576,1,45002214,10,300009,18,BOX,16020.00,V2,,,
51007576,2,45002214,20,300007,5,PCE,74798.00,V2,,,
51007576,3,45002214,30,300008,10,BOX,11173.90,V2,,,
51007578,1,45002199,10,300008,20,BOX,22956.00,V2,,,
51007579,1,45002243,10,300017,40,BOX,18720.00,V2,,,
51007579,2,45002243,20,300016,5,KIT,10700.00,V2,,,
51007581,1,45002190,20,200011,14500,PCE,25164.75,V2,,,
51007583,1,45002196,10,200018,11,PCE,12980.00,V2,,,
51007583,2,45002196,20,200016,44,PCE,12063.04,V2,,,
51007585,1,45002200,10,200004,67,PCE,97428.72,V2,,,
51007585,2,45002200,20,200002,49,BDL,33201.42,V2,,,
51007585,3,45002200,30,200001,41,BDL,18505.76,V2,,,
51007587,1,45002220,10,500001,170,PCE,65960.00,V2,,,
51007587,2,45002220,20,500002,87,PCE,40020.00,V2,,,
51007588,1,,,,1,,14475.74,V2,6990,9100,IT support hours
51007589,1,45002176,20,400003,14,BDL,2915.92,V2,,,
51007591,1,45002194,20,200007,42,CAR,19031.04,V2,,,
51007593,1,45002205,20,300014,5,SET,3234.00,V0,,,
51007594,1,45002223,10,200008,478000,PCE,28574.84,V2,,,
51007594,2,45002223,20,200009,116500,PCE,22614.98,V2,,,
51007596,1,45002225,10,300001,30,CS,29400.00,V2,,,
51007596,2,45002225,20,300003,18,BOX,42300.00,V2,,,
51007598,1,45002232,10,200010,1000000,PCE,55900.00,V2,,,
51007599,1,45002220,10,500001,0,PCE,3298.00,V2,,,price adjustment
51007600,1,45002230,10,500009,94,PCE,140060.00,V2,,,
51007600,2,45002230,20,500010,8,PCE,17565.12,V2,,,
51007600,3,45002230,30,500011,5,BOX,4432.20,V2,,,
51007601,1,45002231,10,100019,68,CAR,13692.48,V0,,,
51007601,2,45002231,20,100005,29,CAR,6236.16,V0,,,
51007602,1,,,,1,,41300.22,V2,6510,,Congress participation
51007604,1,45002202,10,100025,12,CAR,26110.08,V0,,,
51007604,2,45002202,20,100022,56,CAR,16511.04,V0,,,
51007604,3,45002202,30,100001,107,CAR,41190.72,V0,,,
51007604,4,45002202,40,100027,106,CAR,99114.24,V0,,,
51007605,1,45002224,10,100010,95,CAR,165892.80,V0,,,
51007605,2,45002224,20,100002,94,CAR,150114.24,V0,,,
51007605,3,45002224,30,100015,85,CAR,14402.40,V0,,,
51007605,4,45002224,40,100029,90,CAR,16556.40,V0,,,
51007606,1,45002227,10,200008,682000,PCE,41226.90,V2,,,
51007606,2,45002227,20,200010,830000,PCE,45421.75,V2,,,
51007607,1,45002172,10,100028,4,CAR,2326.08,V0,,,
51007609,1,,,,1,,12400.00,V2,6990,9400,Warehouse security 06/2025
51007611,1,,,,1,,10055.10,V2,6990,9100,IT support hours
51007613,1,45002194,20,200007,1,CAR,472.00,V2,,,
51007615,1,45002205,10,300013,3,PCE,22081.80,V0,,,
51007617,1,,,,1,,86000.00,V2,6100,9100,Office rent 06/2025
51007619,1,,,,1,,7270.58,V2,6410,9100,Telephony and data 06/2025
51007621,1,,,,1,,41500.00,V2,6200,9300,Car fleet leasing 06/2025
51007623,1,,,,1,,7800.00,V2,6990,9100,Office cleaning 06/2025
51007625,1,,,,1,,82690.51,V2,6600,9200,Consulting pricing dossier
51007626,1,45002252,10,200002,70,BDL,49121.10,V2,,,
51007626,2,45002252,20,200004,62,PCE,89343.24,V2,,,
51007627,1,45002234,10,400005,9,PCE,9554.94,V2,,,
51007627,2,45002234,20,400006,6,SET,16560.00,V2,,,
51007628,1,45002237,10,100005,96,CAR,20643.84,V0,,,
51007628,2,45002237,20,100009,70,CAR,141456.00,V0,,,
51007628,3,45002237,30,100011,75,CAR,67680.00,V0,,,
51007628,4,45002237,40,100010,75,CAR,130968.00,V0,,,
51007629,1,45002249,10,400005,6,PCE,6540.00,V2,,,
51007629,2,45002249,20,400006,4,SET,11040.00,V2,,,
51007631,1,,,,1,,18214.71,V2,6110,,Electricity and heating 06/2025
51007632,1,45002259,10,100003,9,CAR,7477.92,V0,,,
51007632,2,45002259,30,100024,6,CAR,2266.56,V0,,,
51007634,1,45002270,10,400007,20,SET,6300.00,V2,,,
51007634,2,45002270,20,400008,30,BOX,4260.00,V2,,,
51007635,1,,,,1,,26816.27,V2,6710,9400,Temporary staff warehouse
51007636,1,,,,1,,29800.87,V2,6990,9100,IT support hours
51007637,1,,,,1,,64204.88,V2,6990,9100,Insurance premium
51007639,1,45002196,10,200018,4,PCE,4720.00,V2,,,
51007640,1,45002238,10,100015,70,CAR,11860.80,V0,,,
51007640,2,45002238,20,100029,31,CAR,5702.76,V0,,,
51007641,1,45002253,10,300003,9,BOX,21150.00,V2,,,
51007641,2,45002253,20,300002,1,CAR,616.90,V2,,,
51007641,3,45002253,30,300001,9,CS,8820.00,V2,,,
51007642,1,45002255,10,400001,85,REAM,5270.00,V2,,,
51007642,2,45002255,20,400002,6500,PCE,6765.98,V2,,,
51007643,1,,,,1,,67918.76,V2,6600,9200,Audit fee instalment
51007644,1,,,,1,,5541.26,V2,6990,9300,Translation leaflet texts
51007645,1,45002265,10,100016,21,CAR,3608.64,V0,,,
51007645,2,45002265,20,100014,107,CAR,53221.80,V0,,,
51007647,1,45002260,10,200008,1000000,PCE,61500.00,V2,,,
51007648,1,45002246,10,500002,110,PCE,49942.20,V2,,,
51007648,2,45002246,20,500001,195,PCE,75660.00,V2,,,
51007649,1,45002247,10,400007,27,SET,8505.00,V2,,,
51007649,2,45002247,20,400008,18,BOX,2619.90,V2,,,
51007650,1,45002262,10,400007,11,SET,3520.44,V2,,,
51007651,1,45002266,10,500006,3,BOX,3619.74,V2,,,
51007651,2,45002266,20,500005,175,PCE,190750.00,V2,,,
51007652,1,45002176,20,400003,5,BDL,1041.40,V2,,,
E25-00002,1,,,,1,,149921.95,V2,6510,9300,Congress participation
E25-00004,1,,,,1,,14872.83,V2,6610,9200,Legal advice
E25-00006,1,45002268,10,400003,4,BDL,830.64,V2,,,
E25-00006,2,45002268,20,400004,11,CAR,5885.00,V2,,,
E25-00007,1,,,,1,,49916.20,V2,6510,,Congress participation
E25-00008,1,45002258,10,400007,17,SET,5446.12,V2,,,
E25-00008,2,45002258,20,400008,32,BOX,4675.84,V2,,,
E25-00010,1,45002280,10,500010,6,PCE,12647.40,V2,,,
E25-00010,2,45002280,20,500009,21,PCE,31290.00,V2,,,
E25-00010,3,45002280,30,500011,18,BOX,16164.18,V2,,,
E25-00012,1,45002282,10,200010,352000,PCE,19676.80,V2,,,
E25-00012,2,45002282,20,200009,54000,PCE,11197.44,V2,,,
E25-00012,3,45002282,30,200008,946000,PCE,58179.00,V2,,,
E25-00014,1,45002288,10,200015,58,BDL,43065.00,V2,,,
E25-00015,1,,,,1,,17869.34,V2,6110,9100,Electricity and heating 07/2025
E25-00017,1,45002273,10,200002,140,BDL,96600.00,V2,,,
E25-00017,2,45002273,20,200003,66,BDL,25736.04,V2,,,
E25-00018,1,,,,1,,6576.60,V2,6410,9100,Telephony and data 07/2025
E25-00019,1,45002259,10,100003,4,CAR,3323.52,V0,,,
E25-00019,2,45002259,30,100024,3,CAR,1133.28,V0,,,
E25-00020,1,,,,1,,59226.06,V2,6600,9200,Consulting pricing dossier
E25-00021,1,45002238,20,100029,11,CAR,2023.56,V0,,,
E25-00022,1,45002240,10,100011,15,CAR,13536.00,V0,,,
E25-00022,2,45002240,20,100024,36,CAR,13599.36,V0,,,
E25-00022,3,45002240,30,100005,100,CAR,21504.00,V0,,,
E25-00023,1,,,,1,,41500.00,V2,6200,9300,Car fleet leasing 07/2025
E25-00024,1,,,,1,,7800.00,V2,6990,9100,Office cleaning 07/2025
E25-00026,1,,,,1,,96117.84,V2,6510,9300,Congress participation
E25-00028,1,45002279,10,500010,2,PCE,4280.00,V2,,,
E25-00029,1,,,,1,,86000.00,V2,6100,9100,Office rent 07/2025
E25-00030,1,,,,1,,12400.00,V2,6990,9400,Warehouse security 07/2025
E25-00031,1,45002240,20,100024,37,CAR,13977.12,V0,,,
E25-00032,1,45002262,10,400007,4,SET,1280.16,V2,,,
E25-00034,1,45002266,10,500006,0,BOX,108.59,V2,,,price adjustment
E25-00036,1,45002276,20,300011,12,PCE,2148.36,V0,,,
E25-00038,1,45002291,10,300005,9,PCE,31320.00,V2,,,
E25-00038,2,45002291,20,300006,112,BTL,38098.76,V2,,,
E25-00039,1,45002249,20,400006,1,SET,2760.00,V2,,,
E25-00041,1,45002266,10,500006,43,BOX,51882.94,V2,,,
E25-00041,2,45002266,20,500005,33,PCE,35970.00,V2,,,
E25-00043,1,45002286,10,200008,232920,PCE,14324.58,V2,,,
E25-00043,2,45002286,20,200010,296000,PCE,16546.40,V2,,,
E25-00043,3,45002286,30,200009,106000,PCE,20820.52,V2,,,
E25-00044,1,45002255,20,400002,2000,PCE,2081.84,V2,,,
E25-00046,1,45002274,10,100013,83,CAR,27828.24,V0,,,
E25-00046,2,45002274,20,100007,71,CAR,34131.12,V0,,,
E25-00047,1,45002262,10,400007,14,SET,4480.56,V2,,,
E25-00048,1,45002247,10,400007,6,SET,1890.00,V2,,,
E25-00050,1,P25-0006,10,300014,8,SET,5491.20,V0,,,
E25-00050,2,P25-0006,20,300013,1,PCE,7561.75,V0,,,
E25-00051,1,45002253,10,300003,14,BOX,32900.00,V2,,,
E25-00051,2,45002253,20,300002,17,CAR,10487.30,V2,,,
E25-00051,3,45002253,30,300001,32,CS,31360.00,V2,,,
E25-00053,1,45002285,10,100021,22,CAR,3762.00,V0,,,
E25-00053,2,45002285,20,100025,88,CAR,191473.92,V0,,,
E25-00053,3,45002285,30,100014,35,CAR,17409.00,V0,,,
E25-00055,1,P25-0018,10,200014,174,CAR,54834.36,V2,,,
E25-00055,2,P25-0018,20,200015,76,BDL,56430.00,V2,,,
E25-00056,1,45002259,10,100003,5,CAR,4154.40,V0,,,
E25-00056,2,45002259,20,100002,88,CAR,140532.48,V0,,,
E25-00056,3,45002259,30,100024,7,CAR,2644.32,V0,,,
E25-00058,1,45002282,10,200010,122000,PCE,6819.80,V2,,,
E25-00058,2,45002282,20,200009,500,PCE,96.00,V2,,,
E25-00058,3,45002282,30,200008,100000,PCE,6150.00,V2,,,
E25-00060,1,P25-0003,10,200015,5,BDL,3712.50,V2,,,
E25-00060,2,P25-0003,20,200014,66,CAR,20988.00,V2,,,
E25-00062,1,P25-0012,10,100013,25,CAR,8382.00,V0,,,
E25-00062,2,P25-0012,20,100022,96,CAR,29154.24,V0,,,
E25-00062,3,P25-0012,30,100014,79,CAR,40473.28,V0,,,
E25-00062,4,P25-0012,40,100009,76,CAR,153580.80,V0,,,
E25-00064,1,,,,1,,18053.42,V2,6600,,Consulting pricing dossier
E25-00066,1,45002276,10,300010,8,SET,5280.00,V0,,,
E25-00066,2,45002276,20,300011,4,PCE,716.12,V0,,,
E25-00068,1,P25-0022,10,500002,65,PCE,29900.00,V2,,,
E25-00068,2,P25-0022,20,500001,29,PCE,11263.31,V2,,,
E25-00070,1,P25-0015,10,100023,96,CAR,70041.60,V0,,,
E25-00070,2,P25-0015,20,100004,30,CAR,29901.30,V0,,,
E25-00072,1,P25-0016,10,400004,19,CAR,10165.00,V2,,,
E25-00072,2,P25-0016,20,400003,9,BDL,1867.14,V2,,,
E25-00074,1,45002268,10,400003,3,BDL,622.98,V2,,,
E25-00074,2,45002268,20,400004,6,CAR,3210.00,V2,,,
E25-00076,1,45002288,10,200015,12,BDL,8910.00,V2,,,
E25-00078,1,P25-0003,10,200015,1,BDL,742.50,V2,,,
E25-00078,2,P25-0003,20,200014,8,CAR,2544.00,V2,,,
E25-00080,1,P25-0010,10,400004,2,CAR,1057.16,V2,,,
E25-00080,2,P25-0010,20,400003,21,BDL,4649.40,V2,,,
E25-00082,1,P25-0024,10,300014,1,SET,647.46,V0,,,
E25-00082,2,P25-0024,20,300013,3,PCE,22998.15,V0,,,
E25-00084,1,45002292,10,300005,2,PCE,6960.00,V2,,,
E25-00086,1,P25-0004,10,200015,51,BDL,37867.50,V2,,,
E25-00086,2,P25-0004,20,200014,69,CAR,21810.21,V2,,,
E25-00088,1,P25-0037,10,500006,41,BOX,50020.00,V2,,,
E25-00088,2,P25-0037,20,500005,97,PCE,106681.57,V2,,,
E25-00090,1,,,,1,,19454.96,V2,6110,9100,Electricity and heating 08/2025
E25-00092,1,,,,1,,6354.41,V2,6410,9100,Telephony and data 08/2025
E25-00093,1,45002262,10,400007,2,SET,640.08,V2,,,
E25-00095,1,45002294,10,300012,1,PCE,413.65,V0,,,
E25-00095,2,45002294,20,300010,4,SET,2592.48,V0,,,
E25-00097,1,P25-0015,10,100023,13,CAR,9484.80,V0,,,
E25-00097,2,P25-0015,20,100004,18,CAR,17940.78,V0,,,
E25-00098,1,P25-0021,10,500005,261,PCE,285058.98,V2,,,
E25-00098,2,P25-0021,20,500006,20,BOX,24595.20,V2,,,
E25-00100,1,P25-0022,10,500002,31,PCE,14260.00,V2,,,
E25-00100,2,P25-0022,20,500001,60,PCE,23303.40,V2,,,
E25-00102,1,,,,1,,41500.00,V2,6200,9300,Car fleet leasing 08/2025
E25-00104,1,,,,1,,7800.00,V2,6990,9100,Office cleaning 08/2025
E25-00106,1,,,,1,,12400.00,V2,6990,9400,Warehouse security 08/2025
E25-00107,1,,,,1,,8545.29,V2,6610,9200,Legal advice
E25-00109,1,P25-0033,10,200008,803000,PCE,50436.43,V2,,,
E25-00109,2,P25-0033,20,200009,50500,PCE,9696.00,V2,,,
E25-00109,3,P25-0033,30,200010,662000,PCE,37376.52,V2,,,
E25-00111,1,P25-0036,10,100014,35,CAR,17931.20,V0,,,
E25-00111,2,P25-0036,20,100027,51,CAR,47687.04,V0,,,
E25-00113,1,,,,1,,86000.00,V2,6100,9100,Office rent 08/2025
E25-00115,1,,,,1,,47850.01,V2,6710,9400,Temporary staff warehouse
E25-00116,1,P25-0045,10,500006,15,BOX,18300.00,V2,,,
E25-00118,1,P25-0010,10,400004,3,CAR,1585.74,V2,,,
E25-00120,1,45002285,10,100021,2,CAR,342.00,V0,,,
E25-00120,2,45002285,30,100014,12,CAR,5968.80,V0,,,
E25-00122,1,P25-0009,10,500006,15,BOX,18300.00,V2,,,
E25-00122,2,P25-0009,20,500005,202,PCE,220180.00,V2,,,
E25-00124,1,P25-0027,10,500005,144,PCE,156960.00,V2,,,
E25-00124,2,P25-0027,20,500006,66,BOX,79956.36,V2,,,
E25-00126,1,P25-0042,10,200008,331892,PCE,19820.59,V2,,,
E25-00126,2,P25-0042,20,200010,1089757,PCE,60247.22,V2,,,
E25-00128,1,45002294,20,300010,5,SET,3240.60,V0,,,
E25-00130,1,P25-0028,10,100015,89,CAR,15080.16,V0,,,
E25-00130,2,P25-0028,20,100003,50,CAR,41544.00,V0,,,
E25-00130,3,P25-0028,30,100021,48,CAR,8208.00,V0,,,
E25-00130,4,P25-0028,40,100010,110,CAR,197849.30,V0,,,
E25-00132,1,P25-0039,10,300010,4,SET,2640.00,V0,,,
E25-00132,2,P25-0039,20,300011,6,PCE,1113.96,V0,,,
E25-00134,1,P25-0051,10,100030,11,CAR,557.48,V0,,,
E25-00134,2,P25-0051,30,100029,22,CAR,4047.12,V0,,,
E25-00134,3,P25-0051,40,100018,47,CAR,78447.23,V0,,,
E25-00136,1,,,,1,,8403.95,V2,6990,,Translation leaflet texts
E25-00138,1,P25-0057,10,100004,63,CAR,62792.73,V0,,,
E25-00138,2,P25-0057,20,100018,56,CAR,93469.04,V0,,,
E25-00138,3,P25-0057,30,100025,43,CAR,93561.12,V0,,,
E25-00138,4,P25-0057,40,100019,79,CAR,15907.44,V0,,,
E25-00140,1,45002285,10,100021,1,CAR,171.00,V0,,,
E25-00140,2,45002285,30,100014,53,CAR,26362.20,V0,,,
E25-00141,1,P25-0033,20,200009,31955,PCE,6135.36,V2,,,
E25-00143,1,P25-0048,10,300004,138,BTL,29325.00,V2,,,
E25-00143,2,P25-0048,20,300006,20,BTL,7336.25,V2,,,
E25-00144,1,,,,1,,37608.04,V2,6710,9400,Temporary staff warehouse
E25-00145,1,P25-0084,10,500008,20,CAR,12800.00,V2,,,
E25-00147,1,P25-0003,10,200015,50,BDL,37125.00,V2,,,
E25-00147,2,P25-0003,20,200014,44,CAR,13992.00,V2,,,
E25-00149,1,P25-0052,10,200002,26,BDL,18316.74,V2,,,
E25-00149,2,P25-0052,20,200004,1,PCE,1435.18,V2,,,
E25-00151,1,P25-0062,10,300006,88,BTL,30452.40,V2,,,
E25-00151,2,P25-0062,20,300005,15,PCE,51782.40,V2,,,
E25-00152,1,,,,1,,4051.55,V2,6700,9400,Courier services
E25-00154,1,P25-0059,10,200007,80,CAR,36400.00,V2,,,
E25-00156,1,P25-0054,10,500001,273,PCE,108148.95,V2,,,
E25-00156,2,P25-0054,20,500002,86,PCE,39560.00,V2,,,
E25-00157,1,,,,1,,22590.79,V2,6700,9400,Customs clearance and haulage
E25-00159,1,P25-0046,10,100023,19,CAR,13862.40,V0,,,
E25-00159,2,P25-0046,20,100021,32,CAR,5472.00,V0,,,
E25-00159,3,P25-0046,40,100009,26,CAR,52540.80,V0,,,
E25-00161,1,P25-0060,10,100030,17,CAR,861.56,V0,,,
E25-00161,2,P25-0060,20,100003,107,CAR,88904.16,V0,,,
E25-00162,1,,,,1,,6412.91,V2,6410,9100,Telephony and data 09/2025
E25-00164,1,,,,1,,20577.41,V2,6610,9200,Legal advice
E25-00165,1,,,,1,,7800.00,V2,6990,9100,Office cleaning 09/2025
E25-00166,1,,,,1,,12400.00,V2,6990,9400,Warehouse security 09/2025
E25-00167,1,P25-0073,10,200014,120,CAR,38160.00,V2,,,
E25-00167,2,P25-0073,20,200015,40,BDL,29700.00,V2,,,
E25-00168,1,,,,1,,86000.00,V2,6100,9100,Office rent 09/2025
E25-00169,1,,,,1,,41500.00,V2,6200,9300,Car fleet leasing 09/2025
E25-00170,1,,,,1,,14822.07,V2,6110,,Electricity and heating 09/2025
E25-00172,1,,,,1,,93200.12,V2,6600,9200,Audit fee instalment
E25-00174,1,P25-0051,10,100030,24,CAR,1216.32,V0,,,
E25-00174,2,P25-0051,30,100029,10,CAR,1839.60,V0,,,
E25-00176,1,P25-0065,10,200009,121500,PCE,23328.00,V2,,,
E25-00176,2,P25-0065,20,200010,270000,PCE,15093.00,V2,,,
E25-00178,1,P25-0068,10,400007,18,SET,5670.00,V2,,,
E25-00178,2,P25-0068,20,400008,25,BOX,3589.00,V2,,,
E25-00180,1,P25-0077,10,100003,46,CAR,38220.48,V0,,,
E25-00180,2,P25-0077,20,100006,31,CAR,5383.46,V0,,,
E25-00180,3,P25-0077,30,100026,69,CAR,148087.11,V0,,,
E25-00180,4,P25-0077,40,100008,100,CAR,22557.00,V0,,,
E25-00181,1,P25-0082,10,300009,35,BOX,30713.90,V2,,,
E25-00181,2,P25-0082,20,300007,1,PCE,14482.80,V2,,,
E25-00182,1,P25-0087,10,300008,20,BOX,22528.00,V2,,,
E25-00183,1,P25-0092,10,100020,107,CAR,27138.41,V0,,,
E25-00183,2,P25-0092,20,100027,76,CAR,71063.04,V0,,,
E25-00183,3,P25-0092,30,100028,109,CAR,65287.73,V0,,,
E25-00184,1,P25-0093,10,500010,7,PCE,15279.60,V2,,,
E25-00184,2,P25-0093,20,500011,19,BOX,16282.24,V2,,,
E25-00184,3,P25-0093,30,500009,21,PCE,31290.00,V2,,,
E25-00186,1,P25-0071,10,100015,4,CAR,677.76,V0,,,
E25-00186,2,P25-0071,20,100005,14,CAR,3010.56,V0,,,
E25-00186,3,P25-0071,30,100023,64,CAR,46694.40,V0,,,
E25-00188,1,P25-0104,10,300007,3,PCE,44700.00,V2,,,
E25-00190,1,P25-0079,10,200006,71,BAG,45946.94,V2,,,
E25-00190,2,P25-0079,20,200005,75,CAR,30282.00,V2,,,
E25-00191,1,P25-0095,10,100017,52,CAR,82792.32,V0,,,
E25-00191,2,P25-0095,20,100027,5,CAR,4675.20,V0,,,
E25-00191,3,P25-0095,40,100006,107,CAR,18581.62,V0,,,
E25-00192,1,P25-0108,10,400001,125,REAM,7750.00,V2,,,
E25-00192,2,P25-0108,20,400002,6750,PCE,7236.00,V2,,,
E25-00194,1,P25-0052,10,200002,61,BDL,42973.89,V2,,,
E25-00194,2,P25-0052,20,200004,99,PCE,142082.82,V2,,,
E25-00196,1,P25-0066,10,300008,27,BOX,30412.80,V2,,,
E25-00197,1,,,,1,,96862.14,V2,6600,9200,Audit fee instalment
E25-00198,1,P25-0089,10,300006,80,BTL,27684.00,V2,,,
E25-00198,2,P25-0089,20,300004,222,BTL,46467.56,V2,,,
E25-00198,3,P25-0089,30,300005,5,PCE,16965.00,V2,,,
E25-00200,1,P25-0117,10,200002,40,BDL,28372.80,V2,,,
E25-00200,2,P25-0117,20,200001,22,BDL,10140.24,V2,,,
E25-00201,1,,,,1,,128956.02,V2,6510,9300,Congress participation
E25-00203,1,P25-0046,10,100023,78,CAR,56908.80,V0,,,
E25-00203,2,P25-0046,30,100016,23,CAR,4071.00,V0,,,
E25-00203,3,P25-0046,40,100009,34,CAR,68707.20,V0,,,
E25-00205,1,P25-0054,20,500002,20,PCE,9200.00,V2,,,
E25-00207,1,P25-0071,10,100015,58,CAR,9827.52,V0,,,
E25-00207,2,P25-0071,20,100005,19,CAR,4085.76,V0,,,
E25-00207,3,P25-0071,30,100023,2,CAR,1459.20,V0,,,
E25-00209,1,P25-0051,10,100030,38,CAR,1925.84,V0,,,
E25-00209,2,P25-0051,20,100007,43,CAR,20670.96,V0,,,
E25-00209,3,P25-0051,30,100029,2,CAR,367.92,V0,,,
E25-00211,1,P25-0079,10,200006,34,BAG,22002.76,V2,,,
E25-00211,2,P25-0079,20,200005,110,CAR,44413.60,V2,,,
E25-00213,1,P25-0036,20,100027,24,CAR,22440.96,V0,,,
E25-00215,1,P25-0065,10,200009,24500,PCE,4704.00,V2,,,
E25-00215,2,P25-0065,20,200010,796000,PCE,44496.40,V2,,,
E25-00216,1,P25-0107,10,200004,68,PCE,99280.00,V2,,,
E25-00216,2,P25-0107,20,200001,177,BDL,80535.00,V2,,,
E25-00216,3,P25-0107,30,200003,155,BDL,61342.80,V2,,,
E25-00218,1,P25-0113,10,100026,16,CAR,34339.04,V0,,,
E25-00218,2,P25-0113,20,100001,36,CAR,13858.56,V0,,,
E25-00218,3,P25-0113,30,100027,26,CAR,24311.04,V0,,,
E25-00220,1,P25-0122,20,100011,62,CAR,55948.80,V0,,,
E25-00220,2,P25-0122,30,100009,18,CAR,36374.40,V0,,,
E25-00221,1,P25-0083,10,100020,5,CAR,1268.15,V0,,,
E25-00221,2,P25-0083,20,100009,15,CAR,30312.00,V0,,,
E25-00221,3,P25-0083,30,100022,5,CAR,1518.45,V0,,,
E25-00222,1,P25-0095,10,100017,2,CAR,3184.32,V0,,,
E25-00222,2,P25-0095,20,100027,12,CAR,11220.48,V0,,,
E25-00222,3,P25-0095,30,100029,70,CAR,12877.20,V0,,,
E25-00223,1,P25-0110,10,200002,145,BDL,100850.40,V2,,,
E25-00223,2,P25-0110,20,200004,64,PCE,92505.60,V2,,,
E25-00225,1,,,,1,,7800.00,V2,6990,,Office cleaning 10/2025
E25-00227,1,P25-0116,10,200007,80,CAR,37760.00,V2,,,
E25-00229,1,P25-0125,10,200017,164,CAR,33249.36,V2,,,
E25-00229,2,P25-0125,20,200016,4,PCE,1072.00,V2,,,
E25-00231,1,,,,1,,86000.00,V2,6100,9100,Office rent 10/2025
E25-00232,1,P25-0098,10,100013,46,CAR,15422.88,V0,,,
E25-00232,2,P25-0098,20,100014,85,CAR,43547.20,V0,,,
E25-00232,3,P25-0098,30,100009,62,CAR,125289.60,V0,,,
E25-00232,4,P25-0098,40,100007,96,CAR,46149.12,V0,,,
E25-00233,1,P25-0101,10,300003,8,BOX,19138.40,V2,,,
E25-00233,2,P25-0101,20,300002,20,CAR,12400.00,V2,,,
E25-00233,3,P25-0101,30,300001,4,CS,3920.00,V2,,,
E25-00235,1,,,,1,,17933.24,V2,6110,9100,Electricity and heating 10/2025
E25-00237,1,,,,1,,7204.75,V2,6410,9100,Telephony and data 10/2025
E25-00239,1,,,,1,,41500.00,V2,6200,9300,Car fleet leasing 10/2025
E25-00241,1,P25-0135,10,400001,180,REAM,11059.56,V2,,,
E25-00241,2,P25-0135,20,400002,2750,PCE,2948.00,V2,,,
E25-00242,1,P25-0099,10,300003,5,BOX,11750.00,V2,,,
E25-00244,1,P25-0123,10,200004,97,PCE,141620.00,V2,,,
E25-00244,2,P25-0123,20,200001,189,BDL,91336.14,V2,,,
E25-00246,1,P25-0128,10,500001,297,PCE,117656.55,V2,,,
E25-00246,2,P25-0128,20,500002,43,PCE,19918.46,V2,,,
E25-00248,1,P25-0129,10,200014,41,CAR,12829.31,V2,,,
E25-00248,2,P25-0129,20,200015,36,BDL,27424.80,V2,,,
E25-00250,1,,,,1,,12400.00,V2,6990,9400,Warehouse security 10/2025
E25-00251,1,,,,1,,3349.69,V2,6990,9300,Translation leaflet texts
E25-00252,1,,,,1,,108882.59,V2,6500,9300,Promotional materials campaign
E25-00254,1,P25-0117,10,200002,20,BDL,14186.40,V2,,,
E25-00254,2,P25-0117,20,200001,26,BDL,11983.92,V2,,,
E25-00255,1,P25-0155,10,300017,30,BOX,14040.00,V2,,,
E25-00256,1,P25-0130,10,200004,60,PCE,87600.00,V2,,,
E25-00258,1,P25-0136,10,200017,321,CAR,65410.17,V2,,,
E25-00258,2,P25-0136,20,200016,29,PCE,7772.00,V2,,,
E25-00258,3,P25-0136,30,200018,34,PCE,39157.12,V2,,,
E25-00259,1,P25-0083,10,100020,66,CAR,16739.58,V0,,,
E25-00259,2,P25-0083,20,100009,21,CAR,42436.80,V0,,,
E25-00259,3,P25-0083,30,100022,54,CAR,16399.26,V0,,,
E25-00260,1,P25-0099,10,300003,4,BOX,9400.00,V2,,,
E25-00262,1,P25-0125,10,200017,219,CAR,44400.06,V2,,,
E25-00262,2,P25-0125,20,200016,16,PCE,4288.00,V2,,,
E25-00264,1,P25-0142,10,300014,4,SET,2640.00,V0,,,
E25-00264,2,P25-0142,20,300015,5,PCE,6450.00,V0,,,
E25-00264,3,P25-0142,30,300013,1,PCE,7450.00,V0,,,
E25-00266,1,,,,1,,7571.59,V2,6990,9100,IT support hours
E25-00268,1,P25-0113,20,100001,9,CAR,3464.64,V0,,,
E25-00268,2,P25-0113,30,100027,2,CAR,1870.08,V0,,,
E25-00270,1,P25-0144,10,400003,9,BDL,1850.58,V2,,,
E25-00270,2,P25-0144,20,400004,4,CAR,2099.36,V2,,,
E25-00272,1,P25-0141,10,300012,2,PCE,830.60,V0,,,
E25-00272,2,P25-0141,20,300011,11,PCE,1981.54,V0,,,
E25-00273,1,P25-0101,10,300003,7,BOX,16746.10,V2,,,
E25-00273,2,P25-0101,20,300002,15,CAR,9300.00,V2,,,
E25-00273,3,P25-0101,30,300001,9,CS,8555.40,V2,,,
E25-00275,1,P25-0132,10,200002,15,BDL,10350.00,V2,,,
E25-00275,2,P25-0132,20,200004,4,PCE,5986.00,V2,,,
E25-00277,1,P25-0147,10,100002,68,CAR,111851.16,V0,,,
E25-00277,2,P25-0147,20,100008,100,CAR,22557.00,V0,,,
E25-00278,1,P25-0151,10,300006,56,BTL,19378.80,V2,,,
E25-00280,1,P25-0110,20,200004,0,PCE,1850.11,V2,,,price adjustment
E25-00282,1,P25-0122,20,100011,4,CAR,3609.60,V0,,,
E25-00282,2,P25-0122,30,100009,43,CAR,86894.40,V0,,,
E25-00284,1,P25-0138,10,300004,24,BTL,5100.00,V2,,,
E25-00285,1,,,,1,,22366.34,V2,6990,,IT support hours
E25-00286,1,P25-0149,10,200009,100000,PCE,19200.00,V2,,,
E25-00288,1,P25-0119,10,100024,2,CAR,778.18,V0,,,
E25-00288,2,P25-0119,20,100015,37,CAR,6269.28,V0,,,
E25-00290,1,P25-0148,10,200005,253,CAR,106528.18,V2,,,
E25-00290,2,P25-0148,20,200006,62,BAG,39716.58,V2,,,
E25-00290,3,P25-0148,30,200007,70,CAR,33105.80,V2,,,
E25-00292,1,P25-0153,10,200017,52,CAR,10968.88,V2,,,
E25-00292,2,P25-0153,20,200016,25,PCE,6579.50,V2,,,
E25-00293,1,,,,1,,41500.00,V2,6200,,Car fleet leasing 11/2025
E25-00294,1,,,,1,,81290.53,V2,6600,9200,Consulting pricing dossier
E25-00295,1,P25-0099,10,300003,19,BOX,44650.00,V2,,,
E25-00295,2,P25-0099,20,300002,17,CAR,10424.06,V2,,,
E25-00296,1,P25-0130,10,200004,60,PCE,87600.00,V2,,,
E25-00297,1,P25-0101,10,300003,8,BOX,19138.40,V2,,,
E25-00297,2,P25-0101,20,300002,5,CAR,3100.00,V2,,,
E25-00297,3,P25-0101,30,300001,42,CS,41160.00,V2,,,
E25-00299,1,P25-0168,10,200006,56,BAG,36680.00,V2,,,
E25-00299,2,P25-0168,20,200007,42,CAR,19824.00,V2,,,
E25-00300,1,,,,1,,86000.00,V2,6100,9100,Office rent 11/2025
E25-00301,1,,,,1,,7144.93,V2,6410,,Telephony and data 11/2025
E25-00303,1,P25-0132,10,200002,10,BDL,7314.00,V2,,,
E25-00303,2,P25-0132,20,200004,5,PCE,7482.50,V2,,,
E25-00305,1,P25-0132,10,200002,16,BDL,11040.00,V2,,,
E25-00305,2,P25-0132,20,200004,48,PCE,71832.00,V2,,,
E25-00307,1,P25-0175,10,300002,15,CAR,9095.40,V2,,,
E25-00308,1,,,,1,,7800.00,V2,6990,9100,Office cleaning 11/2025
E25-00309,1,,,,1,,12400.00,V2,6990,9400,Warehouse security 11/2025
E25-00311,1,,,,1,,4912.99,V2,6990,9400,Disposal of expired goods
E25-00313,1,P25-0178,10,500009,80,PCE,119200.00,V2,,,
E25-00314,1,,,,1,,17092.24,V2,6110,9100,Electricity and heating 11/2025
E25-00316,1,P25-0158,10,500004,10,SET,965.00,V0,,,
E25-00318,1,P25-0167,10,500001,40,PCE,15520.00,V2,,,
E25-00318,2,P25-0167,20,500002,15,PCE,6900.00,V2,,,
E25-00320,1,,,,1,,60033.39,V2,6990,,Insurance premium
E25-00322,1,P25-0169,10,500009,25,PCE,37250.00,V2,,,
E25-00322,2,P25-0169,20,500010,10,PCE,21400.00,V2,,,
E25-00324,1,P25-0138,10,300004,84,BTL,17850.00,V2,,,
E25-00326,1,P25-0177,10,200017,189,CAR,39867.66,V2,,,
E25-00328,1,P25-0181,10,200013,46000,PCE,14720.00,V2,,,
E25-00328,2,P25-0181,20,200012,29500,PCE,56433.50,V2,,,
E25-00330,1,P25-0031,10,200013,120000,PCE,38400.00,V2,,,
E25-00332,1,P25-0153,10,200017,22,CAR,4640.68,V2,,,
E25-00334,1,P25-0159,10,100014,86,CAR,44059.52,V0,,,
E25-00334,2,P25-0159,20,100020,7,CAR,1775.41,V0,,,
E25-00334,3,P25-0159,30,100025,9,CAR,19582.56,V0,,,
E25-00336,1,,,,1,,59475.10,V2,6500,9300,Promotional materials campaign
E25-00337,1,,,,1,,109183.91,V2,6500,9300,Promotional materials campaign
E25-00339,1,P25-0161,10,100014,51,CAR,26128.32,V0,,,
E25-00339,2,P25-0161,20,100018,16,CAR,26705.44,V0,,,
E25-00339,3,P25-0161,30,100006,101,CAR,17539.66,V0,,,
E25-00339,4,P25-0161,40,100016,86,CAR,15222.00,V0,,,
E25-00341,1,P25-0174,10,300001,36,CS,35950.32,V2,,,
E25-00341,2,P25-0174,20,300003,21,BOX,49350.00,V2,,,
E25-00343,1,P25-0122,10,100007,38,CAR,18267.36,V0,,,
E25-00343,2,P25-0122,20,100011,3,CAR,2707.20,V0,,,
E25-00343,3,P25-0122,30,100009,17,CAR,34353.60,V0,,,
E25-00345,1,P25-0164,10,400005,5,PCE,5586.25,V2,,,
E25-00345,2,P25-0164,20,400006,5,SET,13606.80,V2,,,
E25-00346,1,P25-0182,10,200006,61,BAG,41033.48,V2,,,
E25-00346,2,P25-0182,20,200007,80,CAR,38704.00,V2,,,
E25-00347,1,P25-0190,10,400002,5000,PCE,5435.00,V2,,,
E25-00347,2,P25-0190,20,400001,175,REAM,10524.50,V2,,,
E25-00348,1,P25-0201,10,200004,97,PCE,138504.36,V2,,,
E25-00348,2,P25-0201,20,200001,52,BDL,23920.00,V2,,,
E25-00348,3,P25-0201,30,200003,193,BDL,74884.00,V2,,,
E25-00350,1,P25-0171,10,200012,19000,PCE,34108.80,V2,,,
E25-00350,2,P25-0171,20,200011,6000,PCE,10744.08,V2,,,
E25-00351,1,P25-0189,10,500011,5,BOX,4374.35,V2,,,
E25-00351,2,P25-0189,20,500009,94,PCE,140760.30,V2,,,
E25-00353,1,P25-0158,10,500004,8,SET,772.00,V0,,,
E25-00355,1,P25-0159,20,100020,14,CAR,3550.82,V0,,,
E25-00355,2,P25-0159,30,100025,26,CAR,56571.84,V0,,,
E25-00357,1,,,,1,,15972.49,V2,6700,9400,Customs clearance and haulage
E25-00358,1,P25-0186,10,400003,8,BDL,1640.00,V2,,,
E25-00358,2,P25-0186,20,400004,10,CAR,5619.60,V2,,,
E25-00359,1,P25-0207,20,200007,3,CAR,1416.00,V2,,,
E25-00360,1,P25-0243,10,500007,8,PCE,26800.00,V2,,,
E25-00362,1,,,,1,,41500.00,V2,6200,9300,Car fleet leasing 12/2025
E25-00364,1,P25-0164,10,400005,1,PCE,1117.25,V2,,,
E25-00364,2,P25-0164,20,400006,1,SET,2721.36,V2,,,
E25-00365,1,P25-0196,10,300007,2,PCE,30068.20,V2,,,
E25-00365,2,P25-0196,20,300009,39,BOX,34987.68,V2,,,
E25-00365,3,P25-0196,30,300008,21,BOX,25546.71,V2,,,
E25-00367,1,,,,1,,86000.00,V2,6100,9100,Office rent 12/2025
E25-00369,1,,,,1,,7800.00,V2,6990,9100,Office cleaning 12/2025
E25-00371,1,,,,1,,12400.00,V2,6990,9400,Warehouse security 12/2025
E25-00373,1,,,,1,,14068.94,V2,6110,9100,Electricity and heating 12/2025
E25-00375,1,,,,1,,6958.42,V2,6410,9100,Telephony and data 12/2025
E25-00376,1,P25-0192,10,100015,15,CAR,2541.60,V0,,,
E25-00376,2,P25-0192,20,100009,2,CAR,4041.60,V0,,,
E25-00376,3,P25-0192,30,100002,4,CAR,6579.48,V0,,,
E25-00378,1,P25-0233,10,500009,79,PCE,120770.46,V2,,,
E25-00378,2,P25-0233,20,500010,5,PCE,10700.00,V2,,,
E25-00379,1,P25-0167,10,500001,40,PCE,15520.00,V2,,,
E25-00379,2,P25-0167,20,500002,15,PCE,6900.00,V2,,,
E25-00381,1,P25-0119,10,100024,41,CAR,15952.69,V0,,,
E25-00381,2,P25-0119,20,100015,24,CAR,4066.56,V0,,,
E25-00382,1,P25-0207,20,200007,3,CAR,1416.00,V2,,,
E25-00383,1,P25-0215,10,500001,51,PCE,19788.00,V2,,,
E25-00383,2,P25-0215,20,500002,36,PCE,16560.00,V2,,,
E25-00384,1,P25-0245,10,300013,3,PCE,22461.75,V0,,,
E25-00384,2,P25-0245,20,300014,8,SET,5311.68,V0,,,
E25-00384,3,P25-0245,30,300015,2,PCE,2626.44,V0,,,
E25-00385,1,P25-0249,10,500011,1,BOX,866.86,V2,,,
E25-00385,2,P25-0249,20,500010,1,PCE,2204.20,V2,,,
E25-00387,1,P25-0236,10,300010,7,SET,4541.46,V0,,,
E25-00387,2,P25-0236,20,300011,19,PCE,3545.02,V0,,,
E25-00389,1,,,,1,,34055.53,V2,6500,9300,Promotional materials campaign
E25-00391,1,P25-0158,10,500004,9,SET,937.98,V0,,,
E25-00391,2,P25-0158,20,500003,55,PCE,17384.95,V0,,,
E25-00392,1,P25-0206,10,200005,229,CAR,95103.70,V2,,,
E25-00392,2,P25-0206,20,200007,66,CAR,31588.26,V2,,,
E25-00393,1,P25-0209,10,400007,11,SET,3402.85,V2,,,
E25-00395,1,P25-0224,10,200003,31,BDL,12028.00,V2,,,
E25-00396,1,P25-0248,10,200005,108,CAR,45207.72,V2,,,
E25-00396,2,P25-0248,20,200006,120,BAG,79622.40,V2,,,
E25-00397,1,,,,1,,24892.03,V2,6700,9400,Customs clearance and haulage
E25-00398,1,P25-0195,10,200018,36,PCE,42480.00,V2,,,
E25-00399,1,P25-0240,10,100025,10,CAR,21758.40,V0,,,
E25-00399,2,P25-0240,20,100028,97,CAR,58100.09,V0,,,
E25-00399,3,P25-0240,30,100008,43,CAR,9699.51,V0,,,
E25-00401,1,P25-0164,10,400005,1,PCE,1117.25,V2,,,
E25-00401,2,P25-0164,20,400006,1,SET,2721.36,V2,,,
E25-00402,1,P25-0213,10,500002,38,PCE,17165.36,V2,,,
E25-00404,1,P25-0227,10,100026,45,CAR,96578.55,V0,,,
E25-00404,2,P25-0227,20,100017,44,CAR,70055.04,V0,,,
E25-00404,3,P25-0227,30,100029,44,CAR,8094.24,V0,,,
E25-00405,1,P25-0209,10,400007,7,SET,2255.68,V2,,,
E25-00407,1,P25-0219,10,100016,49,CAR,8673.00,V0,,,
E25-00407,2,P25-0219,20,100024,43,CAR,16730.87,V0,,,
E25-00407,3,P25-0219,30,100004,96,CAR,95684.16,V0,,,
E25-00407,4,P25-0219,40,100001,49,CAR,18863.04,V0,,,
E25-00409,1,P25-0234,10,200016,56,PCE,15008.00,V2,,,
E25-00409,2,P25-0234,30,200018,12,PCE,14386.56,V2,,,
E25-00410,1,P25-0251,10,400006,2,SET,5520.00,V2,,,
E25-00410,2,P25-0251,20,400005,5,PCE,5286.50,V2,,,
E25-00411,1,P25-0212,10,500010,3,PCE,6420.00,V2,,,
E25-00413,1,P25-0228,10,300001,52,CS,50960.00,V2,,,
E25-00413,2,P25-0228,20,300002,34,CAR,21080.00,V2,,,
E25-00414,1,P25-0249,10,500011,11,BOX,9535.46,V2,,,
E25-00414,2,P25-0249,20,500010,6,PCE,14283.24,V2,,,
E25-00415,1,P25-0254,10,500005,57,PCE,62440.65,V2,,,
E25-00415,2,P25-0254,20,500006,11,BOX,13420.00,V2,,,
E25-00417,1,P25-0255,10,100007,34,CAR,16344.48,V0,,,
E25-00417,2,P25-0255,20,100025,37,CAR,80506.08,V0,,,
E25-00417,3,P25-0255,30,100022,32,CAR,9718.08,V0,,,
E25-00417,4,P25-0255,40,100021,107,CAR,18297.00,V0,,,
