mat_no,descr,mat_grp,base_uom,ord_uom,conv_fact,std_price,price_cur,abc
100001,Meriflux 5 mg tbl 28x,FERT,PK,CAR,48,384.96,EUR,C
100002,Meriflux 10 mg tbl 28x,FERT,PK,CAR,48,1596.96,EUR,A
100003,Meriflux 20 mg tbl 56x,FERT,PK,CAR,24,830.88,EUR,
100004,Meritan 40 mg caps 30x,FERT,PK,CAR,24,967.68,EUR,C
100005,Meritan 100 mg/5 ml susp 100 ml,FERT,PK,CAR,12,215.04,EUR,A
100006,Meritan 250 mg inj 5 amp,FERT,PK,CAR,12,168.60,EUR,C
100007,Mericard crm 30 g,FERT,PK,CAR,24,480.72,EUR,
100008,Mericard inhal 120 dos,FERT,PK,CAR,12,219.00,EUR,A
100009,Mericard 5 mg tbl 28x,FERT,PK,CAR,48,2020.80,EUR,
100010,Merizol 10 mg tbl 28x,FERT,PK,CAR,48,1746.24,EUR,A
100011,Merizol 20 mg tbl 56x,FERT,PK,CAR,24,902.40,EUR,C
100012,Merizol 40 mg caps 30x,FERT,PK,CAR,24,803.28,EUR,B
100013,Merilip 100 mg/5 ml susp 100 ml,FERT,PK,CAR,12,335.28,EUR,B
100014,Merilip 250 mg inj 5 amp,FERT,PK,CAR,12,497.40,EUR,
100015,Merilip crm 30 g,FERT,PK,CAR,24,169.44,EUR,C
100016,Merigast inhal 120 dos,FERT,PK,CAR,12,171.84,EUR,B
100017,Merigast 5 mg tbl 28x,FERT,PK,CAR,48,1592.16,EUR,B
100018,MERIGAST 10 MG TBL 28X,FERT,PK,CAR,48,1620.48,EUR,
100019,Merivent 20 mg tbl 56x,FERT,PK,CAR,24,201.36,EUR,B
100020,Merivent 40 mg caps 30x,FERT,PK,CAR,24,246.24,EUR,C
100021,Merivent 100 mg/5 ml susp 100 ml,FERT,PK,CAR,12,171.00,EUR,C
100022,Merinor 250 mg inj 5 amp,FERT,PK,CAR,12,294.84,EUR,
100023,Merinor crm 30 g,FERT,PK,CAR,24,729.60,EUR,
100024,Merinor inhal 120 dos,FERT,PK,CAR,12,377.76,EUR,B
100025,Meripain 5 mg tbl 28x,FERT,PK,CAR,48,2175.84,EUR,A
100026,Meripain 10 mg tbl 28x,FERT,PK,CAR,48,2083.68,EUR,
100027,Meripain 20 mg tbl 56x,FERT,PK,CAR,24,935.04,EUR,
100028,Meriderm 40 mg caps 30x,FERT,PK,CAR,24,581.52,EUR,B
100029,Meriderm 100 mg/5 ml susp 100 ml,FERT,PK,CAR,12,183.96,EUR,
100030,Meriderm 250 mg inj 5 amp,FERT,PK,CAR,12,49.20,EUR,
200001,Shipping carton 400x300x250,PACK,PCE,BDL,25,455.00,NVK,
200002,Shipping carton 600x400x300,PACK,PCE,BDL,25,690.00,NVK,A
200003,Carton divider set,PACK,PCE,BDL,50,388.00,NVK,
200004,Pallet box heavy duty,PACK,PCE,PCE,1,1460.00,NVK,A
200005,Bubble  wrap 1.2 m,PACK,ROL,CAR,6,412.00,NVK,A
200006,PAPER FILLER 70 G,PACK,KG,BAG,15,655.00,NVK,C
200007,Packing tape 48 mm,PACK,ROL,CAR,36,472.00,NVK,
200008,Label thermal 100x60,PACK,PCE,ROL,1000,61.50,NVK,
200009,Label cold-chain warning,PACK,PCE,ROL,500,96.00,NVK,C
200010,Label serialisation blank 50x30,PACK,PCE,ROL,2000,111.80,NVK,
200011,Patient leaflet reprint type A,PACK,PCE,BOX,500,890.00,NVK,C
200012,Patient leaflet reprint type B,PACK,PCE,BOX,500,935.00,NVK,
200013,Outer sticker NVK price,PACK,PCE,BOX,2000,640.00,NVK,A
200014,Stretch film 500 mm 23 my,PACK,ROL,CAR,6,318.00,NVK,C
200015,SHRINK HOOD PALLET,PACK,PCE,BDL,50,742.50,NVK,
200016,Insulated shipper 12 l,PACK,PCE,PCE,1,268.00,NVK,C
200017,Gel pack 500 g,PACK,PCE,CAR,24,205.00,NVK,A
200018,Thermal blanket pallet,PACK,PCE,PCE,1,1180.00,NVK,B
300001,Pipette  tips 200 ul,LAB,PCE,CS,960,980.00,NVK,C
300002,Nitrile gloves M,LAB,BOX,CAR,10,620.00,NVK,A
300003,Sample vials 2 ml,LAB,PCE,BOX,100,2350.00,NVK,B
300004,Buffer solution pH 7,LAB,BTL,BOX,6,1275.00,NVK,A
300005,Reference standard kit,LAB,PCE,PCE,1,3480.00,NVK,B
300006,Solvent HPLC grade 2.5 l,LAB,BTL,BOX,4,1384.20,NVK,C
300007,HPLC column C18,LAB,PCE,PCE,1,14900.00,NVK,
300008,Filter membranes 0.45,LAB,PCE,BOX,100,1126.40,NVK,A
300009,Syringe filters,LAB,PCE,BOX,50,890.00,NVK,B
300010,Volumetric flask set,LAB,SET,SET,1,660.00,EUR,
300011,Glass burette 50 ml,LAB,PCE,PCE,1,184.00,EUR,C
300012,Desiccator  300 mm,LAB,PCE,PCE,1,412.00,EUR,B
300013,Analytical balance module,LAB,PCE,PCE,1,7450.00,EUR,A
300014,Calibration weight set,LAB,SET,SET,1,660.00,EUR,
300015,Stability chamber sensor,LAB,PCE,PCE,1,1290.00,EUR,
300016,Microbiology test kit,LAB,KIT,KIT,1,2140.00,NVK,
300017,Culture media plates,LAB,PCE,BOX,20,468.00,NVK,A
400001,Copy paper A4 80 g,OFF,REAM,BOX,5,310.00,NVK,B
400002,Envelopes C4,OFF,PCE,BOX,250,268.00,NVK,
400003,Archive box,OFF,PCE,BDL,20,205.00,NVK,
400004,Ring  binder A4,OFF,PCE,CAR,20,535.00,NVK,A
400005,Toner cartridge black,OFF,PCE,PCE,1,1090.00,NVK,A
400006,TONER CARTRIDGE COLOUR SET,OFF,SET,SET,1,2760.00,NVK,B
400007,Desk organiser set,OFF,SET,SET,1,315.00,NVK,B
400008,Whiteboard markers,OFF,PCE,BOX,10,142.00,NVK,B
500001,EUR pallet new,LOG,PCE,PCE,1,388.00,NVK,
500002,Pallet collar,LOG,PCE,PCE,1,460.00,NVK,B
500003,Cold box 60 l validated,LOG,PCE,PCE,1,318.00,EUR,A
500004,PCM panel set,LOG,SET,SET,1,96.50,EUR,C
500005,Cool container liner,LOG,PCE,PCE,1,1090.00,NVK,B
500006,Transport seal numbered,LOG,PCE,BOX,500,1220.00,NVK,A
500007,Roll container,LOG,PCE,PCE,1,3350.00,NVK,B
500008,Load securing strap,LOG,PCE,CAR,10,640.00,NVK,A
500009,Temperature data logger,LOG,PCE,PCE,1,1490.00,NVK,A
500010,Logger docking station,LOG,PCE,PCE,1,2140.00,NVK,A
500011,Humidity indicator card,LOG,PCE,BOX,200,890.00,NVK,C
