run_id,pay_doc,pay_dt,vend_no,payee,inv_doc,amt,cur,amt_lc,meth,bank_gl
PR2025-04,15004402,23.01.2025,70014,Tisk Lumar doo,51007327,52512.37,NVK,52512.37,TRF,1100
PR2025-04,15004403,23.01.2025,70051,Nepremicnine Castrum doo,51007331,103200.00,NVK,103200.00,TRF,1100
PR2025-04,15004405,23.01.2025,70052,Energija Norvania d.d.,51007332,12762.05,NVK,12762.05,TRF,1100
PR2025-04,15004406,23.01.2025,70053,NORVATEL D.D.,51007328,8161.52,NVK,8161.52,TRF,1100
PR2025-04,15004408,23.01.2025,70054,Autolease Vendra d,51007321,49800.00,NVK,49800.00,TRF,1100
PR2025-05,15004409,30.01.2025,70012,Brenko Pak,51007315,138176.52,NVK,138176.52,TRF,1100
PR2025-05,15004411,30.01.2025,70023,Analitika Preles doo,51007318,72664.32,NVK,72664.32,TRF,1100
PR2025-05,15004412,30.01.2025,70026,Medilab Torvan,51007348,30816.00,NVK,30816.00,TRF,1100
PR2025-05,15004414,30.01.2025,70031,Papirnica Osrek d.o.o.,51007337,10779.77,NVK,10779.77,TRF,1100
PR2025-05,15004414,30.01.2025,70031,Papirnica Osrek d.o.o.,51007340,16504.32,NVK,16504.32,TRF,1100
PR2025-05,15004415,30.01.2025,70064,Prevodi Semra s.p.,51007334,9516.19,NVK,9516.19,TRF,1100
PR2025-06,15004417,06.02.2025,70013,Etiketa Sorvin d.o.o.,51007320,12099.52,NVK,12099.52,TRF,1100
PR2025-06,15004418,06.02.2025,70014,Tisk Lumar d.o.o.,51007353,19704.60,NVK,19704.60,TRF,1100
PR2025-06,15004420,06.02.2025,70056,Varnost Tregal d.o.o.,51007322,14880.00,NVK,14880.00,TRF,1100
PR2025-06,15004421,06.02.2025,70064,PREVODI SEMRA S.P.,51007356,8200.01,NVK,8200.01,TRF,1100
PR2025-07,15004423,13.02.2025,70022,Reagens Mivor d.o.o.,51007335,39880.08,NVK,39880.08,TRF,1100
PR2025-07,15004424,13.02.2025,70032,Biro Dalven d.o.o.,51007336,13342.73,NVK,13342.73,TRF,1100
PR2025-07,15004424,13.02.2025,70032,Biro Dalven,51007368,-642.00,NVK,-642.00,TRF,1100
PR2025-07,15004426,13.02.2025,70042,Coldbox Systems Fennvik B.V.,51007312,32107.41,EUR,362460.55,TRF,1110
PR2025-07,15004427,13.02.2025,70055,CISTO SERVIS MALEN D.O.O.,51007329,9360.00,NVK,9360.00,TRF,1100
PR2025-08,15004429,20.02.2025,70013,Etiketa Sorvin d.o.o.,51007346,86072.30,NVK,86072.30,TRF,1100
PR2025-08,15004430,20.02.2025,70015,FOLIA TRAND D.O.O.,51007339,46359.97,NVK,46359.97,TRF,1100
PR2025-08,15004432,20.02.2025,70021,Labtek Soran d.o.o.,51007354,17856.00,NVK,17856.00,TRF,1100
PR2025-08,15004433,20.02.2025,70022,Reagens Mivor d.o.,51007347,38373.26,NVK,38373.26,TRF,1100
PR2025-08,15004435,20.02.2025,70032,Biro Dalven d.o.o.,51007344,3833.64,NVK,3833.64,TRF,1100
PR2025-08,15004436,20.02.2025,70033,Toner Servis Plavic d.o.o.,51007343,32204.93,NVK,32204.93,TRF,1100
PR2025-08,15004438,20.02.2025,70051,Nepremicnine Castrum d.o.o.,51007384,103200.00,NVK,103200.00,TRF,1100
PR2025-08,15004439,20.02.2025,70052,Energija Norvania d.d.,51007380,17616.18,NVK,17616.18,TRF,1100
PR2025-08,15004441,20.02.2025,70061,Hitra Dostava Norvania d.o.o.,51007385,5898.11,NVK,5898.11,TRF,1100
IC2025-09,15004442,25.02.2025,79001,Meridia Supply Chain B.V.,51007302,38628.48,EUR,436076.91,NETT,1110
IC2025-09,15004442,25.02.2025,79001,Meridia Supply Chain B.V.,51007304,312538.56,EUR,3528247.80,NETT,1110
IC2025-09,15004442,25.02.2025,79001,Meridia Supply Chain B.V.,51007306,73556.52,EUR,830379.55,NETT,1110
IC2025-09,15004442,25.02.2025,79001,MERIDIA SUPPLY CHAIN B.V.,51007308,167733.12,EUR,1893539.19,NETT,1110
IC2025-09,15004442,25.02.2025,79001,Meridia Supply Chain B.V.,51007310,137048.16,EUR,1547136.68,NETT,1110
PR2025-09,15004444,27.02.2025,70011,KARTONAZA VELMIR D.O.O.,51007370,201735.00,NVK,201735.00,TRF,1100
PR2025-09,15004445,27.02.2025,70015,Folia Trand d.o.o.,51007363,109170.84,NVK,109170.84,TRF,1100
PR2025-09,15004445,27.02.2025,70015,Folia Trand d.o.o.,51007364,13231.44,NVK,13231.44,TRF,1100
PR2025-09,15004447,27.02.2025,70021,LABTEK SORAN D.O.O.,51007355,1488.00,NVK,1488.00,TRF,1100
PR2025-09,15004447,27.02.2025,70021,Labtek Soran doo,51007414,-5952.00,NVK,-5952.00,TRF,1100
PR2025-09,15004448,27.02.2025,70023,Analitika Preles d.o.o.,51007367,37006.31,NVK,37006.31,TRF,1100
PR2025-09,15004450,27.02.2025,70032,Biro Dalven,51007362,14449.44,NVK,14449.44,TRF,1100
PR2025-09,15004451,27.02.2025,70034,Uredska Oprema Hrist d.o.o.,51007372,9226.80,NVK,9226.80,TRF,1100
PR2025-09,15004453,27.02.2025,70053,Norvatel d.d.,51007395,8365.36,NVK,8365.36,TRF,1100
PR2025-09,15004454,27.02.2025,70054,Autolease Vendra d.o.o.,51007392,49800.00,NVK,49800.00,TRF,1100
PR2025-10,15004456,06.03.2025,70022,Reagens Mivor d.o.,51007382,3322.08,NVK,3322.08,TRF,1100
PR2025-10,15004457,06.03.2025,70031,Papirnica Osrek d.o.o.,51007411,8040.00,NVK,8040.00,TRF,1100
PR2025-10,15004459,06.03.2025,70055,Cisto Servis Malen d.o.o.,51007376,9360.00,NVK,9360.00,TRF,1100
PR2025-10,15004460,06.03.2025,70056,Varnost Tregal d.o,51007378,14880.00,NVK,14880.00,TRF,1100
PR2025-10,15004462,06.03.2025,70063,Kongres Servis Lip,51007374,183192.17,NVK,183192.17,TRF,1100
PR2025-11,15004463,13.03.2025,70013,Etiketa Sorvin d.o.o.,51007403,120206.33,NVK,120206.33,TRF,1100
PR2025-11,15004465,13.03.2025,70022,REAGENS MIVOR D.O.O.,51007390,52669.44,NVK,52669.44,TRF,1100
PR2025-11,15004466,13.03.2025,70032,BIRO DALVEN D.O.O.,51007398,8679.79,NVK,8679.79,TRF,1100
PR2025-11,15004466,13.03.2025,70032,Biro Dalven d.o.o.,51007434,-642.00,NVK,-642.00,TRF,1100
PR2025-11,15004468,13.03.2025,70044,Logistika Materijal Benko d.o.o.,51007433,24120.00,NVK,24120.00,TRF,1100
PR2025-11,15004469,13.03.2025,70045,Senzor Tehnika Olvar d.o.o.,51007400,175578.60,NVK,175578.60,TRF,1100
PR2025-11,15004471,13.03.2025,70059,Odvetniki Strelan ,51007397,35960.93,NVK,35960.93,TRF,1100
PR2025-11,15004472,13.03.2025,70060,Agencija Pikto d.o.o.,51007393,139362.58,NVK,139362.58,TRF,1100
PR2025-11,15004474,13.03.2025,70068,Zavarovalnica Tirna d.d.,51007381,67954.86,NVK,67954.86,TRF,1100
PR2025-12,15004475,20.03.2025,70011,Kartonaza Velmir doo,51007410,135020.78,NVK,135020.78,TRF,1100
PR2025-12,15004477,20.03.2025,70051,Nepremicnine Castrum,51007442,103200.00,NVK,103200.00,TRF,1100
PR2025-12,15004478,20.03.2025,70052,Energija Norvania d.d.,51007435,14733.97,NVK,14733.97,TRF,1100
PR2025-12,15004480,20.03.2025,70053,Norvatel d.d.,51007432,8050.44,NVK,8050.44,TRF,1100
PR2025-12,15004481,20.03.2025,70054,Autolease Vendra d.o.o.,51007428,49800.00,NVK,49800.00,TRF,1100
IC2025-13,15004483,25.03.2025,79001,Meridia Supply Chain B.V.,51007314,92095.92,EUR,1043677.01,NETT,1110
IC2025-13,15004483,25.03.2025,79001,Meridia Supply Chain B.V.,51007317,227733.60,EUR,2580791.02,NETT,1110
IC2025-13,15004483,25.03.2025,79001,Meridia Supply Chain B.V.,51007324,99512.16,EUR,1127721.55,NETT,1110
IC2025-13,15004483,25.03.2025,79001,Meridia Supply Chain B.V.,51007326,56970.72,EUR,645620.68,NETT,1110
IC2025-13,15004483,25.03.2025,79001,Meridia Supply Chain B.V.,51007330,39678.96,EUR,449661.81,NETT,1110
IC2025-13,15004483,25.03.2025,79001,Meridia Supply Chain B.V.,51007338,76159.68,EUR,863079.57,NETT,1110
IC2025-13,15004483,25.03.2025,79001,MERIDIA SUPPLY CHAIN B.V.,51007342,125415.24,EUR,1421268.21,NETT,1110
IC2025-13,15004483,25.03.2025,79001,Meridia Supply Chain B.V.,51007349,19621.56,EUR,222361.33,NETT,1110
IC2025-13,15004483,25.03.2025,79001,MERIDIA SUPPLY CHAIN B.V.,51007351,87052.56,EUR,986523.14,NETT,1110
IC2025-13,15004483,25.03.2025,79001,Meridia Supply Cha,51007357,99627.36,EUR,1129027.06,NETT,1110
IC2025-13,15004483,25.03.2025,79001,Meridia Supply Chain B.V.,51007358,103710.72,EUR,1175301.73,NETT,1110
PR2025-13,15004484,27.03.2025,70011,Kartonaza Velmir d,51007423,143048.78,NVK,143048.78,TRF,1100
PR2025-13,15004486,27.03.2025,70012,Brenko Pak,51007416,225840.05,NVK,225840.05,TRF,1100
PR2025-13,15004487,27.03.2025,70014,Tisk Lumar d.o.o.,51007401,-394.09,NVK,-394.09,TRF,1100
PR2025-13,15004487,27.03.2025,70014,Tisk Lumar doo,51007454,160922.04,NVK,160922.04,TRF,1100
PR2025-13,15004489,27.03.2025,70024,Vitrum Laborbedarf Halden GmbH,51007418,9308.00,EUR,105482.91,TRF,1110
PR2025-13,15004490,27.03.2025,70032,Biro Dalven d.o.o.,51007413,3751.69,NVK,3751.69,TRF,1100
PR2025-13,15004492,27.03.2025,70041,Paleta Drovnik d.o.o.,51007419,69840.00,NVK,69840.00,TRF,1100
PR2025-13,15004492,27.03.2025,70041,Paleta Drovnik,51007421,118009.80,NVK,118009.80,TRF,1100
PR2025-13,15004493,27.03.2025,70058,Revizija Holmek d.o.o.,51007425,104964.04,NVK,104964.04,TRF,1100
PR2025-14,15004495,03.04.2025,70013,Etiketa Sorvin d.o.o.,51007439,56339.83,NVK,56339.83,TRF,1100
PR2025-14,15004496,03.04.2025,70041,Paleta Drovnik d.o.o.,51007431,96518.74,NVK,96518.74,TRF,1100
PR2025-14,15004498,03.04.2025,70064,Prevodi Semra s.p.,51007457,9278.39,NVK,9278.39,TRF,1100
PR2025-15,15004499,10.04.2025,70041,Paleta Drovnik d.o,51007437,155940.13,NVK,155940.13,TRF,1100
PR2025-15,15004499,10.04.2025,70041,Paleta Drovnik d.o.o.,51007475,-29184.89,NVK,-29184.89,TRF,1100
PR2025-15,15004501,10.04.2025,70055,Cisto Servis Malen doo,51007443,9360.00,NVK,9360.00,TRF,1100
PR2025-15,15004502,10.04.2025,70056,Varnost Tregal d.o.o.,51007444,14880.00,NVK,14880.00,TRF,1100
PR2025-16,15004504,17.04.2025,70052,Energija Norvania,51007480,17610.14,NVK,17610.14,TRF,1100
PR2025-16,15004505,17.04.2025,70054,AUTOLEASE VENDRA D.O.O.,51007482,49800.00,NVK,49800.00,TRF,1100
PR2025-16,15004507,17.04.2025,70065,Spedicija Karvel d.o.o.,51007459,39572.62,NVK,39572.62,TRF,1100
PR2025-16,15004508,17.04.2025,70068,Zavarovalnica Tirna,51007452,48295.34,NVK,48295.34,TRF,1100
PR2025-16,15004508,17.04.2025,70068,Zavarovalnica Tirna d.d.,51007455,95098.01,NVK,95098.01,TRF,1100
PR2025-17,15004510,24.04.2025,70011,Kartonaza Velmir d.o.o.,51007464,3444.43,NVK,3444.43,TRF,1100
PR2025-17,15004511,24.04.2025,70014,Tisk Lumar d.o.o.,51007492,16180.20,NVK,16180.20,TRF,1100
PR2025-17,15004513,24.04.2025,70031,Papirnica Osrek doo,51007497,16372.15,NVK,16372.15,TRF,1100
PR2025-17,15004514,24.04.2025,70032,Biro Dalven d.o.o.,51007461,5520.00,NVK,5520.00,TRF,1100
PR2025-17,15004516,24.04.2025,70051,Nepremicnine Castr,51007489,103200.00,NVK,103200.00,TRF,1100
PR2025-17,15004517,24.04.2025,70053,Norvatel,51007491,8566.52,NVK,8566.52,TRF,1100
IC2025-17,15004519,25.04.2025,79001,Meridia Supply Cha,51007359,98211.96,EUR,1110826.37,NETT,1110
IC2025-17,15004519,25.04.2025,79001,Meridia Supply Chain B.V.,51007361,137118.72,EUR,1550881.28,NETT,1110
IC2025-17,15004519,25.04.2025,79001,Meridia Supply Chain B.V.,51007366,242001.84,EUR,2737161.81,NETT,1110
IC2025-17,15004519,25.04.2025,79001,Meridia Supply Chain B.V.,51007386,97857.72,EUR,1106819.74,NETT,1110
IC2025-17,15004519,25.04.2025,79001,Meridia Supply Chain B.V.,51007388,102005.28,EUR,1153730.72,NETT,1110
IC2025-17,15004519,25.04.2025,79001,Meridia Supply Chain B.V.,51007404,44635.80,EUR,504853.22,NETT,1110
IC2025-17,15004519,25.04.2025,79001,Meridia Supply Chain B.V.,51007406,66146.04,EUR,748144.79,NETT,1110
IC2025-17,15004519,25.04.2025,79001,Meridia Supply Chain B.V.,51007408,350257.56,EUR,3961588.13,NETT,1110
PR2025-18,15004520,01.05.2025,70011,Kartonaza Velmir,51007465,99552.00,NVK,99552.00,TRF,1100
PR2025-18,15004520,01.05.2025,70011,Kartonaza Velmir d.o.o.,51007472,3444.43,NVK,3444.43,TRF,1100
PR2025-18,15004522,01.05.2025,70016,Ambalaza Krestov d.d.,51007450,63224.60,NVK,63224.60,TRF,1100
PR2025-18,15004523,01.05.2025,70022,Reagens Mivor d.o.o.,51007468,122813.96,NVK,122813.96,TRF,1100
PR2025-18,15004525,01.05.2025,70033,Toner Servis Plavic d.o.o.,51007466,36876.00,NVK,36876.00,TRF,1100
PR2025-18,15004526,01.05.2025,70067,Farma Odpad Rekol doo,51007473,21558.49,NVK,21558.49,TRF,1100
PR2025-18,15004526,01.05.2025,70067,Farma Odpad Rekol doo,51007486,8767.79,NVK,8767.79,TRF,1100
PR2025-19,15004528,08.05.2025,70055,CISTO SERVIS MALEN D.O.O.,51007470,9360.00,NVK,9360.00,TRF,1100
PR2025-19,15004529,08.05.2025,70056,Varnost Tregal d.o.o.,51007484,14880.00,NVK,14880.00,TRF,1100
PR2025-19,15004531,08.05.2025,70057,Konsalt Ribar d.o.o.,51007494,28630.32,NVK,28630.32,TRF,1100
PR2025-19,15004532,08.05.2025,70061,HITRA DOSTAVA NORVANIA D.O.O.,51007508,14323.50,NVK,14323.50,TRF,1100
PR2025-20,15004534,15.05.2025,70011,Kartonaza Velmir d.o.o.,51007493,253199.10,NVK,253199.10,TRF,1100
PR2025-20,15004535,15.05.2025,70014,Tisk Lumar d.o.o.,51007517,38448.00,NVK,38448.00,TRF,1100
PR2025-20,15004537,15.05.2025,70016,Ambalaza Krestov d,51007462,48501.36,NVK,48501.36,TRF,1100
PR2025-20,15004537,15.05.2025,70016,Ambalaza Krestov d.d.,51007546,-1416.00,NVK,-1416.00,TRF,1100
PR2025-20,15004538,15.05.2025,70022,Reagens Mivor d.o.o.,51007499,41919.26,NVK,41919.26,TRF,1100
PR2025-20,15004540,15.05.2025,70023,Analitika Preles d.o.o.,51007500,51427.96,NVK,51427.96,TRF,1100
PR2025-20,15004541,15.05.2025,70032,Biro Dalven d.o.o.,51007509,5520.00,NVK,5520.00,TRF,1100
PR2025-21,15004543,22.05.2025,70013,Etiketa Sorvin d.o.o.,51007511,166952.44,NVK,166952.44,TRF,1100
PR2025-21,15004544,22.05.2025,70014,TISK LUMAR D.O.O.,51007536,78994.01,NVK,78994.01,TRF,1100
PR2025-21,15004544,22.05.2025,70014,Tisk Lumar d.o.o.,51007547,66801.72,NVK,66801.72,TRF,1100
PR2025-21,15004546,22.05.2025,70016,Ambalaza Krestov d.d.,51007478,17371.20,NVK,17371.20,TRF,1100
PR2025-21,15004547,22.05.2025,70033,Toner Servis Plavic d.o.o.,51007503,33944.88,NVK,33944.88,TRF,1100
PR2025-21,15004549,22.05.2025,70041,Paleta Drovnik d.o.o.,51007506,49959.16,NVK,49959.16,TRF,1100
PR2025-21,15004550,22.05.2025,70043,Termo Log Savrin d.o.o.,51007514,273882.65,NVK,273882.65,TRF,1100
PR2025-21,15004552,22.05.2025,70051,Nepremicnine Castrum,51007537,103200.00,NVK,103200.00,TRF,1100
PR2025-21,15004553,22.05.2025,70052,Energija Norvania d.d.,51007544,12729.18,NVK,12729.18,TRF,1100
PR2025-21,15004555,22.05.2025,70053,Norvatel d.d.,51007555,8037.96,NVK,8037.96,TRF,1100
PR2025-21,15004556,22.05.2025,70054,Autolease Vendra doo,51007550,49800.00,NVK,49800.00,TRF,1100
PR2025-21,15004558,22.05.2025,70060,Agencija Pikto d.o.o.,51007505,134512.38,NVK,134512.38,TRF,1100
IC2025-22,15004559,26.05.2025,79001,Meridia Supply Chain B.V.,51007429,90136.32,EUR,1026111.87,NETT,1110
IC2025-22,15004559,26.05.2025,79001,Meridia Supply Chain B.V.,51007441,57292.32,EUR,652215.77,NETT,1110
IC2025-22,15004559,26.05.2025,79001,Meridia Supply Chain B.V.,51007445,56899.32,EUR,647741.86,NETT,1110
IC2025-22,15004559,26.05.2025,79001,Meridia Supply Chain B.V.,51007447,69588.48,EUR,792195.26,NETT,1110
IC2025-22,15004559,26.05.2025,79001,Meridia Supply Chain B.V.,51007449,84921.00,EUR,966740.66,NETT,1110
PR2025-22,15004561,29.05.2025,70015,Folia Trand d.o.o.,51007427,-529.26,NVK,-529.26,TRF,1100
PR2025-22,15004561,29.05.2025,70015,FOLIA TRAND D.O.O.,51007522,129508.37,NVK,129508.37,TRF,1100
PR2025-22,15004562,29.05.2025,70022,REAGENS MIVOR D.O.O.,51007515,30600.00,NVK,30600.00,TRF,1100
PR2025-22,15004562,29.05.2025,70022,Reagens Mivor d.o.o.,51007526,4176.00,NVK,4176.00,TRF,1100
PR2025-22,15004562,29.05.2025,70022,Reagens Mivor d.o.o.,51007566,-8535.74,NVK,-8535.74,TRF,1100
PR2025-22,15004564,29.05.2025,70026,Medilab Torvan d.o.o.,51007579,35304.00,NVK,35304.00,TRF,1100
PR2025-22,15004565,29.05.2025,70032,Biro Dalven d.o.o.,51007518,5658.00,NVK,5658.00,TRF,1100
PR2025-22,15004567,29.05.2025,70041,Paleta Drovnik d.o.o.,51007513,9552.91,NVK,9552.91,TRF,1100
PR2025-22,15004568,29.05.2025,70043,Termo Log Savrin d.o.o.,51007520,155895.41,NVK,155895.41,TRF,1100
PR2025-22,15004570,29.05.2025,70062,KADRI PLUS DORVAN D.O.O.,51007560,58194.18,NVK,58194.18,TRF,1100
PR2025-22,15004571,29.05.2025,70068,Zavarovalnica Tirna d.d.,51007524,71120.17,NVK,71120.17,TRF,1100
PR2025-23,15004573,05.06.2025,70013,Etiketa Sorvin d.o.o.,51007543,65706.26,NVK,65706.26,TRF,1100
PR2025-23,15004574,05.06.2025,70014,Tisk Lumar d.o.o.,51007581,30197.70,NVK,30197.70,TRF,1100
PR2025-23,15004576,05.06.2025,70016,Ambalaza Krestov d.d.,51007502,18652.80,NVK,18652.80,TRF,1100
PR2025-23,15004577,05.06.2025,70022,Reagens Mivor d.o.o.,51007541,98104.46,NVK,98104.46,TRF,1100
PR2025-23,15004579,05.06.2025,70032,Biro Dalven d.o.o.,51007531,10652.69,NVK,10652.69,TRF,1100
PR2025-23,15004580,05.06.2025,70041,Paleta Drovnik d.o.o.,51007548,23039.38,NVK,23039.38,TRF,1100
PR2025-23,15004580,05.06.2025,70041,Paleta Drovnik d.o.o.,51007599,-3957.60,NVK,-3957.60,TRF,1100
PR2025-23,15004582,05.06.2025,70055,Cisto Servis Malen d.o.o.,51007527,9360.00,NVK,9360.00,TRF,1100
PR2025-23,15004583,05.06.2025,70056,Varnost Tregal d.o.o.,51007551,14880.00,NVK,14880.00,TRF,1100
PR2025-24,15004585,12.06.2025,70016,Ambalaza Krestov d.d.,51007512,18794.16,NVK,18794.16,TRF,1100
PR2025-24,15004586,12.06.2025,70023,Analitika Preles d.o.o.,51007571,107280.00,NVK,107280.00,TRF,1100
PR2025-24,15004588,12.06.2025,70025,Sciomed Instruments Kereven GmbH,51007558,19124.63,EUR,218824.02,TRF,1110
PR2025-24,15004589,12.06.2025,70033,Toner Servis Plavic d.o.o.,51007567,18312.00,NVK,18312.00,TRF,1100
PR2025-24,15004591,12.06.2025,70043,Termo Log Savrin d.o.o.,51007549,343746.02,NVK,343746.02,TRF,1100
PR2025-24,15004591,12.06.2025,70043,Termo Log Savrin d.o.o.,51007554,33293.83,NVK,33293.83,TRF,1100
PR2025-24,15004591,12.06.2025,70043,Termo Log Savrin d.o.o.,51007564,355800.19,NVK,355800.19,TRF,1100
PR2025-24,15004592,12.06.2025,70059,Odvetniki Strelan in partnerji o.p.,51007552,44605.54,NVK,44605.54,TRF,1100
PR2025-24,15004594,12.06.2025,70066,Sistemi Datren d.o.o.,51007562,26322.10,NVK,26322.10,TRF,1100
PR2025-25,15004595,19.06.2025,70011,Kartonaza Velmir d.o.o.,51007585,178963.08,NVK,178963.08,TRF,1100
PR2025-25,15004597,19.06.2025,70012,Brenko Pak d.o.o.,51007574,42709.88,NVK,42709.88,TRF,1100
PR2025-25,15004598,19.06.2025,70016,Ambalaza Krestov,51007529,33912.86,NVK,33912.86,TRF,1100
PR2025-25,15004598,19.06.2025,70016,Ambalaza Krestov d.d.,51007539,5145.60,NVK,5145.60,TRF,1100
PR2025-25,15004600,19.06.2025,70023,Analitika Preles d.o.o.,51007576,122390.28,NVK,122390.28,TRF,1100
PR2025-25,15004600,19.06.2025,70023,Analitika Preles d.o.o.,51007578,27547.20,NVK,27547.20,TRF,1100
PR2025-25,15004601,19.06.2025,70025,Sciomed Instruments Kereven GmbH,51007593,3234.00,EUR,37003.43,TRF,1110
PR2025-25,15004603,19.06.2025,70032,Biro Dalven,51007572,5446.27,NVK,5446.27,TRF,1100
PR2025-25,15004604,19.06.2025,70041,Paleta Drovnik d.o.o.,51007587,127176.00,NVK,127176.00,TRF,1100
PR2025-25,15004606,19.06.2025,70051,Nepremicnine Castrum d.o.o.,51007617,103200.00,NVK,103200.00,TRF,1100
PR2025-25,15004607,19.06.2025,70053,NORVATEL D.D.,51007619,8724.70,NVK,8724.70,TRF,1100
PR2025-25,15004609,19.06.2025,70054,Autolease Vendra d.o.o.,51007621,49800.00,NVK,49800.00,TRF,1100
PR2025-25,15004610,19.06.2025,70066,Sistemi Datren d.o.o.,51007588,17370.89,NVK,17370.89,TRF,1100
IC2025-26,15004612,25.06.2025,79001,Meridia Supply Chain B.V.,51007476,28258.80,EUR,323337.19,NETT,1110
IC2025-26,15004612,25.06.2025,79001,Meridia Supply Chain B.V.,51007487,100522.20,EUR,1150175.01,NETT,1110
IC2025-26,15004612,25.06.2025,79001,Meridia Supply Chain B.V.,51007495,68440.56,EUR,783096.89,NETT,1110
PR2025-26,15004613,26.06.2025,70012,BRENKO PAK D.O.O.,51007591,22837.25,NVK,22837.25,TRF,1100
PR2025-26,15004615,26.06.2025,70013,Etiketa Sorvin d.o.o.,51007594,61427.78,NVK,61427.78,TRF,1100
PR2025-26,15004615,26.06.2025,70013,Etiketa Sorvin d.o.o.,51007598,67080.00,NVK,67080.00,TRF,1100
PR2025-26,15004616,26.06.2025,70016,AMBALAZA KRESTOV D.D.,51007569,121523.76,NVK,121523.76,TRF,1100
PR2025-26,15004616,26.06.2025,70016,Ambalaza Krestov d.d.,51007639,-5664.00,NVK,-5664.00,TRF,1100
PR2025-26,15004618,26.06.2025,70021,Labtek Soran,51007596,86040.00,NVK,86040.00,TRF,1100
PR2025-26,15004619,26.06.2025,70032,Biro Dalven d.o.o.,51007589,3499.10,NVK,3499.10,TRF,1100
PR2025-26,15004621,26.06.2025,70052,Energija Norvania,51007631,21857.65,NVK,21857.65,TRF,1100
PR2025-27,Z25-0001,03.07.2025,70013,ETIKETA SORVIN D.O.O.,51007606,103978.38,NVK,103978.38,TRF,1100
PR2025-27,Z25-0003,03.07.2025,70031,Papirnica Osrek d.o.o.,51007533,-659.28,NVK,-659.28,TRF,1100
PR2025-27,Z25-0003,03.07.2025,70031,Papirnica Osrek,51007642,14443.18,NVK,14443.18,TRF,1100
PR2025-27,Z25-0004,03.07.2025,70045,SENZOR TEHNIKA OLVAR D.O.O.,51007600,194468.78,NVK,194468.78,TRF,1100
PR2025-27,Z25-0006,03.07.2025,70055,Cisto Servis Malen,51007623,9360.00,NVK,9360.00,TRF,1100
PR2025-27,Z25-0007,03.07.2025,70056,Varnost Tregal d.o.o.,51007609,14880.00,NVK,14880.00,TRF,1100
PR2025-27,Z25-0009,03.07.2025,70057,Konsalt Ribar d.o.o.,51007625,99228.61,NVK,99228.61,TRF,1100
PR2025-27,Z25-0010,03.07.2025,70062,Kadri Plus Dorvan doo,51007635,32179.52,NVK,32179.52,TRF,1100
PR2025-27,Z25-0012,03.07.2025,70063,Kongres Servis Lipan doo,51007602,49560.26,NVK,49560.26,TRF,1100
PR2025-27,Z25-0013,03.07.2025,70064,Prevodi Semra s.p.,51007644,6649.51,NVK,6649.51,TRF,1100
PR2025-28,Z25-0015,10.07.2025,70011,Kartonaza Velmir doo,51007626,166157.21,NVK,166157.21,TRF,1100
PR2025-28,Z25-0016,10.07.2025,70012,Brenko Pak d.o.o.,51007613,566.40,NVK,566.40,TRF,1100
PR2025-28,Z25-0018,10.07.2025,70016,Ambalaza Krestov d.d.,51007583,30051.65,NVK,30051.65,TRF,1100
PR2025-28,Z25-0019,10.07.2025,70025,Sciomed Instruments Kereven GmbH,51007615,22081.80,EUR,253753.00,TRF,1110
PR2025-28,Z25-0021,10.07.2025,70033,Toner Servis Plavic d.o.o.,51007627,31337.93,NVK,31337.93,TRF,1100
PR2025-28,Z25-0022,10.07.2025,70066,Sistemi Datren d.o.o.,51007611,12066.12,NVK,12066.12,TRF,1100
PR2025-29,Z25-0024,17.07.2025,70033,Toner Servis Plavic d.o.o.,51007629,21096.00,NVK,21096.00,TRF,1100
PR2025-29,Z25-0024,17.07.2025,70033,Toner Servis Plavic d.o.o.,E25-00039,-3312.00,NVK,-3312.00,TRF,1100
PR2025-29,Z25-0025,17.07.2025,70034,Uredska Oprema Hrist,51007634,12762.00,NVK,12762.00,TRF,1100
PR2025-29,Z25-0025,17.07.2025,70034,Uredska Oprema Hrist d.o.o.,E25-00032,-1536.19,NVK,-1536.19,TRF,1100
PR2025-29,Z25-0027,17.07.2025,70052,ENERGIJA NORVANIA D.D.,E25-00015,21443.21,NVK,21443.21,TRF,1100
PR2025-29,Z25-0028,17.07.2025,70066,Sistemi Datren d.o.o.,51007636,35761.04,NVK,35761.04,TRF,1100
PR2025-29,Z25-0030,17.07.2025,70068,Zavarovalnica Tirna d.d.,51007637,77045.86,NVK,77045.86,TRF,1100
PR2025-30,Z25-0031,24.07.2025,70013,Etiketa Sorvin d.o.o.,51007647,73800.00,NVK,73800.00,TRF,1100
PR2025-30,Z25-0033,24.07.2025,70021,Labtek Soran d.o.o.,51007641,36704.28,NVK,36704.28,TRF,1100
PR2025-30,Z25-0034,24.07.2025,70034,Uredska Oprema Hrist d.o.o.,51007649,13349.88,NVK,13349.88,TRF,1100
PR2025-30,Z25-0034,24.07.2025,70034,Uredska Oprema Hrist d.o.o.,51007650,4224.53,NVK,4224.53,TRF,1100
PR2025-30,Z25-0034,24.07.2025,70034,Uredska Oprema Hrist doo,E25-00048,-2268.00,NVK,-2268.00,TRF,1100
PR2025-30,Z25-0036,24.07.2025,70041,Paleta Drovnik,51007648,150722.64,NVK,150722.64,TRF,1100
PR2025-30,Z25-0037,24.07.2025,70043,Termo Log Savrin d.o.o.,51007651,233243.69,NVK,233243.69,TRF,1100
PR2025-30,Z25-0037,24.07.2025,70043,Termo Log Savrin d.o.o.,E25-00034,-130.31,NVK,-130.31,TRF,1100
PR2025-30,Z25-0039,24.07.2025,70051,Nepremicnine Castrum d.o.o.,E25-00029,103200.00,NVK,103200.00,TRF,1100
PR2025-30,Z25-0040,24.07.2025,70053,Norvatel d.d.,E25-00018,7891.92,NVK,7891.92,TRF,1100
PR2025-30,Z25-0042,24.07.2025,70054,Autolease Vendra d.o.o.,E25-00023,49800.00,NVK,49800.00,TRF,1100
PR2025-30,Z25-0043,24.07.2025,70058,Revizija Holmek d.o.o.,51007643,81502.51,NVK,81502.51,TRF,1100
IC2025-30,Z25-0045,25.07.2025,79001,MERIDIA SUPPLY CHAIN B.V.,51007516,125535.72,EUR,1442593.73,NETT,1110
IC2025-30,Z25-0045,25.07.2025,79001,Meridia Supply Chain B.V.,51007521,72504.96,EUR,833190.75,NETT,1110
IC2025-30,Z25-0045,25.07.2025,79001,MERIDIA SUPPLY CHAIN B.V.,51007534,43802.16,EUR,503352.52,NETT,1110
IC2025-30,Z25-0045,25.07.2025,79001,Meridia Supply Cha,51007556,187429.92,EUR,2153850.93,NETT,1110
PR2025-31,Z25-0046,31.07.2025,70011,Kartonaza Velmir d.o.o.,E25-00017,146803.25,NVK,146803.25,TRF,1100
PR2025-31,Z25-0048,31.07.2025,70032,Biro Dalven,51007652,-1249.68,NVK,-1249.68,TRF,1100
PR2025-31,Z25-0048,31.07.2025,70032,Biro Dalven d.o.o.,E25-00006,8058.77,NVK,8058.77,TRF,1100
PR2025-31,Z25-0049,31.07.2025,70034,Uredska Oprema Hrist doo,E25-00008,12146.35,NVK,12146.35,TRF,1100
PR2025-31,Z25-0051,31.07.2025,70059,Odvetniki Strelan in partnerji o.p.,E25-00004,17847.40,NVK,17847.40,TRF,1100
PR2025-31,Z25-0052,31.07.2025,70063,Kongres Servis Lipan d.o.o.,E25-00002,179906.34,NVK,179906.34,TRF,1100
PR2025-31,Z25-0052,31.07.2025,70063,Kongres Servis Lipan,E25-00007,59899.44,NVK,59899.44,TRF,1100
PR2025-32,Z25-0054,07.08.2025,70013,Etiketa Sorvin d.o.o.,E25-00012,106863.89,NVK,106863.89,TRF,1100
PR2025-32,Z25-0054,07.08.2025,70013,Etiketa Sorvin d.o,E25-00043,62029.80,NVK,62029.80,TRF,1100
PR2025-32,Z25-0055,07.08.2025,70015,FOLIA TRAND D.O.O.,E25-00014,51678.00,NVK,51678.00,TRF,1100
PR2025-32,Z25-0055,07.08.2025,70015,Folia Trand d.o.o.,E25-00076,-10692.00,NVK,-10692.00,TRF,1100
PR2025-32,Z25-0057,07.08.2025,70022,Reagens Mivor d.o.o.,E25-00038,83302.51,NVK,83302.51,TRF,1100
PR2025-32,Z25-0058,07.08.2025,70024,Vitrum Laborbedarf Halden GmbH,E25-00036,2148.36,EUR,24777.04,TRF,1110
PR2025-32,Z25-0060,07.08.2025,70043,Termo Log Savrin doo,E25-00041,105423.53,NVK,105423.53,TRF,1100
PR2025-32,Z25-0061,07.08.2025,70045,Senzor Tehnika Olvar doo,E25-00010,72121.90,NVK,72121.90,TRF,1100
PR2025-32,Z25-0061,07.08.2025,70045,Senzor Tehnika Olvar d.o.o.,E25-00028,5136.00,NVK,5136.00,TRF,1100
PR2025-32,Z25-0063,07.08.2025,70055,CISTO SERVIS MALEN D.O.O.,E25-00024,9360.00,NVK,9360.00,TRF,1100
PR2025-32,Z25-0064,07.08.2025,70057,Konsalt Ribar d.o.o.,E25-00020,71071.27,NVK,71071.27,TRF,1100
PR2025-33,Z25-0066,14.08.2025,70025,Sciomed Instruments Kereven GmbH,E25-00050,13052.95,EUR,150539.67,TRF,1110
PR2025-33,Z25-0067,14.08.2025,70034,Uredska Oprema Hrist,E25-00047,5376.67,NVK,5376.67,TRF,1100
PR2025-33,Z25-0067,14.08.2025,70034,Uredska Oprema Hrist d.o.o.,E25-00093,-768.10,NVK,-768.10,TRF,1100
PR2025-33,Z25-0069,14.08.2025,70056,Varnost Tregal d.o.o.,E25-00030,14880.00,NVK,14880.00,TRF,1100
PR2025-33,Z25-0070,14.08.2025,70063,Kongres Servis Lipan d.o.o.,E25-00026,115341.41,NVK,115341.41,TRF,1100
PR2025-34,Z25-0072,21.08.2025,70013,Etiketa Sorvin d.o.o.,E25-00058,15678.96,NVK,15678.96,TRF,1100
PR2025-34,Z25-0073,21.08.2025,70015,Folia Trand d.o.o.,E25-00060,29640.60,NVK,29640.60,TRF,1100
PR2025-34,Z25-0075,21.08.2025,70021,LABTEK SORAN D.O.O.,E25-00051,89696.76,NVK,89696.76,TRF,1100
PR2025-34,Z25-0076,21.08.2025,70024,Vitrum Laborbedarf Halden GmbH,E25-00066,5996.12,EUR,69153.25,TRF,1110
PR2025-34,Z25-0078,21.08.2025,70052,ENERGIJA NORVANIA D.D.,E25-00090,23345.95,NVK,23345.95,TRF,1100
PR2025-34,Z25-0079,21.08.2025,70053,Norvatel d.d.,E25-00092,7625.29,NVK,7625.29,TRF,1100
PR2025-34,Z25-0081,21.08.2025,70054,AUTOLEASE VENDRA D.O.O.,E25-00102,49800.00,NVK,49800.00,TRF,1100
PR2025-34,Z25-0082,21.08.2025,70057,Konsalt Ribar d.o.o.,E25-00064,21664.10,NVK,21664.10,TRF,1100
IC2025-35,Z25-0084,25.08.2025,79001,Meridia Supply Chain B.V.,51007601,19928.64,EUR,229837.01,NETT,1110
IC2025-35,Z25-0084,25.08.2025,79001,MERIDIA SUPPLY CHAIN B.V.,51007604,182926.08,EUR,2109686.48,NETT,1110
IC2025-35,Z25-0084,25.08.2025,79001,Meridia Supply Chain B.V.,51007605,346965.84,EUR,4001557.03,NETT,1110
IC2025-35,Z25-0084,25.08.2025,79001,Meridia Supply Chain B.V.,51007607,2326.08,EUR,26826.68,NETT,1110
IC2025-35,Z25-0084,25.08.2025,79001,Meridia Supply Cha,51007628,360747.84,EUR,4160504.84,NETT,1110
IC2025-35,Z25-0084,25.08.2025,79001,Meridia Supply Chain B.V.,51007632,9744.48,EUR,112383.09,NETT,1110
IC2025-35,Z25-0084,25.08.2025,79001,Meridia Supply Cha,51007640,17563.56,EUR,202560.54,NETT,1110
IC2025-35,Z25-0084,25.08.2025,79001,MERIDIA SUPPLY CHAIN B.V.,51007645,56830.44,EUR,655425.46,NETT,1110
PR2025-35,Z25-0085,28.08.2025,70015,Folia Trand d.o.o.,E25-00055,133517.23,NVK,133517.23,TRF,1100
PR2025-35,Z25-0087,28.08.2025,70025,Sciomed Instruments Kereven GmbH,E25-00082,23645.61,EUR,272704.82,TRF,1110
PR2025-35,Z25-0088,28.08.2025,70032,Biro Dalven d.o.o.,E25-00072,14438.57,NVK,14438.57,TRF,1100
PR2025-35,Z25-0088,28.08.2025,70032,Biro Dalven d.o.o.,E25-00074,4599.58,NVK,4599.58,TRF,1100
PR2025-35,Z25-0088,28.08.2025,70032,BIRO DALVEN D.O.O.,E25-00080,6847.87,NVK,6847.87,TRF,1100
PR2025-35,Z25-0090,28.08.2025,70041,Paleta Drovnik d.o.o.,E25-00068,49395.97,NVK,49395.97,TRF,1100
PR2025-35,Z25-0091,28.08.2025,70051,Nepremicnine Castrum d.o.o.,E25-00113,103200.00,NVK,103200.00,TRF,1100
PR2025-35,Z25-0093,28.08.2025,70062,Kadri Plus Dorvan d.o.o.,E25-00115,57420.01,NVK,57420.01,TRF,1100
PR2025-36,Z25-0094,04.09.2025,70015,Folia Trand d.o.o.,E25-00078,3943.80,NVK,3943.80,TRF,1100
PR2025-36,Z25-0094,04.09.2025,70015,Folia Trand d.o.o.,E25-00086,71613.25,NVK,71613.25,TRF,1100
PR2025-36,Z25-0096,04.09.2025,70022,Reagens Mivor doo,E25-00084,8352.00,NVK,8352.00,TRF,1100
PR2025-36,Z25-0097,04.09.2025,70024,Vitrum Laborbedarf Halden GmbH,E25-00095,3006.13,EUR,34884.64,TRF,1110
PR2025-36,Z25-0099,04.09.2025,70043,Termo Log Savrin d.o.o.,E25-00088,188041.88,NVK,188041.88,TRF,1100
PR2025-36,Z25-0100,04.09.2025,70044,Logistika Materijal Benko d.o.o.,E25-00145,15360.00,NVK,15360.00,TRF,1100
PR2025-36,Z25-0102,04.09.2025,70064,Prevodi Semra s.p.,E25-00136,10084.74,NVK,10084.74,TRF,1100
PR2025-37,Z25-0103,11.09.2025,70013,Etiketa Sorvin,E25-00109,117010.74,NVK,117010.74,TRF,1100
PR2025-37,Z25-0105,11.09.2025,70032,Biro Dalven d.o.o.,E25-00118,1902.89,NVK,1902.89,TRF,1100
PR2025-37,Z25-0106,11.09.2025,70041,PALETA DROVNIK D.O.O.,E25-00100,45076.08,NVK,45076.08,TRF,1100
PR2025-37,Z25-0108,11.09.2025,70043,Termo Log Savrin d.o.o.,E25-00098,371585.02,NVK,371585.02,TRF,1100
PR2025-37,Z25-0108,11.09.2025,70043,Termo Log Savrin d,E25-00116,21960.00,NVK,21960.00,TRF,1100
PR2025-37,Z25-0108,11.09.2025,70043,Termo Log Savrin d.o.o.,E25-00122,286176.00,NVK,286176.00,TRF,1100
PR2025-37,Z25-0109,11.09.2025,70055,Cisto Servis Malen d.o.o.,E25-00104,9360.00,NVK,9360.00,TRF,1100
PR2025-37,Z25-0111,11.09.2025,70056,Varnost Tregal d.o.o.,E25-00106,14880.00,NVK,14880.00,TRF,1100
PR2025-37,Z25-0112,11.09.2025,70059,Odvetniki Strelan in partnerji o.p.,E25-00107,10254.35,NVK,10254.35,TRF,1100
PR2025-37,Z25-0114,11.09.2025,70061,Hitra Dostava Norvania,E25-00152,4861.86,NVK,4861.86,TRF,1100
PR2025-37,Z25-0115,11.09.2025,70062,Kadri Plus Dorvan d.o.o.,E25-00144,45129.65,NVK,45129.65,TRF,1100
PR2025-38,Z25-0117,18.09.2025,70013,Etiketa Sorvin d.o.o.,E25-00126,96081.37,NVK,96081.37,TRF,1100
PR2025-38,Z25-0118,18.09.2025,70043,Termo Log Savrin d.o.o.,E25-00124,284299.63,NVK,284299.63,TRF,1100
PR2025-38,Z25-0120,18.09.2025,70053,Norvatel d.d.,E25-00162,7695.49,NVK,7695.49,TRF,1100
PR2025-39,Z25-0121,25.09.2025,70011,Kartonaza Velmir d.o.o.,E25-00149,23702.30,NVK,23702.30,TRF,1100
PR2025-39,Z25-0123,25.09.2025,70013,ETIKETA SORVIN D.O.O.,E25-00141,7362.43,NVK,7362.43,TRF,1100
PR2025-39,Z25-0124,25.09.2025,70015,Folia Trand,E25-00147,61340.40,NVK,61340.40,TRF,1100
PR2025-39,Z25-0126,25.09.2025,70022,Reagens Mivor d.o.o.,E25-00143,43993.50,NVK,43993.50,TRF,1100
PR2025-39,Z25-0127,25.09.2025,70024,Vitrum Laborbedarf Halden GmbH,E25-00128,3240.60,EUR,37605.54,TRF,1110
PR2025-39,Z25-0127,25.09.2025,70024,Vitrum Laborbedarf Halden GmbH,E25-00132,3753.96,EUR,43562.83,TRF,1110
PR2025-39,Z25-0129,25.09.2025,70051,NEPREMICNINE CASTRUM D.O.O.,E25-00168,103200.00,NVK,103200.00,TRF,1100
PR2025-39,Z25-0130,25.09.2025,70052,ENERGIJA NORVANIA D.D.,E25-00170,17786.48,NVK,17786.48,TRF,1100
PR2025-39,Z25-0132,25.09.2025,70054,Autolease Vendra d,E25-00169,49800.00,NVK,49800.00,TRF,1100
IC2025-39,Z25-0133,25.09.2025,79001,Meridia Supply Chain B.V.,E25-00019,4456.80,EUR,51718.94,NETT,1110
IC2025-39,Z25-0133,25.09.2025,79001,Meridia Supply Chain B.V.,E25-00021,2023.56,EUR,23482.40,NETT,1110
IC2025-39,Z25-0133,25.09.2025,79001,Meridia Supply Cha,E25-00022,48639.36,EUR,564435.45,NETT,1110
IC2025-39,Z25-0133,25.09.2025,79001,MERIDIA SUPPLY CHAIN B.V.,E25-00031,13977.12,EUR,162197.49,NETT,1110
IC2025-39,Z25-0133,25.09.2025,79001,Meridia Supply Chain B.V.,E25-00046,61959.36,EUR,719007.39,NETT,1110
IC2025-39,Z25-0133,25.09.2025,79001,Meridia Supply Chain B.V.,E25-00053,212644.92,EUR,2467637.97,NETT,1110
IC2025-39,Z25-0133,25.09.2025,79001,MERIDIA SUPPLY CHAIN B.V.,E25-00056,147331.20,EUR,1709704.91,NETT,1110
IC2025-39,Z25-0133,25.09.2025,79001,Meridia Supply Chain B.V.,E25-00062,231590.32,EUR,2687489.87,NETT,1110
PR2025-40,Z25-0135,02.10.2025,70012,Brenko Pak d.o.o.,E25-00154,43680.00,NVK,43680.00,TRF,1100
PR2025-40,Z25-0136,02.10.2025,70022,Reagens Mivor doo,E25-00151,98681.76,NVK,98681.76,TRF,1100
PR2025-40,Z25-0138,02.10.2025,70041,Paleta Drovnik d.o.o.,E25-00156,177250.74,NVK,177250.74,TRF,1100
PR2025-40,Z25-0138,02.10.2025,70041,Paleta Drovnik d.o.o.,E25-00205,-11040.00,NVK,-11040.00,TRF,1100
PR2025-40,Z25-0139,02.10.2025,70065,Spedicija Karvel d,E25-00157,27108.95,NVK,27108.95,TRF,1100
PR2025-41,Z25-0141,09.10.2025,70013,Etiketa Sorvin d.o.o.,E25-00176,46105.20,NVK,46105.20,TRF,1100
PR2025-41,Z25-0142,09.10.2025,70015,Folia Trand,E25-00167,81432.00,NVK,81432.00,TRF,1100
PR2025-41,Z25-0144,09.10.2025,70031,Papirnica Osrek d.o.o.,E25-00044,-2498.21,NVK,-2498.21,TRF,1100
PR2025-41,Z25-0144,09.10.2025,70031,Papirnica Osrek,E25-00192,17983.20,NVK,17983.20,TRF,1100
PR2025-41,Z25-0145,09.10.2025,70034,Uredska Oprema Hrist doo,E25-00178,11110.80,NVK,11110.80,TRF,1100
PR2025-41,Z25-0147,09.10.2025,70055,Cisto Servis Malen d.o.o.,E25-00165,9360.00,NVK,9360.00,TRF,1100
PR2025-41,Z25-0148,09.10.2025,70056,Varnost Tregal d.o.o.,E25-00166,14880.00,NVK,14880.00,TRF,1100
PR2025-41,Z25-0150,09.10.2025,70058,Revizija Holmek d.o.o.,E25-00172,111840.14,NVK,111840.14,TRF,1100
PR2025-41,Z25-0151,09.10.2025,70059,Odvetniki Strelan in partnerji o.p.,E25-00164,24692.89,NVK,24692.89,TRF,1100
PR2025-42,Z25-0153,16.10.2025,70011,Kartonaza Velmir,E25-00194,222068.05,NVK,222068.05,TRF,1100
PR2025-42,Z25-0154,16.10.2025,70012,BRENKO PAK D.O.O.,E25-00190,91474.73,NVK,91474.73,TRF,1100
PR2025-42,Z25-0156,16.10.2025,70023,Analitika Preles,E25-00181,54236.04,NVK,54236.04,TRF,1100
PR2025-42,Z25-0156,16.10.2025,70023,Analitika Preles d.o.o.,E25-00182,27033.60,NVK,27033.60,TRF,1100
PR2025-42,Z25-0156,16.10.2025,70023,Analitika Preles d.o.o.,E25-00188,53640.00,NVK,53640.00,TRF,1100
PR2025-42,Z25-0157,16.10.2025,70045,Senzor Tehnika Olv,E25-00184,75422.21,NVK,75422.21,TRF,1100
PR2025-43,Z25-0159,23.10.2025,70011,KARTONAZA VELMIR D.O.O.,E25-00200,46215.65,NVK,46215.65,TRF,1100
PR2025-43,Z25-0160,23.10.2025,70022,Reagens Mivor d.o.o.,E25-00198,109339.87,NVK,109339.87,TRF,1100
PR2025-43,Z25-0162,23.10.2025,70023,Analitika Preles,E25-00196,36495.36,NVK,36495.36,TRF,1100
PR2025-43,Z25-0163,23.10.2025,70026,Medilab Torvan doo,E25-00255,16848.00,NVK,16848.00,TRF,1100
PR2025-43,Z25-0165,23.10.2025,70031,Papirnica Osrek doo,E25-00241,16809.07,NVK,16809.07,TRF,1100
PR2025-43,Z25-0166,23.10.2025,70051,Nepremicnine Castrum,E25-00231,103200.00,NVK,103200.00,TRF,1100
PR2025-43,Z25-0168,23.10.2025,70052,ENERGIJA NORVANIA D.D.,E25-00235,21519.89,NVK,21519.89,TRF,1100
PR2025-43,Z25-0169,23.10.2025,70053,Norvatel d.d.,E25-00237,8645.70,NVK,8645.70,TRF,1100
PR2025-43,Z25-0171,23.10.2025,70054,Autolease Vendra d.o.o.,E25-00239,49800.00,NVK,49800.00,TRF,1100
PR2025-43,Z25-0172,23.10.2025,70058,Revizija Holmek d.o.o.,E25-00197,116234.57,NVK,116234.57,TRF,1100
PR2025-43,Z25-0174,23.10.2025,70063,Kongres Servis Lipan d.o.o.,E25-00201,154747.22,NVK,154747.22,TRF,1100
PR2025-43,Z25-0175,23.10.2025,70064,Prevodi Semra s.p.,E25-00251,4019.63,NVK,4019.63,TRF,1100
IC2025-44,Z25-0177,27.10.2025,79001,MERIDIA SUPPLY CHAIN B.V.,E25-00070,99942.90,EUR,1157438.72,NETT,1110
IC2025-44,Z25-0177,27.10.2025,79001,Meridia Supply Chain B.V.,E25-00097,27425.58,EUR,317615.64,NETT,1110
IC2025-44,Z25-0177,27.10.2025,79001,Meridia Supply Chain B.V.,E25-00111,65618.24,EUR,759924.84,NETT,1110
IC2025-44,Z25-0177,27.10.2025,79001,Meridia Supply Chain B.V.,E25-00120,6310.80,EUR,73085.37,NETT,1110
IC2025-44,Z25-0177,27.10.2025,79001,Meridia Supply Chain B.V.,E25-00130,262681.46,EUR,3042113.99,NETT,1110
IC2025-44,Z25-0177,27.10.2025,79001,Meridia Supply Chain B.V.,E25-00134,83051.83,EUR,961823.24,NETT,1110
IC2025-44,Z25-0177,27.10.2025,79001,Meridia Supply Chain B.V.,E25-00138,265730.33,EUR,3077422.95,NETT,1110
IC2025-44,Z25-0177,27.10.2025,79001,MERIDIA SUPPLY CHAIN B.V.,E25-00140,26533.20,EUR,307280.99,NETT,1110
PR2025-44,Z25-0178,30.10.2025,70011,Kartonaza Velmir d,E25-00216,289389.36,NVK,289389.36,TRF,1100
PR2025-44,Z25-0178,30.10.2025,70011,Kartonaza Velmir,E25-00280,-2220.13,NVK,-2220.13,TRF,1100
PR2025-44,Z25-0180,30.10.2025,70012,Brenko Pak,E25-00211,79699.63,NVK,79699.63,TRF,1100
PR2025-44,Z25-0181,30.10.2025,70013,Etiketa Sorvin d.o.o.,E25-00215,59040.48,NVK,59040.48,TRF,1100
PR2025-45,Z25-0183,06.11.2025,70011,Kartonaza Velmir d.o.o.,E25-00223,232027.20,NVK,232027.20,TRF,1100
PR2025-45,Z25-0184,06.11.2025,70012,Brenko Pak d.o.o.,E25-00227,45312.00,NVK,45312.00,TRF,1100
PR2025-45,Z25-0186,06.11.2025,70015,Folia Trand d.o.o.,E25-00248,48304.93,NVK,48304.93,TRF,1100
PR2025-45,Z25-0187,06.11.2025,70021,Labtek Soran d.o.o.,E25-00233,42550.08,NVK,42550.08,TRF,1100
PR2025-45,Z25-0187,06.11.2025,70021,Labtek Soran d.o.o.,E25-00242,14100.00,NVK,14100.00,TRF,1100
PR2025-45,Z25-0189,06.11.2025,70055,Cisto Servis Malen d.o.o.,E25-00225,9360.00,NVK,9360.00,TRF,1100
PR2025-46,Z25-0190,13.11.2025,70011,Kartonaza Velmir d.o.o.,E25-00244,279547.37,NVK,279547.37,TRF,1100
PR2025-46,Z25-0190,13.11.2025,70011,Kartonaza Velmir,E25-00254,31404.38,NVK,31404.38,TRF,1100
PR2025-46,Z25-0190,13.11.2025,70011,Kartonaza Velmir,E25-00256,105120.00,NVK,105120.00,TRF,1100
PR2025-46,Z25-0192,13.11.2025,70021,Labtek Soran d.o.o.,E25-00260,11280.00,NVK,11280.00,TRF,1100
PR2025-46,Z25-0193,13.11.2025,70025,Sciomed Instruments Kereven GmbH,E25-00264,16540.00,EUR,193054.88,TRF,1110
PR2025-46,Z25-0195,13.11.2025,70041,Paleta Drovnik doo,E25-00246,165090.01,NVK,165090.01,TRF,1100
PR2025-46,Z25-0196,13.11.2025,70056,VARNOST TREGAL D.O.O.,E25-00250,14880.00,NVK,14880.00,TRF,1100
PR2025-46,Z25-0198,13.11.2025,70060,Agencija Pikto d.o.o.,E25-00252,130659.11,NVK,130659.11,TRF,1100
PR2025-46,Z25-0199,13.11.2025,70066,Sistemi Datren d.o.o.,E25-00266,9085.91,NVK,9085.91,TRF,1100
PR2025-47,Z25-0201,20.11.2025,70011,Kartonaza Velmir d.o.o.,E25-00275,19603.20,NVK,19603.20,TRF,1100
PR2025-47,Z25-0202,20.11.2025,70014,TISK LUMAR D.O.O.,E25-00330,46080.00,NVK,46080.00,TRF,1100
PR2025-47,Z25-0204,20.11.2025,70016,Ambalaza Krestov d.d.,E25-00229,41185.63,NVK,41185.63,TRF,1100
PR2025-47,Z25-0205,20.11.2025,70021,Labtek Soran doo,E25-00273,41521.80,NVK,41521.80,TRF,1100
PR2025-47,Z25-0207,20.11.2025,70022,Reagens Mivor d.o.o.,E25-00278,23254.56,NVK,23254.56,TRF,1100
PR2025-47,Z25-0208,20.11.2025,70024,Vitrum Laborbedarf Halden GmbH,E25-00272,2812.14,EUR,32823.30,TRF,1110
PR2025-47,Z25-0210,20.11.2025,70032,Biro Dalven d.o.o.,E25-00270,4739.93,NVK,4739.93,TRF,1100
PR2025-47,Z25-0211,20.11.2025,70051,Nepremicnine Castrum d.o.o.,E25-00300,103200.00,NVK,103200.00,TRF,1100
PR2025-47,Z25-0213,20.11.2025,70052,Energija Norvania d.d.,E25-00314,20510.69,NVK,20510.69,TRF,1100
PR2025-47,Z25-0214,20.11.2025,70053,Norvatel d.d.,E25-00301,8573.92,NVK,8573.92,TRF,1100
PR2025-47,Z25-0216,20.11.2025,70054,Autolease Vendra d.o.o.,E25-00293,49800.00,NVK,49800.00,TRF,1100
PR2025-47,Z25-0217,20.11.2025,70066,Sistemi Datren d.o.o.,E25-00285,26839.61,NVK,26839.61,TRF,1100
IC2025-48,Z25-0219,25.11.2025,79001,Meridia Supply Cha,E25-00159,71875.20,EUR,838927.33,NETT,1110
IC2025-48,Z25-0219,25.11.2025,79001,Meridia Supply Chain B.V.,E25-00161,89765.72,EUR,1047745.48,NETT,1110
IC2025-48,Z25-0219,25.11.2025,79001,Meridia Supply Chain B.V.,E25-00174,3055.92,EUR,35668.70,NETT,1110
IC2025-48,Z25-0219,25.11.2025,79001,Meridia Supply Chain B.V.,E25-00180,214248.05,EUR,2500703.24,NETT,1110
IC2025-48,Z25-0219,25.11.2025,79001,Meridia Supply Chain B.V.,E25-00183,163489.18,EUR,1908245.71,NETT,1110
IC2025-48,Z25-0219,25.11.2025,79001,Meridia Supply Chain B.V.,E25-00186,50382.72,EUR,588067.11,NETT,1110
IC2025-48,Z25-0219,25.11.2025,79001,Meridia Supply Chain B.V.,E25-00191,106049.14,EUR,1237805.56,NETT,1110
IC2025-48,Z25-0219,25.11.2025,79001,Meridia Supply Cha,E25-00203,129687.00,EUR,1513706.66,NETT,1110
IC2025-48,Z25-0219,25.11.2025,79001,Meridia Supply Chain B.V.,E25-00207,15372.48,EUR,179427.59,NETT,1110
IC2025-48,Z25-0219,25.11.2025,79001,Meridia Supply Chain B.V.,E25-00209,22964.72,EUR,268044.21,NETT,1110
PR2025-48,Z25-0220,27.11.2025,70012,Brenko Pak d.o.o.,E25-00290,215220.67,NVK,215220.67,TRF,1100
PR2025-48,Z25-0222,27.11.2025,70013,Etiketa Sorvin d.o,E25-00286,23040.00,NVK,23040.00,TRF,1100
PR2025-48,Z25-0223,27.11.2025,70016,Ambalaza Krestov d.d.,E25-00258,134807.15,NVK,134807.15,TRF,1100
PR2025-48,Z25-0225,27.11.2025,70022,Reagens Mivor d.o.,E25-00284,6120.00,NVK,6120.00,TRF,1100
PR2025-49,Z25-0226,04.12.2025,70011,Kartonaza Velmir,E25-00296,105120.00,NVK,105120.00,TRF,1100
PR2025-49,Z25-0228,04.12.2025,70012,Brenko Pak,E25-00299,67804.80,NVK,67804.80,TRF,1100
PR2025-49,Z25-0229,04.12.2025,70014,Tisk Lumar d.o.o.,E25-00328,85384.20,NVK,85384.20,TRF,1100
PR2025-49,Z25-0231,04.12.2025,70016,Ambalaza Krestov d.d.,E25-00262,58425.67,NVK,58425.67,TRF,1100
PR2025-49,Z25-0232,04.12.2025,70021,Labtek Soran d.o.o.,E25-00295,66088.87,NVK,66088.87,TRF,1100
PR2025-49,Z25-0232,04.12.2025,70021,Labtek Soran doo,E25-00297,76078.08,NVK,76078.08,TRF,1100
PR2025-49,Z25-0234,04.12.2025,70031,Papirnica Osrek d.o.o.,E25-00347,19151.40,NVK,19151.40,TRF,1100
PR2025-49,Z25-0235,04.12.2025,70056,Varnost Tregal d.o,E25-00309,14880.00,NVK,14880.00,TRF,1100
PR2025-49,Z25-0237,04.12.2025,70057,Konsalt Ribar,E25-00294,97548.64,NVK,97548.64,TRF,1100
PR2025-50,Z25-0238,11.12.2025,70011,Kartonaza Velmir d.o.o.,E25-00303,17755.80,NVK,17755.80,TRF,1100
PR2025-50,Z25-0238,11.12.2025,70011,Kartonaza Velmir,E25-00305,99446.40,NVK,99446.40,TRF,1100
PR2025-50,Z25-0240,11.12.2025,70014,Tisk Lumar d.o.o.,E25-00350,53823.46,NVK,53823.46,TRF,1100
PR2025-50,Z25-0241,11.12.2025,70016,Ambalaza Krestov,E25-00292,21058.06,NVK,21058.06,TRF,1100
PR2025-50,Z25-0243,11.12.2025,70021,Labtek Soran d.o.o.,E25-00307,10914.48,NVK,10914.48,TRF,1100
PR2025-50,Z25-0244,11.12.2025,70041,Paleta Drovnik doo,E25-00318,26904.00,NVK,26904.00,TRF,1100
PR2025-50,Z25-0246,11.12.2025,70044,Logistika Materijal Benko d.o.o.,E25-00360,32160.00,NVK,32160.00,TRF,1100
PR2025-50,Z25-0247,11.12.2025,70045,Senzor Tehnika Olvar d.o.o.,E25-00313,143040.00,NVK,143040.00,TRF,1100
PR2025-50,Z25-0249,11.12.2025,70055,CISTO SERVIS MALEN D.O.O.,E25-00308,9360.00,NVK,9360.00,TRF,1100
PR2025-50,Z25-0250,11.12.2025,70067,Farma Odpad Rekol,E25-00311,5895.59,NVK,5895.59,TRF,1100
PR2025-50,Z25-0252,11.12.2025,70068,Zavarovalnica Tirna d.d.,E25-00320,72040.07,NVK,72040.07,TRF,1100
PR2025-51,Z25-0253,18.12.2025,70012,Brenko Pak d.o.o.,E25-00346,95684.98,NVK,95684.98,TRF,1100
PR2025-51,Z25-0255,18.12.2025,70021,Labtek Soran d.o.o.,E25-00341,102360.38,NVK,102360.38,TRF,1100
PR2025-51,Z25-0256,18.12.2025,70022,Reagens Mivor d.o.o.,E25-00324,21420.00,NVK,21420.00,TRF,1100
PR2025-51,Z25-0258,18.12.2025,70033,Toner Servis Plavic d.o.o.,E25-00345,23031.66,NVK,23031.66,TRF,1100
PR2025-51,Z25-0259,18.12.2025,70045,Senzor Tehnika Olvar,E25-00322,70380.00,NVK,70380.00,TRF,1100
PR2025-51,Z25-0261,18.12.2025,70051,Nepremicnine Castrum d.o.o.,E25-00367,103200.00,NVK,103200.00,TRF,1100
PR2025-51,Z25-0262,18.12.2025,70054,Autolease Vendra d.o.o.,E25-00362,49800.00,NVK,49800.00,TRF,1100
PR2025-51,Z25-0264,18.12.2025,70060,AGENCIJA PIKTO D.O.O.,E25-00336,71370.12,NVK,71370.12,TRF,1100
PR2025-51,Z25-0264,18.12.2025,70060,Agencija Pikto d.o.o.,E25-00337,131020.69,NVK,131020.69,TRF,1100
PR2025-52,Z25-0265,25.12.2025,70011,Kartonaza Velmir doo,E25-00348,284770.03,NVK,284770.03,TRF,1100
PR2025-52,Z25-0267,25.12.2025,70042,Coldbox Systems Fennvik B.V.,E25-00316,965.00,EUR,11332.48,TRF,1110
PR2025-52,Z25-0268,25.12.2025,70052,Energija Norvania d.d.,E25-00373,16882.73,NVK,16882.73,TRF,1100
PR2025-52,Z25-0270,25.12.2025,70053,Norvatel d.d.,E25-00375,8350.10,NVK,8350.10,TRF,1100
IC2025-52,Z25-0271,25.12.2025,79001,Meridia Supply Chain B.V.,E25-00213,22440.96,EUR,263535.41,NETT,1110
IC2025-52,Z25-0271,25.12.2025,79001,Meridia Supply Chain B.V.,E25-00218,72508.64,EUR,851505.21,NETT,1110
IC2025-52,Z25-0271,25.12.2025,79001,Meridia Supply Cha,E25-00220,92323.20,EUR,1084197.50,NETT,1110
IC2025-52,Z25-0271,25.12.2025,79001,Meridia Supply Chain B.V.,E25-00221,33098.60,EUR,388693.41,NETT,1110
IC2025-52,Z25-0271,25.12.2025,79001,MERIDIA SUPPLY CHAIN B.V.,E25-00222,27282.00,EUR,320386.17,NETT,1110
IC2025-52,Z25-0271,25.12.2025,79001,MERIDIA SUPPLY CHAIN B.V.,E25-00232,230408.80,EUR,2705805.74,NETT,1110
IC2025-52,Z25-0271,25.12.2025,79001,Meridia Supply Chain B.V.,E25-00259,75575.64,EUR,887522.53,NETT,1110
IC2025-52,Z25-0271,25.12.2025,79001,Meridia Supply Chain B.V.,E25-00268,5334.72,EUR,62648.28,NETT,1110
IC2025-52,Z25-0271,25.12.2025,79001,Meridia Supply Chain B.V.,E25-00277,134408.16,EUR,1578422.23,NETT,1110
IC2025-52,Z25-0271,25.12.2025,79001,Meridia Supply Chain B.V.,E25-00282,90504.00,EUR,1062833.72,NETT,1110
IC2025-52,Z25-0271,25.12.2025,79001,Meridia Supply Chain B.V.,E25-00288,7047.46,EUR,82761.85,NETT,1110
