po_no,po_dt,vend_no,cur,buyer,pay_trm,crt_by,stat
45002012,20.11.2024,79001,EUR,E03,IC60,LNOV,C
45002015,22.11.2024,79001,EUR,E03,IC60,LNOV,C
45002016,25.11.2024,79001,EUR,E02,IC60,LNOV,C
45002018,25.11.2024,79001,EUR,E01,IC60,LNOV,C
45002021,26.11.2024,79001,EUR,E01,IC60,LNOV,C
45002022,05.12.2024,79001,EUR,E02,IC60,LNOV,C
45002024,06.12.2024,70042,EUR,E01,N45,PSIM,C
45002027,06.12.2024,79001,EUR,E01,IC60,LNOV,C
45002028,09.12.2024,79001,EUR,E03,IC60,LNOV,C
45002030,09.12.2024,79001,EUR,E01,IC60,LNOV,C
45002033,10.12.2024,70013,NVK,E02,N30,PSIM,O
45002034,10.12.2024,70023,NVK,,N30,PSIM,C
45002036,16.12.2024,70012,NVK,E01,N30,PSIM,C
45002039,16.12.2024,70033,NVK,E03,N30,PSIM,C
45002040,16.12.2024,79001,EUR,E02,IC60,LNOV,C
45002042,18.12.2024,70031,NVK,E02,N14,PSIM,C
45002045,24.12.2024,79001,EUR,E03,IC60,LNOV,C
45002046,26.12.2024,79001,EUR,E03,IC60,LNOV,C
45002048,27.12.2024,70014,NVK,E03,N14,PSIM,O
45002051,27.12.2024,70022,NVK,E02,N30,PSIM,C
45002052,27.12.2024,79001,EUR,E03,IC60,LNOV,C
45002054,27.12.2024,79001,EUR,E03,IC60,LNOV,C
45002057,30.12.2024,70021,NVK,E03,N30,PSIM,O
45002058,30.12.2024,70032,NVK,E02,N30,PSIM,C
45002060,30.12.2024,79001,EUR,E01,IC60,LNOV,C
45002063,31.12.2024,70032,NVK,E01,N30,PSIM,O
45002064,02.01.2025,70015,NVK,E02,N30,PSIM,C
45002066,03.01.2025,70022,NVK,E02,N30,PSIM,C
45002069,03.01.2025,70031,NVK,E02,N14,PSIM,C
45002070,03.01.2025,70032,NVK,E03,N30,PSIM,C
45002072,06.01.2025,70015,NVK,E02,N30,PSIM,C
45002075,06.01.2025,70015,NVK,E02,N30,PSIM,C
45002076,06.01.2025,79001,EUR,E02,IC60,LNOV,C
45002078,06.01.2025,79001,EUR,E03,IC60,LNOV,C
45002081,06.01.2025,79001,EUR,E02,IC60,LNOV,C
45002082,07.01.2025,70011,NVK,,N30,PSIM,C
45002084,09.01.2025,70034,NVK,E03,N30,PSIM,C
45002087,15.01.2025,79001,EUR,E03,IC60,LNOV,C
45002088,16.01.2025,70013,NVK,E02,N30,PSIM,O
45002090,17.01.2025,70045,NVK,E01,N30,PSIM,C
45002091,20.01.2025,70026,NVK,E03,ADV,PSIM,C
45002094,24.01.2025,70022,NVK,E02,N30,PSIM,C
45002095,27.01.2025,79001,EUR,E01,IC60,LNOV,C
45002097,30.01.2025,79001,EUR,E03,IC60,LNOV,C
45002100,31.01.2025,70012,NVK,E01,N30,PSIM,C
45002101,31.01.2025,70024,EUR,E02,N30,PSIM,C
45002103,03.02.2025,70011,NVK,,N30,PSIM,C
45002106,03.02.2025,70041,NVK,E02,N30,PSIM,C
45002107,03.02.2025,70031,NVK,E01,N14,PSIM,O
45002108,04.02.2025,70041,NVK,,N30,PSIM,C
45002110,04.02.2025,70041,NVK,E03,N30,PSIM,O
45002113,05.02.2025,70011,NVK,E01,N30,PSIM,C
45002114,07.02.2025,70032,NVK,E02,N30,PSIM,C
45002116,10.02.2025,70013,NVK,,N30,PSIM,O
45002119,10.02.2025,79001,EUR,E03,IC60,LNOV,C
45002120,10.02.2025,79001,EUR,E02,IC60,LNOV,C
45002121,17.02.2025,70041,NVK,E03,N30,PSIM,O
45002123,18.02.2025,70014,NVK,E01,N14,PSIM,O
45002126,18.02.2025,70016,NVK,E02,N45,PSIM,C
45002127,24.02.2025,70033,NVK,E02,N30,PSIM,C
45002129,03.03.2025,79001,EUR,E01,IC60,LNOV,C
45002131,03.03.2025,70044,NVK,E03,ADV,PSIM,C
45002134,06.03.2025,70016,NVK,E01,N45,PSIM,C
45002135,10.03.2025,79001,EUR,E03,IC60,LNOV,C
45002137,10.03.2025,70011,NVK,E01,N30,PSIM,C
45002139,10.03.2025,70032,NVK,E01,N30,PSIM,C
45002141,12.03.2025,79001,EUR,E03,IC60,LNOV,C
45002144,12.03.2025,70011,NVK,E02,N30,PSIM,C
45002147,13.03.2025,70032,NVK,E03,N30,PSIM,O
45002148,17.03.2025,70022,NVK,E02,N30,PSIM,C
45002150,17.03.2025,70022,NVK,E03,N30,PSIM,O
45002153,19.03.2025,70031,NVK,E03,N14,PSIM,O
45002154,21.03.2025,70016,NVK,E01,N45,PSIM,O
45002156,24.03.2025,70013,NVK,E03,N30,PSIM,O
45002159,28.03.2025,70023,NVK,E02,N30,PSIM,C
45002160,31.03.2025,70014,NVK,E01,N14,PSIM,C
45002162,02.04.2025,70011,NVK,E02,N30,PSIM,C
45002165,03.04.2025,70033,NVK,E02,N30,PSIM,C
45002166,03.04.2025,70041,NVK,E01,N30,PSIM,C
45002168,03.04.2025,79001,EUR,E01,IC60,LNOV,C
45002171,04.04.2025,70043,NVK,E01,N30,PSIM,C
45002172,07.04.2025,79001,EUR,E03,IC60,LNOV,C
45002174,07.04.2025,70014,NVK,E01,N14,PSIM,C
45002176,11.04.2025,70032,NVK,E02,N30,PSIM,O
45002179,14.04.2025,70033,NVK,E03,N30,PSIM,C
45002180,14.04.2025,70043,NVK,E03,N30,PSIM,C
45002182,14.04.2025,79001,EUR,E03,IC60,LNOV,C
45002184,14.04.2025,70022,NVK,E02,N30,PSIM,O
45002187,15.04.2025,70015,NVK,E03,N30,PSIM,O
45002188,16.04.2025,70022,NVK,E02,N30,PSIM,C
45002190,17.04.2025,70014,NVK,E01,N14,PSIM,C
45002193,17.04.2025,70043,NVK,E02,N30,PSIM,C
45002194,18.04.2025,70012,NVK,E01,N30,PSIM,C
45002196,21.04.2025,70016,NVK,E03,N45,PSIM,O
45002199,21.04.2025,70023,NVK,,N30,PSIM,C
45002200,22.04.2025,70011,NVK,E03,N30,PSIM,C
45002202,24.04.2025,79001,EUR,E02,IC60,LNOV,C
45002205,25.04.2025,70025,EUR,,N30,PSIM,C
45002206,25.04.2025,70032,NVK,E03,N30,PSIM,C
45002208,28.04.2025,70013,NVK,,N30,PSIM,C
45002211,28.04.2025,70016,NVK,E03,N45,PSIM,C
45002212,28.04.2025,70023,NVK,E03,N30,PSIM,C
45002214,29.04.2025,70023,NVK,E02,N30,PSIM,C
45002217,29.04.2025,70025,EUR,E03,N30,PSIM,C
45002218,30.04.2025,70043,NVK,E03,N30,PSIM,C
45002220,02.05.2025,70041,NVK,E03,N30,PSIM,C
45002223,05.05.2025,70013,NVK,E03,N30,PSIM,C
45002224,05.05.2025,79001,EUR,E02,IC60,LNOV,C
45002225,05.05.2025,70021,NVK,E03,N30,PSIM,O
45002227,12.05.2025,70013,NVK,E01,N30,PSIM,C
45002230,12.05.2025,70045,NVK,E03,N30,PSIM,C
45002231,12.05.2025,79001,EUR,E03,IC60,LNOV,C
45002232,12.05.2025,70013,NVK,E01,N30,PSIM,O
45002234,14.05.2025,70033,NVK,E01,N30,PSIM,C
45002237,15.05.2025,79001,EUR,E02,IC60,LNOV,C
45002238,19.05.2025,79001,EUR,E01,IC60,LNOV,C
45002240,19.05.2025,79001,EUR,E02,IC60,LNOV,C
45002243,19.05.2025,70026,NVK,,ADV,PSIM,C
45002246,23.05.2025,70041,NVK,E02,N30,PSIM,C
45002247,27.05.2025,70034,NVK,E03,N30,PSIM,O
45002249,28.05.2025,70033,NVK,E03,N30,PSIM,O
45002252,29.05.2025,70011,NVK,E02,N30,PSIM,C
45002253,02.06.2025,70021,NVK,E02,N30,PSIM,C
45002255,02.06.2025,70031,NVK,E03,N14,PSIM,O
45002258,02.06.2025,70034,NVK,E01,N30,PSIM,C
45002259,02.06.2025,79001,EUR,E01,IC60,LNOV,C
45002260,02.06.2025,70013,NVK,E03,N30,PSIM,O
45002262,03.06.2025,70034,NVK,E01,N30,PSIM,O
45002265,03.06.2025,79001,EUR,E03,IC60,LNOV,C
45002266,04.06.2025,70043,NVK,E03,N30,PSIM,C
45002268,09.06.2025,70032,NVK,E01,N30,PSIM,C
45002270,09.06.2025,70034,NVK,E03,N30,PSIM,O
45002273,10.06.2025,70011,NVK,E01,N30,PSIM,C
45002274,13.06.2025,79001,EUR,E03,IC60,LNOV,C
45002276,19.06.2025,70024,EUR,E01,N30,PSIM,C
45002279,23.06.2025,70045,NVK,E03,N30,PSIM,C
45002280,23.06.2025,70045,NVK,E01,N30,PSIM,C
45002282,24.06.2025,70013,NVK,E03,N30,PSIM,C
45002285,24.06.2025,79001,EUR,E03,IC60,LNOV,C
45002286,26.06.2025,70013,NVK,E03,N30,PSIM,O
45002288,26.06.2025,70015,NVK,E03,N30,PSIM,O
45002291,26.06.2025,70022,NVK,E03,N30,PSIM,C
45002292,30.06.2025,70022,NVK,E03,N30,PSIM,C
45002294,30.06.2025,70024,EUR,E01,N30,PSIM,C
P25-0003,01.07.2025,70015,NVK,E01,N30,PSIM,C
P25-0004,01.07.2025,70015,NVK,E03,N30,PSIM,C
P25-0006,01.07.2025,70025,EUR,E02,N30,PSIM,C
P25-0009,04.07.2025,70043,NVK,E03,N30,PSIM,C
P25-0010,07.07.2025,70032,NVK,E03,N30,PSIM,C
P25-0012,07.07.2025,79001,EUR,E03,IC60,LNOV,C
P25-0015,07.07.2025,79001,EUR,E01,IC60,LNOV,C
P25-0016,08.07.2025,70032,NVK,E01,N30,PSIM,C
P25-0018,10.07.2025,70015,NVK,E02,N30,PSIM,O
P25-0021,10.07.2025,70043,NVK,E02,N30,PSIM,O
P25-0022,16.07.2025,70041,NVK,E03,N30,PSIM,C
P25-0024,17.07.2025,70025,EUR,E01,N30,PSIM,C
P25-0027,18.07.2025,70043,NVK,E03,N30,PSIM,C
P25-0028,21.07.2025,79001,EUR,E03,IC60,LNOV,C
P25-0031,21.07.2025,70014,NVK,E02,N14,PSIM,C
P25-0033,23.07.2025,70013,NVK,,N30,PSIM,O
P25-0036,28.07.2025,79001,EUR,E03,IC60,LNOV,C
P25-0037,29.07.2025,70043,NVK,E02,N30,PSIM,C
P25-0039,30.07.2025,70024,EUR,E03,N30,PSIM,C
P25-0042,01.08.2025,70013,NVK,E01,N30,PSIM,O
P25-0045,04.08.2025,70043,NVK,E03,N30,PSIM,O
P25-0046,05.08.2025,79001,EUR,E03,IC60,LNOV,C
P25-0048,08.08.2025,70022,NVK,E01,N30,PSIM,C
P25-0051,08.08.2025,79001,EUR,E01,IC60,LNOV,C
P25-0052,11.08.2025,70011,NVK,E02,N30,PSIM,C
P25-0054,11.08.2025,70041,NVK,E01,N30,PSIM,O
P25-0057,11.08.2025,79001,EUR,,IC60,LNOV,C
P25-0059,11.08.2025,70012,NVK,E02,N30,PSIM,O
P25-0060,12.08.2025,79001,EUR,E03,IC60,LNOV,C
P25-0062,14.08.2025,70022,NVK,E02,N30,PSIM,C
P25-0065,18.08.2025,70013,NVK,E03,N30,PSIM,C
P25-0066,18.08.2025,70023,NVK,E01,N30,PSIM,C
P25-0068,18.08.2025,70034,NVK,E01,N30,PSIM,C
P25-0071,18.08.2025,79001,EUR,E02,IC60,LNOV,C
P25-0073,18.08.2025,70015,NVK,E03,N30,PSIM,O
P25-0076,18.08.2025,70043,NVK,E02,N30,PSIM,O
P25-0077,20.08.2025,79001,EUR,E03,IC60,LNOV,C
P25-0079,22.08.2025,70012,NVK,E02,N30,PSIM,O
P25-0082,22.08.2025,70023,NVK,E02,N30,PSIM,C
P25-0083,25.08.2025,79001,EUR,E02,IC60,LNOV,C
P25-0084,25.08.2025,70044,NVK,E02,ADV,PSIM,C
P25-0087,26.08.2025,70023,NVK,E01,N30,PSIM,O
P25-0089,28.08.2025,70022,NVK,E03,N30,PSIM,C
P25-0092,28.08.2025,79001,EUR,E02,IC60,LNOV,C
P25-0093,29.08.2025,70045,NVK,E02,N30,PSIM,C
P25-0095,29.08.2025,79001,EUR,E02,IC60,LNOV,C
P25-0098,05.09.2025,79001,EUR,E02,IC60,LNOV,C
P25-0099,08.09.2025,70021,NVK,E03,N30,PSIM,C
P25-0101,08.09.2025,70021,NVK,E03,N30,PSIM,C
P25-0104,08.09.2025,70023,NVK,E01,N30,PSIM,O
P25-0107,09.09.2025,70011,NVK,E02,N30,PSIM,C
P25-0108,10.09.2025,70031,NVK,,N14,PSIM,C
P25-0110,11.09.2025,70011,NVK,E03,N30,PSIM,C
P25-0113,15.09.2025,79001,EUR,E02,IC60,LNOV,C
P25-0116,15.09.2025,70012,NVK,E02,N30,PSIM,O
P25-0117,16.09.2025,70011,NVK,E01,N30,PSIM,C
P25-0119,16.09.2025,79001,EUR,E01,IC60,LNOV,C
P25-0122,16.09.2025,79001,EUR,E03,IC60,LNOV,C
P25-0123,17.09.2025,70011,NVK,E01,N30,PSIM,C
P25-0125,18.09.2025,70016,NVK,E03,N45,PSIM,C
P25-0128,18.09.2025,70041,NVK,E01,N30,PSIM,C
P25-0129,19.09.2025,70015,NVK,E02,N30,PSIM,C
P25-0130,22.09.2025,70011,NVK,E02,N30,PSIM,C
P25-0132,23.09.2025,70011,NVK,E01,N30,PSIM,C
P25-0135,26.09.2025,70031,NVK,E02,N14,PSIM,C
P25-0136,29.09.2025,70016,NVK,E01,N45,PSIM,C
P25-0138,29.09.2025,70022,NVK,E01,N30,PSIM,C
P25-0141,29.09.2025,70024,EUR,E03,N30,PSIM,C
P25-0142,01.10.2025,70025,EUR,E02,N30,PSIM,C
P25-0144,02.10.2025,70032,NVK,E01,N30,PSIM,C
P25-0147,03.10.2025,79001,EUR,E03,IC60,LNOV,C
P25-0148,06.10.2025,70012,NVK,E02,N30,PSIM,C
P25-0149,06.10.2025,70013,NVK,E01,N30,PSIM,O
P25-0151,06.10.2025,70022,NVK,E03,N30,PSIM,O
P25-0153,13.10.2025,70016,NVK,E03,N45,PSIM,C
P25-0155,13.10.2025,70026,NVK,E01,ADV,PSIM,C
P25-0158,15.10.2025,70042,EUR,E02,N45,PSIM,C
P25-0159,15.10.2025,79001,EUR,E02,IC60,LNOV,C
P25-0161,15.10.2025,79001,EUR,E03,IC60,LNOV,C
P25-0164,20.10.2025,70033,NVK,E01,N30,PSIM,C
P25-0167,20.10.2025,70041,NVK,E01,N30,PSIM,C
P25-0168,24.10.2025,70012,NVK,E01,N30,PSIM,C
P25-0169,27.10.2025,70045,NVK,E01,N30,PSIM,O
P25-0171,29.10.2025,70014,NVK,E03,N14,PSIM,C
P25-0174,30.10.2025,70021,NVK,,N30,PSIM,C
P25-0175,30.10.2025,70021,NVK,E01,N30,PSIM,C
P25-0177,03.11.2025,70016,NVK,E02,N45,PSIM,C
P25-0178,03.11.2025,70045,NVK,E01,N30,PSIM,O
P25-0181,04.11.2025,70014,NVK,E03,N14,PSIM,O
P25-0182,06.11.2025,70012,NVK,E02,N30,PSIM,C
P25-0184,06.11.2025,79001,EUR,E01,IC60,LNOV,O
P25-0186,10.11.2025,70032,NVK,E03,N30,PSIM,C
P25-0189,10.11.2025,70045,NVK,E03,N30,PSIM,C
P25-0190,11.11.2025,70031,NVK,E01,N14,PSIM,C
P25-0192,11.11.2025,79001,EUR,,IC60,LNOV,O
P25-0195,12.11.2025,70016,NVK,E01,N45,PSIM,C
P25-0196,13.11.2025,70023,NVK,,N30,PSIM,C
P25-0199,13.11.2025,79001,EUR,,IC60,LNOV,O
P25-0201,14.11.2025,70011,NVK,E01,N30,PSIM,C
P25-0203,17.11.2025,70025,NVK,E02,N30,PSIM,O
P25-0206,18.11.2025,70012,NVK,E02,N30,PSIM,C
P25-0207,19.11.2025,70012,NVK,E03,N30,PSIM,O
P25-0209,19.11.2025,70034,NVK,E02,N30,PSIM,C
P25-0212,20.11.2025,70045,NVK,E01,N30,PSIM,C
P25-0213,24.11.2025,70041,NVK,E03,N30,PSIM,O
P25-0215,24.11.2025,70041,NVK,E03,N30,PSIM,O
P25-0218,24.11.2025,70045,NVK,E03,N30,PSIM,O
P25-0219,24.11.2025,79001,EUR,E02,IC60,LNOV,O
P25-0222,24.11.2025,70012,NVK,E02,N30,PSIM,O
P25-0224,25.11.2025,70011,NVK,E02,N30,PSIM,O
P25-0227,25.11.2025,79001,EUR,E01,IC60,LNOV,O
P25-0228,26.11.2025,70021,NVK,,N30,PSIM,C
P25-0230,26.11.2025,79001,EUR,E03,IC60,LNOV,O
P25-0233,27.11.2025,70045,NVK,E02,N30,PSIM,C
P25-0234,01.12.2025,70016,NVK,E03,N45,PSIM,O
P25-0236,01.12.2025,70024,EUR,E01,N30,PSIM,C
P25-0239,01.12.2025,79001,EUR,E03,IC60,LNOV,O
P25-0240,01.12.2025,79001,EUR,E03,IC60,LNOV,O
P25-0243,01.12.2025,70044,NVK,E03,ADV,PSIM,O
P25-0245,02.12.2025,70025,EUR,E02,N30,PSIM,C
P25-0248,03.12.2025,70012,NVK,E03,N30,PSIM,C
P25-0249,05.12.2025,70045,NVK,E01,N30,PSIM,C
P25-0251,08.12.2025,70033,NVK,E03,N30,PSIM,C
P25-0254,08.12.2025,70043,NVK,,N30,PSIM,O
P25-0255,09.12.2025,79001,EUR,E01,IC60,LNOV,O
