po_no,pos,mat_no,short_txt,qty,ou,price,per,net_val,dlv_dt,chgd_on,dlv_compl,tax_cd
45002012,10,100007,Mericard crm 30 g,25,CAR,480.72,1,12018.00,,,X,V0
45002012,20,100019,Merivent 20 mg tbl 56x,93,CAR,201.36,1,18726.48,,,X,V0
45002012,30,100008,Mericard inhal 120 dos,36,CAR,219.00,1,7884.00,,,X,V0
45002015,10,100025,Meripain 5 mg tbl 28x,76,CAR,2175.84,1,165363.84,,,X,V0
45002015,20,100002,Meriflux 10 mg tbl 28x,10,CAR,1596.96,1,15969.60,,,X,V0
45002015,30,100023,Merinor crm 30 g,71,CAR,729.60,1,51801.60,,,X,V0
45002015,40,100018,Merigast 10 mg tbl 28x,49,CAR,1620.48,1,79403.52,,,X,V0
45002016,10,100009,Mericard 5 mg tbl 28x,26,CAR,2020.80,1,52540.80,,,X,V0
45002016,20,100006,Meritan 250 mg inj 5 amp,63,CAR,168.60,1,10621.80,,,X,V0
45002016,30,100001,Meriflux 5 mg tbl 28x,27,CAR,384.96,1,10393.92,,,X,V0
45002018,10,100007,Mericard crm 30 g,78,CAR,480.72,1,37496.16,,,X,V0
45002018,20,100023,Merinor crm 30 g,85,CAR,729.60,1,62016.00,,,X,V0
45002021,10,100004,Meritan 40 mg caps 30x,94,CAR,967.68,1,90961.92,,,X,V0
45002021,20,100028,Meriderm 40 mg caps 30x,88,CAR,581.52,1,51173.76,,,X,V0
45002021,30,100020,Merivent 40 mg caps 30x,33,CAR,246.24,1,8125.92,,,X,V0
45002021,40,100026,Meripain 10 mg tbl 28x,21,CAR,2083.68,1,43757.28,,,X,V0
45002022,10,100002,Meriflux 10 mg tbl 28x,28,CAR,1596.96,1,44714.88,,,X,V0
45002022,20,100012,Merizol 40 mg caps 30x,53,CAR,803.28,1,42573.84,,,X,V0
45002022,30,100007,Mericard crm 30 g,10,CAR,480.72,1,4807.20,,,X,V0
45002024,10,500003,Cold box 60 l validated,54,PCE,339.98,1,18358.92,,25.12.2024,X,V0
45002024,20,500004,PCM panel set,139,SET,98.91,1,13748.49,,,X,V0
45002027,10,100005,Meritan 100 mg/5 ml susp 100 m,33,CAR,215.04,1,7096.32,,,X,V0
45002027,20,100002,Meriflux 10 mg tbl 28x,82,CAR,1596.96,1,130950.72,,,X,V0
45002027,30,100010,Merizol 10 mg tbl 28x,17,CAR,1746.24,1,29686.08,,,X,V0
45002028,10,100005,Meritan 100 mg/5 ml susp 100 m,94,CAR,215.04,1,20213.76,,,X,V0
45002028,20,100028,Meriderm 40 mg caps 30x,108,CAR,581.52,1,62804.16,,,X,V0
45002028,30,100022,Merinor 250 mg inj 5 amp,88,CAR,294.84,1,25945.92,,,X,V0
45002028,40,100026,Meripain 10 mg tbl 28x,57,CAR,2083.68,1,118769.76,,,X,V0
45002030,10,100004,Meritan 40 mg caps 30x,92,CAR,967.68,1,89026.56,,,X,V0
45002030,20,100026,Meripain 10 mg tbl 28x,71,CAR,2083.68,1,147941.28,,,X,V0
45002030,30,100019,Merivent 20 mg tbl 56x,25,CAR,201.36,1,5034.00,,,X,V0
45002033,10,200009,Label cold-chain warning,193,ROL,94.08,1,18157.44,,,X,V2
45002033,20,200008,Label thermal 100x60,805,ROL,61.13,1,49209.65,,,X,V2
45002033,30,200010,Label serialisation blank 50x3,130,ROL,111.13,1,14446.90,,,X,V2
45002034,10,300007,HPLC column C18,4,PCE,15138.40,1,60553.60,,,X,V2
45002034,20,300008,Filter membranes 0.45,27,BOX,1142.17,1,30838.59,,,X,V2
45002036,10,200005,Bubble wrap 1.2 m,162,CAR,414.47,1,67144.14,,,X,V2
45002036,20,200007,Packing tape 48 mm,26,CAR,472.00,1,12272.00,,,X,V2
45002036,30,200006,Paper filler 70 g,50,BAG,660.90,1,33045.00,,,X,V2
45002039,10,400006,Toner cartridge colour set,8,SET,2809.68,1,22477.44,,,X,V2
45002039,20,400005,Toner cartridge black,4,PCE,1090.00,1,4360.00,,,X,V2
45002040,10,100016,Merigast inhal 120 dos,32,CAR,171.84,1,5498.88,,,X,V0
45002040,20,100022,Merinor 250 mg inj 5 amp,52,CAR,294.84,1,15331.68,,,X,V0
45002040,30,100023,Merinor crm 30 g,108,CAR,729.60,1,78796.80,,,X,V0
45002042,10,400002,Envelopes C4,22,BOX,271.22,1,5966.84,,,X,V2
45002042,20,400001,Copy paper A4 80 g,10,BOX,301.63,1,3016.30,,,X,V2
45002045,10,100026,Meripain 10 mg tbl 28x,11,CAR,2083.68,1,22920.48,,,X,V0
45002045,20,100029,Meriderm 100 mg/5 ml susp 100 ,15,CAR,183.96,1,2759.40,,,X,V0
45002045,30,100024,Merinor inhal 120 dos,89,CAR,377.76,1,33620.64,,,X,V0
45002046,10,100021,Merivent 100 mg/5 ml susp 100 ,38,CAR,171.00,1,6498.00,,,X,V0
45002046,20,100012,Merizol 40 mg caps 30x,59,CAR,803.28,1,47393.52,,,X,V0
45002046,30,100008,Mericard inhal 120 dos,66,CAR,219.00,1,14454.00,,,X,V0
45002046,40,100003,Meriflux 20 mg tbl 56x,104,CAR,830.88,1,86411.52,,,X,V0
45002048,10,200012,Patient leaflet reprint type B,45,BOX,954.64,1,42958.80,,,X,V2
45002048,20,200011,Patient leaflet reprint type A,19,BOX,912.25,1,17332.75,,,X,V2
45002051,10,300005,Reference standard kit,6,PCE,3462.60,1,20775.60,,,X,V2
45002051,20,300006,Solvent HPLC grade 2.5 l,11,BOX,1384.20,1,15226.20,,,X,V2
45002052,10,100018,Merigast 10 mg tbl 28x,70,CAR,1620.48,1,113433.60,,,X,V0
45002052,20,100027,Meripain 20 mg tbl 56x,86,CAR,935.04,1,80413.44,,,X,V0
45002054,10,100022,Merinor 250 mg inj 5 amp,96,CAR,294.84,1,28304.64,,,X,V0
45002054,20,100021,Merivent 100 mg/5 ml susp 100 ,92,CAR,171.00,1,15732.00,,,X,V0
45002054,30,100027,Meripain 20 mg tbl 56x,99,CAR,935.04,1,92568.96,,,X,V0
45002054,40,100019,Merivent 20 mg tbl 56x,31,CAR,201.36,1,6242.16,,,X,V0
45002057,10,300002,Nitrile gloves M,26,CAR,620.00,1,16120.00,,,,V2
45002058,10,400004,Ring binder A4,19,CAR,531.26,1,10093.94,,,X,V2
45002058,20,400003,Archive box,5,BDL,205.00,1,1025.00,,,X,V2
45002060,10,100001,Meriflux 5 mg tbl 28x,76,CAR,384.96,1,29256.96,,,X,V0
45002060,20,100008,Mericard inhal 120 dos,49,CAR,219.00,1,10731.00,,,X,V0
45002060,30,100005,Meritan 100 mg/5 ml susp 100 m,78,CAR,215.04,1,16773.12,,,X,V0
45002060,40,100014,Merilip 250 mg inj 5 amp,39,CAR,497.40,1,19398.60,,,X,V0
45002063,10,400003,Archive box,19,BDL,210.94,1,4007.86,,,X,V2
45002063,20,400004,Ring binder A4,12,CAR,535.00,1,6420.00,,,,V2
45002064,10,200015,Shrink hood pallet,24,BDL,763.29,1,18318.96,,,X,V2
45002064,20,200014,Stretch film 500 mm 23 my,63,CAR,322.45,1,20314.35,,,X,V2
45002066,10,300005,Reference standard kit,9,PCE,3553.08,1,31977.72,,,X,V2
45002069,10,400002,Envelopes C4,28,BOX,268.00,1,7504.00,,,X,V2
45002069,20,400001,Copy paper A4 80 g,20,BOX,312.48,1,6249.60,,,X,V2
45002070,10,400003,Archive box,40,BDL,208.28,1,8331.20,,,X,V2
45002070,20,400004,Ring binder A4,6,CAR,535.00,1,3210.00,,,X,V2
45002072,10,200014,Stretch film 500 mm 23 my,162,CAR,317.05,1,51362.10,,,X,V2
45002072,20,200015,Shrink hood pallet,52,BDL,761.80,1,39613.60,,,X,V2
45002075,10,200015,Shrink hood pallet,15,BDL,735.08,1,11026.20,,,X,V2
45002076,10,100020,Merivent 40 mg caps 30x,39,CAR,246.24,1,9603.36,,,X,V0
45002076,20,100027,Meripain 20 mg tbl 56x,54,CAR,935.04,1,50492.16,,,X,V0
45002076,30,100010,Merizol 10 mg tbl 28x,24,CAR,1746.24,1,41909.76,,,X,V0
45002078,10,100028,Meriderm 40 mg caps 30x,43,CAR,581.52,1,25005.36,,,X,V0
45002078,20,100019,Merivent 20 mg tbl 56x,80,CAR,201.36,1,16108.80,,,X,V0
45002078,30,100020,Merivent 40 mg caps 30x,10,CAR,246.24,1,2462.40,,,X,V0
45002078,40,100025,Meripain 5 mg tbl 28x,83,CAR,2175.84,1,180594.72,,,X,V0
45002081,10,100004,Meritan 40 mg caps 30x,33,CAR,967.68,1,31933.44,,,X,V0
45002081,20,100005,Meritan 100 mg/5 ml susp 100 m,50,CAR,215.04,1,10752.00,,,X,V0
45002081,30,100021,Merivent 100 mg/5 ml susp 100 ,23,CAR,171.00,1,3933.00,,,X,V0
45002081,40,100023,Merinor crm 30 g,108,CAR,729.60,1,78796.80,,,X,V0
45002082,10,200002,Shipping carton 600x400x300,115,BDL,700.35,1,80540.25,,,X,V2
45002082,20,200003,Carton divider set,83,BDL,403.47,1,33488.01,,27.01.2025,X,V2
45002082,30,200004,Pallet box heavy duty,36,PCE,1502.34,1,54084.24,,,X,V2
45002084,10,400008,Whiteboard markers,12,BOX,142.00,1,1704.00,,,X,V2
45002084,20,400007,Desk organiser set,19,SET,315.00,1,5985.00,,,X,V2
45002087,10,100014,Merilip 250 mg inj 5 amp,59,CAR,497.40,1,29346.60,,,X,V0
45002087,20,100025,Meripain 5 mg tbl 28x,11,CAR,2175.84,1,23934.24,,,X,V0
45002087,30,100030,Meriderm 250 mg inj 5 amp,97,CAR,49.20,1,4772.40,,,X,V0
45002087,40,100006,Meritan 250 mg inj 5 amp,48,CAR,168.60,1,8092.80,,,X,V0
45002088,10,200008,Label thermal 100x60,257,ROL,62.55,1,16075.35,,,X,V2
45002088,20,200010,Label serialisation blank 50x3,528,ROL,108.78,1,57435.84,,,X,V2
45002088,30,200009,Label cold-chain warning,278,ROL,96.00,1,26688.00,,,X,V2
45002090,10,500010,Logger docking station,5,PCE,2149.10,1,10745.50,,04.02.2025,X,V2
45002090,20,500009,Temperature data logger,88,PCE,1490.00,1,131120.00,,,X,V2
45002090,30,500011,Humidity indicator card,5,BOX,890.00,1,4450.00,,,X,V2
45002091,10,300016,Microbiology test kit,12,KIT,2140.00,1,25680.00,,,X,V2
45002094,10,300006,Solvent HPLC grade 2.5 l,19,BOX,1384.20,1,26299.80,,,X,V2
45002094,20,300005,Reference standard kit,5,PCE,3518.28,1,17591.40,,,X,V2
45002095,10,100019,Merivent 20 mg tbl 56x,42,CAR,201.36,1,8457.12,,,X,V0
45002095,20,100016,Merigast inhal 120 dos,83,CAR,171.84,1,14262.72,,,X,V0
45002095,30,100012,Merizol 40 mg caps 30x,57,CAR,803.28,1,45786.96,,,X,V0
45002095,40,100014,Merilip 250 mg inj 5 amp,33,CAR,497.40,1,16414.20,,,X,V0
45002097,10,100026,Meripain 10 mg tbl 28x,74,CAR,2083.68,1,154192.32,,,X,V0
45002097,20,100022,Merinor 250 mg inj 5 amp,89,CAR,294.84,1,26240.76,,,X,V0
45002097,30,100021,Merivent 100 mg/5 ml susp 100 ,36,CAR,171.00,1,6156.00,,,X,V0
45002097,40,100018,Merigast 10 mg tbl 28x,101,CAR,1620.48,1,163668.48,,,X,V0
45002100,10,200006,Paper filler 70 g,118,BAG,639.94,1,75512.92,,,X,V2
45002100,20,200005,Bubble wrap 1.2 m,243,CAR,410.76,1,99814.68,,,X,V2
45002100,30,200007,Packing tape 48 mm,28,CAR,459.73,1,12872.44,,,X,V2
45002101,10,300010,Volumetric flask set,12,SET,642.18,1,7706.16,,,X,V0
45002101,20,300012,Desiccator 300 mm,4,PCE,400.46,1,1601.84,,,X,V0
45002103,10,200001,Shipping carton 400x300x250,98,BDL,467.28,1,45793.44,,,X,V2
45002103,20,200003,Carton divider set,58,BDL,376.36,1,21828.88,,,X,V2
45002103,30,200004,Pallet box heavy duty,30,PCE,1496.50,1,44895.00,,,X,V2
45002106,10,500002,Pallet collar,68,PCE,460.00,1,31280.00,,,X,V2
45002106,20,500001,EUR pallet new,178,PCE,376.75,1,67061.50,,,X,V2
45002107,10,400002,Envelopes C4,25,BOX,268.00,1,6700.00,,,X,V2
45002108,10,500001,EUR pallet new,251,PCE,387.61,1,97290.11,,,X,V2
45002108,20,500002,Pallet collar,71,PCE,460.00,1,32660.00,,,X,V2
45002110,10,500001,EUR pallet new,164,PCE,392.27,1,64332.28,,,,V2
45002110,20,500002,Pallet collar,35,PCE,460.00,1,16100.00,,,X,V2
45002113,10,200004,Pallet box heavy duty,36,PCE,1435.18,1,51666.48,,,X,V2
45002113,20,200003,Carton divider set,187,BDL,391.88,1,73281.56,,,X,V2
45002114,10,400003,Archive box,5,BDL,205.41,1,1027.05,,,X,V2
45002114,20,400004,Ring binder A4,4,CAR,524.84,1,2099.36,,,X,V2
45002116,10,200009,Label cold-chain warning,93,ROL,96.00,1,8928.00,,,X,V2
45002116,20,200008,Label thermal 100x60,614,ROL,61.93,1,38025.02,,,X,V2
45002119,10,100006,Meritan 250 mg inj 5 amp,84,CAR,168.60,1,14162.40,,,X,V0
45002119,20,100022,Merinor 250 mg inj 5 amp,88,CAR,294.84,1,25945.92,,,X,V0
45002119,30,100016,Merigast inhal 120 dos,100,CAR,171.84,1,17184.00,,,X,V0
45002120,10,100023,Merinor crm 30 g,59,CAR,729.60,1,43046.40,,,X,V0
45002120,20,100022,Merinor 250 mg inj 5 amp,72,CAR,294.84,1,21228.48,,,X,V0
45002120,30,100030,Meriderm 250 mg inj 5 amp,108,CAR,49.20,1,5313.60,,,X,V0
45002121,10,500001,EUR pallet new,150,PCE,388.00,1,58200.00,,,,V2
45002123,10,200012,Patient leaflet reprint type B,58,BOX,935.00,1,54230.00,,,X,V2
45002123,20,200013,Outer sticker NVK price,79,BOX,640.00,1,50560.00,,,X,V2
45002123,30,200011,Patient leaflet reprint type A,33,BOX,893.56,1,29487.48,,,X,V2
45002126,10,200017,Gel pack 500 g,138,CAR,205.00,1,28290.00,,,X,V2
45002126,20,200018,Thermal blanket pallet,21,PCE,1161.77,1,24397.17,,11.03.2025,X,V2
45002127,10,400005,Toner cartridge black,13,PCE,1090.00,1,14170.00,,,X,V2
45002127,20,400006,Toner cartridge colour set,6,SET,2760.00,1,16560.00,,,X,V2
45002129,10,100027,Meripain 20 mg tbl 56x,58,CAR,935.04,1,54232.32,,,X,V0
45002129,20,100003,Meriflux 20 mg tbl 56x,33,CAR,830.88,1,27419.04,,,X,V0
45002129,30,100021,Merivent 100 mg/5 ml susp 100 ,88,CAR,171.00,1,15048.00,,,X,V0
45002131,10,500007,Roll container,6,PCE,3350.00,1,20100.00,,,X,V2
45002134,10,200017,Gel pack 500 g,186,CAR,205.00,1,38130.00,,,X,V2
45002134,20,200016,Insulated shipper 12 l,60,PCE,261.03,1,15661.80,,,X,V2
45002135,10,100022,Merinor 250 mg inj 5 amp,101,CAR,294.84,1,29778.84,,,X,V0
45002135,20,100012,Merizol 40 mg caps 30x,58,CAR,803.28,1,46590.24,,,X,V0
45002135,30,100030,Meriderm 250 mg inj 5 amp,53,CAR,49.20,1,2607.60,,,X,V0
45002135,40,100019,Merivent 20 mg tbl 56x,107,CAR,201.36,1,21545.52,,,X,V0
45002137,10,200001,Shipping carton 400x300x250,80,BDL,455.00,1,36400.00,,,X,V2
45002139,10,400003,Archive box,12,BDL,205.00,1,2460.00,,,X,V2
45002139,20,400004,Ring binder A4,4,CAR,535.00,1,2140.00,,,X,V2
45002141,10,100004,Meritan 40 mg caps 30x,23,CAR,967.68,1,22256.64,,,X,V0
45002141,20,100019,Merivent 20 mg tbl 56x,107,CAR,201.36,1,21545.52,,,X,V0
45002144,10,200003,Carton divider set,120,BDL,388.00,1,46560.00,,,X,V2
45002147,10,400003,Archive box,23,BDL,205.00,1,4715.00,,,X,V2
45002148,10,300006,Solvent HPLC grade 2.5 l,29,BOX,1384.20,1,40141.80,,,X,V2
45002148,20,300004,Buffer solution pH 7,11,BOX,1287.75,1,14165.25,,,X,V2
45002148,30,300005,Reference standard kit,14,PCE,3431.28,1,48037.92,,,X,V2
45002150,10,300004,Buffer solution pH 7,8,BOX,1254.60,1,10036.80,,,X,V2
45002150,20,300005,Reference standard kit,7,PCE,3556.56,1,24895.92,,,,V2
45002153,10,400002,Envelopes C4,9,BOX,274.70,1,2472.30,,,,V2
45002153,20,400001,Copy paper A4 80 g,36,BOX,310.31,1,11171.16,,,X,V2
45002154,10,200018,Thermal blanket pallet,5,PCE,1180.00,1,5900.00,,,,V2
45002154,20,200016,Insulated shipper 12 l,106,PCE,268.00,1,28408.00,,,X,V2
45002156,10,200010,Label serialisation blank 50x3,563,ROL,111.80,1,62943.40,,,X,V2
45002156,20,200009,Label cold-chain warning,180,ROL,96.00,1,17280.00,,,X,V2
45002156,30,200008,Label thermal 100x60,943,ROL,62.48,1,58918.64,,,X,V2
45002159,10,300008,Filter membranes 0.45,19,BOX,1118.52,1,21251.88,,,X,V2
45002159,20,300009,Syringe filters,25,BOX,864.19,1,21604.75,,,X,V2
45002160,10,200011,Patient leaflet reprint type A,28,BOX,898.90,1,25169.20,,,X,V2
45002160,20,200012,Patient leaflet reprint type B,49,BOX,897.60,1,43982.40,,05.05.2025,X,V2
45002162,10,200002,Shipping carton 600x400x300,127,BDL,672.75,1,85439.25,,,X,V2
45002162,20,200004,Pallet box heavy duty,86,PCE,1460.00,1,125560.00,,,X,V2
45002165,10,400006,Toner cartridge colour set,5,SET,2823.48,1,14117.40,,,X,V2
45002165,20,400005,Toner cartridge black,13,PCE,1090.00,1,14170.00,,,X,V2
45002166,10,500002,Pallet collar,68,PCE,468.28,1,31843.04,,,X,V2
45002166,20,500001,EUR pallet new,93,PCE,397.31,1,36949.83,,,X,V2
45002168,10,100027,Meripain 20 mg tbl 56x,65,CAR,935.04,1,60777.60,,,X,V0
45002168,20,100008,Mericard inhal 120 dos,35,CAR,219.00,1,7665.00,,,X,V0
45002168,30,100004,Meritan 40 mg caps 30x,59,CAR,967.68,1,57093.12,,,X,V0
45002171,10,500005,Cool container liner,195,PCE,1090.00,1,212550.00,,,X,V2
45002171,20,500006,Transport seal numbered,13,BOX,1206.58,1,15685.54,,,X,V2
45002172,10,100028,Meriderm 40 mg caps 30x,12,CAR,581.52,1,6978.24,,,X,V0
45002172,20,100023,Merinor crm 30 g,93,CAR,729.60,1,67852.80,,,X,V0
45002174,10,200011,Patient leaflet reprint type A,36,BOX,890.00,1,32040.00,,,X,V2
45002176,10,400004,Ring binder A4,3,CAR,540.88,1,1622.64,,,X,V2
45002176,20,400003,Archive box,28,BDL,208.28,1,5831.84,,,,V2
45002179,10,400005,Toner cartridge black,14,PCE,1090.00,1,15260.00,,,X,V2
45002180,10,500006,Transport seal numbered,23,BOX,1193.16,1,27442.68,,,X,V2
45002180,20,500005,Cool container liner,241,PCE,1074.74,1,259012.34,,,X,V2
45002182,10,100026,Meripain 10 mg tbl 28x,37,CAR,2083.68,1,77096.16,,,X,V0
45002182,20,100028,Meriderm 40 mg caps 30x,20,CAR,581.52,1,11630.40,,,X,V0
45002182,30,100004,Meritan 40 mg caps 30x,102,CAR,967.68,1,98703.36,,,X,V0
45002184,10,300004,Buffer solution pH 7,20,BOX,1275.00,1,25500.00,,,,V2
45002187,10,200014,Stretch film 500 mm 23 my,160,CAR,311.96,1,49913.60,,,X,V2
45002187,20,200015,Shrink hood pallet,76,BDL,763.29,1,58010.04,,,X,V2
45002188,10,300006,Solvent HPLC grade 2.5 l,27,BOX,1352.36,1,36513.72,,,X,V2
45002188,20,300005,Reference standard kit,14,PCE,3480.00,1,48720.00,,,X,V2
45002190,10,200013,Outer sticker NVK price,63,BOX,631.68,1,39795.84,,,X,V2
45002190,20,200011,Patient leaflet reprint type A,59,BOX,867.75,1,51197.25,,,X,V2
45002193,10,500006,Transport seal numbered,68,BOX,1220.00,1,82960.00,,,X,V2
45002193,20,500005,Cool container liner,70,PCE,1067.11,1,74697.70,,,X,V2
45002194,10,200006,Paper filler 70 g,49,BAG,658.93,1,32287.57,,,X,V2
45002194,20,200007,Packing tape 48 mm,50,CAR,472.00,1,23600.00,,,X,V2
45002196,10,200018,Thermal blanket pallet,31,PCE,1180.00,1,36580.00,,,,V2
45002196,20,200016,Insulated shipper 12 l,61,PCE,274.16,1,16723.76,,,X,V2
45002199,10,300008,Filter membranes 0.45,20,BOX,1147.80,1,22956.00,,,X,V2
45002200,10,200004,Pallet box heavy duty,67,PCE,1454.16,1,97428.72,,,X,V2
45002200,20,200002,Shipping carton 600x400x300,49,BDL,677.58,1,33201.42,,,X,V2
45002200,30,200001,Shipping carton 400x300x250,41,BDL,451.36,1,18505.76,,,X,V2
45002202,10,100025,Meripain 5 mg tbl 28x,12,CAR,2175.84,1,26110.08,,,X,V0
45002202,20,100022,Merinor 250 mg inj 5 amp,56,CAR,294.84,1,16511.04,,,X,V0
45002202,30,100001,Meriflux 5 mg tbl 28x,107,CAR,384.96,1,41190.72,,,X,V0
45002202,40,100027,Meripain 20 mg tbl 56x,106,CAR,935.04,1,99114.24,,,X,V0
45002205,10,300013,Analytical balance module,3,PCE,7360.60,1,22081.80,,,X,V0
45002205,20,300014,Calibration weight set,5,SET,646.80,1,3234.00,,,X,V0
45002206,10,400003,Archive box,23,BDL,205.00,1,4715.00,,,X,V2
45002206,20,400004,Ring binder A4,8,CAR,541.96,1,4335.68,,,X,V2
45002208,10,200009,Label cold-chain warning,62,ROL,94.56,1,5862.72,,,X,V2
45002208,20,200008,Label thermal 100x60,795,ROL,61.50,1,48892.50,,,X,V2
45002211,10,200018,Thermal blanket pallet,18,PCE,1188.26,1,21388.68,,,X,V2
45002211,20,200017,Gel pack 500 g,396,CAR,201.72,1,79881.12,,,X,V2
45002212,10,300007,HPLC column C18,6,PCE,14900.00,1,89400.00,,,X,V2
45002214,10,300009,Syringe filters,18,BOX,890.00,1,16020.00,,,X,V2
45002214,20,300007,HPLC column C18,5,PCE,14959.60,1,74798.00,,,X,V2
45002214,30,300008,Filter membranes 0.45,10,BOX,1117.39,1,11173.90,,,X,V2
45002217,10,300013,Analytical balance module,1,PCE,7457.45,1,7457.45,,,X,V0
45002217,20,300014,Calibration weight set,8,SET,640.86,1,5126.88,,,X,V0
45002217,30,300015,Stability chamber sensor,5,PCE,1308.06,1,6540.30,,,X,V0
45002218,10,500005,Cool container liner,262,PCE,1098.72,1,287864.64,,,X,V2
45002220,10,500001,EUR pallet new,170,PCE,388.00,1,65960.00,,,X,V2
45002220,20,500002,Pallet collar,87,PCE,460.00,1,40020.00,,,X,V2
45002223,10,200008,Label thermal 100x60,478,ROL,59.78,1,28574.84,,,X,V2
45002223,20,200009,Label cold-chain warning,233,ROL,97.06,1,22614.98,,,X,V2
45002224,10,100010,Merizol 10 mg tbl 28x,95,CAR,1746.24,1,165892.80,,,X,V0
45002224,20,100002,Meriflux 10 mg tbl 28x,94,CAR,1596.96,1,150114.24,,,X,V0
45002224,30,100015,Merilip crm 30 g,85,CAR,169.44,1,14402.40,,,X,V0
45002224,40,100029,Meriderm 100 mg/5 ml susp 100 ,90,CAR,183.96,1,16556.40,,,X,V0
45002225,10,300001,Pipette tips 200 ul,30,CS,980.00,1,29400.00,,,X,V2
45002225,20,300003,Sample vials 2 ml,18,BOX,2350.00,1,42300.00,,,,V2
45002227,10,200008,Label thermal 100x60,682,ROL,60.45,1,41226.90,,,X,V2
45002227,20,200010,Label serialisation blank 50x3,415,ROL,109.45,1,45421.75,,,X,V2
45002230,10,500009,Temperature data logger,94,PCE,1490.00,1,140060.00,,,X,V2
45002230,20,500010,Logger docking station,8,PCE,2195.64,1,17565.12,,,X,V2
45002230,30,500011,Humidity indicator card,5,BOX,886.44,1,4432.20,,,X,V2
45002231,10,100019,Merivent 20 mg tbl 56x,68,CAR,201.36,1,13692.48,,,X,V0
45002231,20,100005,Meritan 100 mg/5 ml susp 100 m,29,CAR,215.04,1,6236.16,,,X,V0
45002232,10,200010,Label serialisation blank 50x3,500,ROL,111.80,1,55900.00,,,X,V2
45002234,10,400005,Toner cartridge black,9,PCE,1061.66,1,9554.94,,,X,V2
45002234,20,400006,Toner cartridge colour set,6,SET,2760.00,1,16560.00,,,X,V2
45002237,10,100005,Meritan 100 mg/5 ml susp 100 m,96,CAR,215.04,1,20643.84,,,X,V0
45002237,20,100009,Mericard 5 mg tbl 28x,70,CAR,2020.80,1,141456.00,,,X,V0
45002237,30,100011,Merizol 20 mg tbl 56x,75,CAR,902.40,1,67680.00,,,X,V0
45002237,40,100010,Merizol 10 mg tbl 28x,75,CAR,1746.24,1,130968.00,,,X,V0
45002238,10,100015,Merilip crm 30 g,70,CAR,169.44,1,11860.80,,,X,V0
45002238,20,100029,Meriderm 100 mg/5 ml susp 100 ,42,CAR,183.96,1,7726.32,,,X,V0
45002240,10,100011,Merizol 20 mg tbl 56x,15,CAR,902.40,1,13536.00,,,X,V0
45002240,20,100024,Merinor inhal 120 dos,73,CAR,377.76,1,27576.48,,,X,V0
45002240,30,100005,Meritan 100 mg/5 ml susp 100 m,100,CAR,215.04,1,21504.00,,,X,V0
45002243,10,300017,Culture media plates,40,BOX,468.00,1,18720.00,,,X,V2
45002243,20,300016,Microbiology test kit,5,KIT,2140.00,1,10700.00,,,X,V2
45002246,10,500002,Pallet collar,110,PCE,454.02,1,49942.20,,,X,V2
45002246,20,500001,EUR pallet new,195,PCE,388.00,1,75660.00,,,X,V2
45002247,10,400007,Desk organiser set,27,SET,315.00,1,8505.00,,,,V2
45002247,20,400008,Whiteboard markers,18,BOX,145.55,1,2619.90,,,X,V2
45002249,10,400005,Toner cartridge black,6,PCE,1090.00,1,6540.00,,,X,V2
45002249,20,400006,Toner cartridge colour set,4,SET,2760.00,1,11040.00,,,,V2
45002252,10,200002,Shipping carton 600x400x300,70,BDL,701.73,1,49121.10,,,X,V2
45002252,20,200004,Pallet box heavy duty,62,PCE,1441.02,1,89343.24,,,X,V2
45002253,10,300003,Sample vials 2 ml,23,BOX,2350.00,1,54050.00,,,X,V2
45002253,20,300002,Nitrile gloves M,18,CAR,616.90,1,11104.20,,,X,V2
45002253,30,300001,Pipette tips 200 ul,41,CS,980.00,1,40180.00,,,X,V2
45002255,10,400001,Copy paper A4 80 g,17,BOX,310.00,1,5270.00,,,X,V2
45002255,20,400002,Envelopes C4,26,BOX,260.23,1,6765.98,,,,V2
45002258,10,400007,Desk organiser set,17,SET,320.36,1,5446.12,,,X,V2
45002258,20,400008,Whiteboard markers,32,BOX,146.12,1,4675.84,,,X,V2
45002259,10,100003,Meriflux 20 mg tbl 56x,18,CAR,830.88,1,14955.84,,,X,V0
45002259,20,100002,Meriflux 10 mg tbl 28x,88,CAR,1596.96,1,140532.48,,,X,V0
45002259,30,100024,Merinor inhal 120 dos,16,CAR,377.76,1,6044.16,,,X,V0
45002260,10,200008,Label thermal 100x60,1000,ROL,61.50,1,61500.00,,,X,V2
45002262,10,400007,Desk organiser set,25,SET,320.04,1,8001.00,,,,V2
45002265,10,100016,Merigast inhal 120 dos,21,CAR,171.84,1,3608.64,,,X,V0
45002265,20,100014,Merilip 250 mg inj 5 amp,107,CAR,497.40,1,53221.80,,,X,V0
45002266,10,500006,Transport seal numbered,46,BOX,1206.58,1,55502.68,,,X,V2
45002266,20,500005,Cool container liner,208,PCE,1090.00,1,226720.00,,,X,V2
45002268,10,400003,Archive box,7,BDL,207.66,1,1453.62,,,X,V2
45002268,20,400004,Ring binder A4,17,CAR,535.00,1,9095.00,,,X,V2
45002270,10,400007,Desk organiser set,20,SET,315.00,1,6300.00,,,,V2
45002270,20,400008,Whiteboard markers,30,BOX,142.00,1,4260.00,,,,V2
45002273,10,200002,Shipping carton 600x400x300,140,BDL,690.00,1,96600.00,,,X,V2
45002273,20,200003,Carton divider set,66,BDL,389.94,1,25736.04,,,X,V2
45002274,10,100013,Merilip 100 mg/5 ml susp 100 m,83,CAR,335.28,1,27828.24,,,X,V0
45002274,20,100007,Mericard crm 30 g,71,CAR,480.72,1,34131.12,,,X,V0
45002276,10,300010,Volumetric flask set,8,SET,660.00,1,5280.00,,,X,V0
45002276,20,300011,Glass burette 50 ml,16,PCE,179.03,1,2864.48,,,X,V0
45002279,10,500010,Logger docking station,2,PCE,2140.00,1,4280.00,,,X,V2
45002280,10,500010,Logger docking station,6,PCE,2107.90,1,12647.40,,,X,V2
45002280,20,500009,Temperature data logger,21,PCE,1490.00,1,31290.00,,,X,V2
45002280,30,500011,Humidity indicator card,18,BOX,898.01,1,16164.18,,,X,V2
45002282,10,200010,Label serialisation blank 50x3,237,ROL,111.80,1,26496.60,,,X,V2
45002282,20,200009,Label cold-chain warning,109,ROL,103.68,1,11301.12,,30.06.2025,X,V2
45002282,30,200008,Label thermal 100x60,1046,ROL,61.50,1,64329.00,,,X,V2
45002285,10,100021,Merivent 100 mg/5 ml susp 100 ,25,CAR,171.00,1,4275.00,,,X,V0
45002285,20,100025,Meripain 5 mg tbl 28x,88,CAR,2175.84,1,191473.92,,,X,V0
45002285,30,100014,Merilip 250 mg inj 5 amp,100,CAR,497.40,1,49740.00,,,X,V0
45002286,10,200008,Label thermal 100x60,233,ROL,61.50,1,14329.50,,,X,V2
45002286,20,200010,Label serialisation blank 50x3,148,ROL,111.80,1,16546.40,,,X,V2
45002286,30,200009,Label cold-chain warning,212,ROL,98.21,1,20820.52,,,X,V2
45002288,10,200015,Shrink hood pallet,58,BDL,742.50,1,43065.00,,,,V2
45002291,10,300005,Reference standard kit,9,PCE,3480.00,1,31320.00,,,X,V2
45002291,20,300006,Solvent HPLC grade 2.5 l,28,BOX,1360.67,1,38098.76,,,X,V2
45002292,10,300005,Reference standard kit,2,PCE,3480.00,1,6960.00,,,X,V2
45002294,10,300012,Desiccator 300 mm,1,PCE,413.65,1,413.65,,,X,V0
45002294,20,300010,Volumetric flask set,9,SET,648.12,1,5833.08,,,X,V0
P25-0003,10,200015,Shrink hood pallet,56,BDL,742.50,1,41580.00,21.07.2025,,X,V2
P25-0003,20,200014,Stretch film 500 mm 23 my,118,CAR,318.00,1,37524.00,21.07.2025,,X,V2
P25-0004,10,200015,Shrink hood pallet,51,BDL,742.50,1,37867.50,30.07.2025,14.07.2025,X,V2
P25-0004,20,200014,Stretch film 500 mm 23 my,69,CAR,316.09,1,21810.21,16.07.2025,,X,V2
P25-0006,10,300014,Calibration weight set,8,SET,660.00,1,5280.00,08.07.2025,,X,V0
P25-0006,20,300013,Analytical balance module,1,PCE,7561.75,1,7561.75,08.07.2025,,X,V0
P25-0009,10,500006,Transport seal numbered,15,BOX,1220.00,1,18300.00,25.07.2025,,X,V2
P25-0009,20,500005,Cool container liner,202,PCE,1090.00,1,220180.00,25.07.2025,,X,V2
P25-0010,10,400004,Ring binder A4,5,CAR,528.58,1,2642.90,23.07.2025,,X,V2
P25-0010,20,400003,Archive box,21,BDL,205.00,1,4305.00,23.07.2025,,X,V2
P25-0012,10,100013,Merilip 100 mg/5 ml susp 100 m,25,CAR,335.28,1,8382.00,08.08.2025,,X,V0
P25-0012,20,100022,Merinor 250 mg inj 5 amp,96,CAR,303.69,1,29154.24,08.08.2025,,X,V0
P25-0012,30,100014,Merilip 250 mg inj 5 amp,79,CAR,512.32,1,40473.28,08.08.2025,,X,V0
P25-0012,40,100009,Mericard 5 mg tbl 28x,76,CAR,2020.80,1,153580.80,08.08.2025,,X,V0
P25-0015,10,100023,Merinor crm 30 g,109,CAR,729.60,1,79526.40,15.08.2025,,X,V0
P25-0015,20,100004,Meritan 40 mg caps 30x,48,CAR,996.71,1,47842.08,15.08.2025,,X,V0
P25-0016,10,400004,Ring binder A4,19,CAR,535.00,1,10165.00,29.07.2025,,X,V2
P25-0016,20,400003,Archive box,9,BDL,207.46,1,1867.14,29.07.2025,,X,V2
P25-0018,10,200014,Stretch film 500 mm 23 my,174,CAR,315.14,1,54834.36,22.07.2025,,X,V2
P25-0018,20,200015,Shrink hood pallet,76,BDL,742.50,1,56430.00,22.07.2025,,X,V2
P25-0021,10,500005,Cool container liner,261,PCE,1092.18,1,285058.98,31.07.2025,,X,V2
P25-0021,20,500006,Transport seal numbered,20,BOX,1229.76,1,24595.20,31.07.2025,,X,V2
P25-0022,10,500002,Pallet collar,96,PCE,460.00,1,44160.00,22.07.2025,,X,V2
P25-0022,20,500001,EUR pallet new,89,PCE,388.39,1,34566.71,22.07.2025,,X,V2
P25-0024,10,300014,Calibration weight set,1,SET,647.46,1,647.46,25.07.2025,,X,V0
P25-0024,20,300013,Analytical balance module,3,PCE,7666.05,1,22998.15,25.07.2025,,X,V0
P25-0027,10,500005,Cool container liner,144,PCE,1090.00,1,156960.00,08.08.2025,,X,V2
P25-0027,20,500006,Transport seal numbered,66,BOX,1211.46,1,79956.36,08.08.2025,,X,V2
P25-0028,10,100015,Merilip crm 30 g,89,CAR,169.44,1,15080.16,02.09.2025,,X,V0
P25-0028,20,100003,Meriflux 20 mg tbl 56x,50,CAR,830.88,1,41544.00,02.09.2025,,X,V0
P25-0028,30,100021,Merivent 100 mg/5 ml susp 100 ,48,CAR,171.00,1,8208.00,02.09.2025,,X,V0
P25-0028,40,100010,Merizol 10 mg tbl 28x,110,CAR,1798.63,1,197849.30,02.09.2025,,X,V0
P25-0031,10,200013,Outer sticker NVK price,60,BOX,640.00,1,38400.00,04.08.2025,,X,V2
P25-0033,10,200008,Label thermal 100x60,803,ROL,62.81,1,50436.43,06.08.2025,11.08.2025,X,V2
P25-0033,20,200009,Label cold-chain warning,165,ROL,96.00,1,15840.00,06.08.2025,,X,V2
P25-0033,30,200010,Label serialisation blank 50x3,331,ROL,112.92,1,37376.52,06.08.2025,,X,V2
P25-0036,10,100014,Merilip 250 mg inj 5 amp,35,CAR,512.32,1,17931.20,26.08.2025,,X,V0
P25-0036,20,100027,Meripain 20 mg tbl 56x,75,CAR,935.04,1,70128.00,26.08.2025,,X,V0
P25-0037,10,500006,Transport seal numbered,41,BOX,1220.00,1,50020.00,04.08.2025,,X,V2
P25-0037,20,500005,Cool container liner,97,PCE,1099.81,1,106681.57,04.08.2025,,X,V2
P25-0039,10,300010,Volumetric flask set,4,SET,660.00,1,2640.00,18.08.2025,,X,V0
P25-0039,20,300011,Glass burette 50 ml,6,PCE,185.66,1,1113.96,18.08.2025,,X,V0
P25-0042,10,200008,Label thermal 100x60,332,ROL,59.72,1,19827.04,18.08.2025,,X,V2
P25-0042,20,200010,Label serialisation blank 50x3,545,ROL,110.57,1,60260.65,18.08.2025,,X,V2
P25-0045,10,500006,Transport seal numbered,15,BOX,1220.00,1,18300.00,18.08.2025,,,V2
P25-0046,10,100023,Merinor crm 30 g,97,CAR,729.60,1,70771.20,15.09.2025,,X,V0
P25-0046,20,100021,Merivent 100 mg/5 ml susp 100 ,32,CAR,171.00,1,5472.00,15.09.2025,,X,V0
P25-0046,30,100016,Merigast inhal 120 dos,23,CAR,177.00,1,4071.00,15.09.2025,,X,V0
P25-0046,40,100009,Mericard 5 mg tbl 28x,60,CAR,2020.80,1,121248.00,15.09.2025,,X,V0
P25-0048,10,300004,Buffer solution pH 7,23,BOX,1275.00,1,29325.00,18.08.2025,,X,V2
P25-0048,20,300006,Solvent HPLC grade 2.5 l,5,BOX,1467.25,1,7336.25,18.08.2025,19.08.2025,X,V2
P25-0051,10,100030,Meriderm 250 mg inj 5 amp,73,CAR,50.68,1,3699.64,08.09.2025,,X,V0
P25-0051,20,100007,Mericard crm 30 g,43,CAR,480.72,1,20670.96,13.10.2025,08.09.2025,X,V0
P25-0051,30,100029,Meriderm 100 mg/5 ml susp 100 ,34,CAR,183.96,1,6254.64,08.09.2025,,X,V0
P25-0051,40,100018,Merigast 10 mg tbl 28x,47,CAR,1669.09,1,78447.23,08.09.2025,,X,V0
P25-0052,10,200002,Shipping carton 600x400x300,87,BDL,704.49,1,61290.63,26.08.2025,,X,V2
P25-0052,20,200004,Pallet box heavy duty,100,PCE,1435.18,1,143518.00,26.08.2025,,X,V2
P25-0054,10,500001,EUR pallet new,273,PCE,396.15,1,108148.95,29.08.2025,,X,V2
P25-0054,20,500002,Pallet collar,86,PCE,460.00,1,39560.00,29.08.2025,,,V2
P25-0057,10,100004,Meritan 40 mg caps 30x,63,CAR,996.71,1,62792.73,10.09.2025,,X,V0
P25-0057,20,100018,Merigast 10 mg tbl 28x,56,CAR,1669.09,1,93469.04,10.09.2025,,X,V0
P25-0057,30,100025,Meripain 5 mg tbl 28x,43,CAR,2175.84,1,93561.12,10.09.2025,,X,V0
P25-0057,40,100019,Merivent 20 mg tbl 56x,79,CAR,201.36,1,15907.44,10.09.2025,,X,V0
P25-0059,10,200007,Packing tape 48 mm,80,CAR,455.00,1,36400.00,25.08.2025,,X,V2
P25-0060,10,100030,Meriderm 250 mg inj 5 amp,17,CAR,50.68,1,861.56,15.09.2025,,X,V0
P25-0060,20,100003,Meriflux 20 mg tbl 56x,107,CAR,830.88,1,88904.16,15.09.2025,,X,V0
P25-0062,10,300006,Solvent HPLC grade 2.5 l,22,BOX,1384.20,1,30452.40,22.08.2025,,X,V2
P25-0062,20,300005,Reference standard kit,15,PCE,3452.16,1,51782.40,22.08.2025,,X,V2
P25-0065,10,200009,Label cold-chain warning,292,ROL,96.00,1,28032.00,05.09.2025,,X,V2
P25-0065,20,200010,Label serialisation blank 50x3,533,ROL,111.80,1,59589.40,05.09.2025,,X,V2
P25-0066,10,300008,Filter membranes 0.45,27,BOX,1126.40,1,30412.80,01.09.2025,,X,V2
P25-0068,10,400007,Desk organiser set,18,SET,315.00,1,5670.00,29.08.2025,,X,V2
P25-0068,20,400008,Whiteboard markers,25,BOX,143.56,1,3589.00,29.08.2025,,X,V2
P25-0071,10,100015,Merilip crm 30 g,62,CAR,169.44,1,10505.28,15.09.2025,,X,V0
P25-0071,20,100005,Meritan 100 mg/5 ml susp 100 m,33,CAR,215.04,1,7096.32,15.09.2025,,X,V0
P25-0071,30,100023,Merinor crm 30 g,66,CAR,729.60,1,48153.60,15.09.2025,,X,V0
P25-0073,10,200014,Stretch film 500 mm 23 my,120,CAR,318.00,1,38160.00,01.09.2025,,X,V2
P25-0073,20,200015,Shrink hood pallet,40,BDL,742.50,1,29700.00,01.09.2025,,X,V2
P25-0076,10,500005,Cool container liner,220,PCE,1090.00,1,239800.00,01.09.2025,,X,V2
P25-0076,20,500006,Transport seal numbered,60,BOX,1220.00,1,73200.00,01.09.2025,,X,V2
P25-0077,10,100003,Meriflux 20 mg tbl 56x,46,CAR,830.88,1,38220.48,26.09.2025,,X,V0
P25-0077,20,100006,Meritan 250 mg inj 5 amp,31,CAR,173.66,1,5383.46,26.09.2025,,X,V0
P25-0077,30,100026,Meripain 10 mg tbl 28x,69,CAR,2146.19,1,148087.11,26.09.2025,,X,V0
P25-0077,40,100008,Mericard inhal 120 dos,100,CAR,225.57,1,22557.00,26.09.2025,,X,V0
P25-0079,10,200006,Paper filler 70 g,105,BAG,647.14,1,67949.70,08.09.2025,,X,V2
P25-0079,20,200005,Bubble wrap 1.2 m,185,CAR,403.76,1,74695.60,08.09.2025,,X,V2
P25-0082,10,300009,Syringe filters,35,BOX,877.54,1,30713.90,09.09.2025,,X,V2
P25-0082,20,300007,HPLC column C18,1,PCE,14482.80,1,14482.80,09.09.2025,,X,V2
P25-0083,10,100020,Merivent 40 mg caps 30x,71,CAR,253.63,1,18007.73,06.10.2025,,X,V0
P25-0083,20,100009,Mericard 5 mg tbl 28x,36,CAR,2020.80,1,72748.80,06.10.2025,,X,V0
P25-0083,30,100022,Merinor 250 mg inj 5 amp,59,CAR,303.69,1,17917.71,06.10.2025,,X,V0
P25-0084,10,500008,Load securing strap,20,CAR,640.00,1,12800.00,15.09.2025,,X,V2
P25-0087,10,300008,Filter membranes 0.45,20,BOX,1126.40,1,22528.00,09.09.2025,,X,V2
P25-0089,10,300006,Solvent HPLC grade 2.5 l,20,BOX,1384.20,1,27684.00,17.09.2025,,X,V2
P25-0089,20,300004,Buffer solution pH 7,37,BOX,1255.88,1,46467.56,17.09.2025,,X,V2
P25-0089,30,300005,Reference standard kit,5,PCE,3393.00,1,16965.00,17.09.2025,,X,V2
P25-0092,10,100020,Merivent 40 mg caps 30x,107,CAR,253.63,1,27138.41,02.10.2025,,X,V0
P25-0092,20,100027,Meripain 20 mg tbl 56x,76,CAR,935.04,1,71063.04,02.10.2025,,X,V0
P25-0092,30,100028,Meriderm 40 mg caps 30x,109,CAR,598.97,1,65287.73,02.10.2025,,X,V0
P25-0093,10,500010,Logger docking station,7,PCE,2182.80,1,15279.60,11.09.2025,,X,V2
P25-0093,20,500011,Humidity indicator card,19,BOX,856.96,1,16282.24,11.09.2025,10.09.2025,X,V2
P25-0093,30,500009,Temperature data logger,21,PCE,1490.00,1,31290.00,11.09.2025,,X,V2
P25-0095,10,100017,Merigast 5 mg tbl 28x,54,CAR,1592.16,1,85976.64,10.10.2025,,X,V0
P25-0095,20,100027,Meripain 20 mg tbl 56x,17,CAR,935.04,1,15895.68,10.10.2025,,X,V0
P25-0095,30,100029,Meriderm 100 mg/5 ml susp 100 ,70,CAR,183.96,1,12877.20,15.10.2025,08.10.2025,X,V0
P25-0095,40,100006,Meritan 250 mg inj 5 amp,107,CAR,173.66,1,18581.62,10.10.2025,,X,V0
P25-0098,10,100013,Merilip 100 mg/5 ml susp 100 m,46,CAR,335.28,1,15422.88,20.10.2025,,X,V0
P25-0098,20,100014,Merilip 250 mg inj 5 amp,85,CAR,512.32,1,43547.20,20.10.2025,,X,V0
P25-0098,30,100009,Mericard 5 mg tbl 28x,62,CAR,2020.80,1,125289.60,20.10.2025,,X,V0
P25-0098,40,100007,Mericard crm 30 g,96,CAR,480.72,1,46149.12,20.10.2025,,X,V0
P25-0099,10,300003,Sample vials 2 ml,28,BOX,2350.00,1,65800.00,29.09.2025,,X,V2
P25-0099,20,300002,Nitrile gloves M,17,CAR,613.18,1,10424.06,23.10.2025,26.09.2025,X,V2
P25-0101,10,300003,Sample vials 2 ml,23,BOX,2392.30,1,55022.90,29.09.2025,,X,V2
P25-0101,20,300002,Nitrile gloves M,40,CAR,620.00,1,24800.00,29.09.2025,,X,V2
P25-0101,30,300001,Pipette tips 200 ul,55,CS,950.60,1,52283.00,29.09.2025,16.10.2025,X,V2
P25-0104,10,300007,HPLC column C18,3,PCE,14900.00,1,44700.00,22.09.2025,,,V2
P25-0107,10,200004,Pallet box heavy duty,68,PCE,1460.00,1,99280.00,30.09.2025,,X,V2
P25-0107,20,200001,Shipping carton 400x300x250,177,BDL,455.00,1,80535.00,30.09.2025,,X,V2
P25-0107,30,200003,Carton divider set,155,BDL,395.76,1,61342.80,30.09.2025,,X,V2
P25-0108,10,400001,Copy paper A4 80 g,25,BOX,310.00,1,7750.00,18.09.2025,,X,V2
P25-0108,20,400002,Envelopes C4,27,BOX,268.00,1,7236.00,18.09.2025,,X,V2
P25-0110,10,200002,Shipping carton 600x400x300,145,BDL,695.52,1,100850.40,25.09.2025,,X,V2
P25-0110,20,200004,Pallet box heavy duty,64,PCE,1445.40,1,92505.60,25.09.2025,,X,V2
P25-0113,10,100026,Meripain 10 mg tbl 28x,16,CAR,2146.19,1,34339.04,13.10.2025,,X,V0
P25-0113,20,100001,Meriflux 5 mg tbl 28x,45,CAR,384.96,1,17323.20,13.10.2025,,X,V0
P25-0113,30,100027,Meripain 20 mg tbl 56x,28,CAR,935.04,1,26181.12,13.10.2025,,X,V0
P25-0116,10,200007,Packing tape 48 mm,80,CAR,472.00,1,37760.00,29.09.2025,,,V2
P25-0117,10,200002,Shipping carton 600x400x300,60,BDL,709.32,1,42559.20,24.09.2025,,X,V2
P25-0117,20,200001,Shipping carton 400x300x250,48,BDL,460.92,1,22124.16,24.09.2025,,X,V2
P25-0119,10,100024,Merinor inhal 120 dos,43,CAR,389.09,1,16730.87,04.11.2025,27.10.2025,X,V0
P25-0119,20,100015,Merilip crm 30 g,61,CAR,169.44,1,10335.84,04.11.2025,24.10.2025,X,V0
P25-0122,10,100007,Mericard crm 30 g,38,CAR,480.72,1,18267.36,14.10.2025,,X,V0
P25-0122,20,100011,Merizol 20 mg tbl 56x,69,CAR,902.40,1,62265.60,14.10.2025,,X,V0
P25-0122,30,100009,Mericard 5 mg tbl 28x,78,CAR,2020.80,1,157622.40,14.10.2025,,X,V0
P25-0123,10,200004,Pallet box heavy duty,97,PCE,1460.00,1,141620.00,07.10.2025,,X,V2
P25-0123,20,200001,Shipping carton 400x300x250,189,BDL,455.91,1,86166.99,07.10.2025,,X,V2
P25-0125,10,200017,Gel pack 500 g,383,CAR,202.74,1,77649.42,03.10.2025,,X,V2
P25-0125,20,200016,Insulated shipper 12 l,20,PCE,268.00,1,5360.00,03.10.2025,,X,V2
P25-0128,10,500001,EUR pallet new,297,PCE,396.15,1,117656.55,29.09.2025,,X,V2
P25-0128,20,500002,Pallet collar,43,PCE,463.22,1,19918.46,29.09.2025,,X,V2
P25-0129,10,200014,Stretch film 500 mm 23 my,41,CAR,312.91,1,12829.31,30.09.2025,,X,V2
P25-0129,20,200015,Shrink hood pallet,36,BDL,761.80,1,27424.80,30.09.2025,,X,V2
P25-0130,10,200004,Pallet box heavy duty,100,PCE,1460.00,1,146000.00,06.10.2025,,X,V2
P25-0132,10,200002,Shipping carton 600x400x300,41,BDL,731.40,1,29987.40,13.10.2025,04.11.2025,X,V2
P25-0132,20,200004,Pallet box heavy duty,57,PCE,1496.50,1,85300.50,13.10.2025,,X,V2
P25-0135,10,400001,Copy paper A4 80 g,36,BOX,307.21,1,11059.56,03.10.2025,,X,V2
P25-0135,20,400002,Envelopes C4,11,BOX,268.00,1,2948.00,03.10.2025,,X,V2
P25-0136,10,200017,Gel pack 500 g,321,CAR,203.77,1,65410.17,07.10.2025,,X,V2
P25-0136,20,200016,Insulated shipper 12 l,29,PCE,268.00,1,7772.00,07.10.2025,,X,V2
P25-0136,30,200018,Thermal blanket pallet,34,PCE,1151.68,1,39157.12,07.10.2025,,X,V2
P25-0138,10,300004,Buffer solution pH 7,18,BOX,1275.00,1,22950.00,20.10.2025,,X,V2
P25-0141,10,300012,Desiccator 300 mm,2,PCE,415.30,1,830.60,20.10.2025,,X,V0
P25-0141,20,300011,Glass burette 50 ml,11,PCE,180.14,1,1981.54,20.10.2025,,X,V0
P25-0142,10,300014,Calibration weight set,4,SET,660.00,1,2640.00,14.10.2025,,X,V0
P25-0142,20,300015,Stability chamber sensor,5,PCE,1290.00,1,6450.00,14.10.2025,,X,V0
P25-0142,30,300013,Analytical balance module,1,PCE,7450.00,1,7450.00,14.10.2025,,X,V0
P25-0144,10,400003,Archive box,9,BDL,205.62,1,1850.58,15.10.2025,,X,V2
P25-0144,20,400004,Ring binder A4,4,CAR,524.84,1,2099.36,15.10.2025,,X,V2
P25-0147,10,100002,Meriflux 10 mg tbl 28x,68,CAR,1644.87,1,111851.16,07.11.2025,,X,V0
P25-0147,20,100008,Mericard inhal 120 dos,100,CAR,225.57,1,22557.00,07.11.2025,,X,V0
P25-0148,10,200005,Bubble wrap 1.2 m,253,CAR,421.06,1,106528.18,24.10.2025,,X,V2
P25-0148,20,200006,Paper filler 70 g,62,BAG,640.59,1,39716.58,24.10.2025,,X,V2
P25-0148,30,200007,Packing tape 48 mm,70,CAR,472.94,1,33105.80,24.10.2025,,X,V2
P25-0149,10,200009,Label cold-chain warning,200,ROL,96.00,1,19200.00,20.10.2025,,,V2
P25-0151,10,300006,Solvent HPLC grade 2.5 l,14,BOX,1384.20,1,19378.80,20.10.2025,,X,V2
P25-0153,10,200017,Gel pack 500 g,74,CAR,210.94,1,15609.56,23.10.2025,,X,V2
P25-0153,20,200016,Insulated shipper 12 l,25,PCE,263.18,1,6579.50,23.10.2025,,X,V2
P25-0155,10,300017,Culture media plates,30,BOX,468.00,1,14040.00,04.11.2025,,X,V2
P25-0158,10,500004,PCM panel set,27,SET,96.50,1,2605.50,05.11.2025,,X,V0
P25-0158,20,500003,Cold box 60 l validated,55,PCE,316.09,1,17384.95,05.11.2025,,X,V0
P25-0159,10,100014,Merilip 250 mg inj 5 amp,86,CAR,512.32,1,44059.52,01.12.2025,,X,V0
P25-0159,20,100020,Merivent 40 mg caps 30x,21,CAR,253.63,1,5326.23,01.12.2025,,X,V0
P25-0159,30,100025,Meripain 5 mg tbl 28x,35,CAR,2175.84,1,76154.40,01.12.2025,,X,V0
P25-0161,10,100014,Merilip 250 mg inj 5 amp,51,CAR,512.32,1,26128.32,28.11.2025,,X,V0
P25-0161,20,100018,Merigast 10 mg tbl 28x,16,CAR,1669.09,1,26705.44,28.11.2025,,X,V0
P25-0161,30,100006,Meritan 250 mg inj 5 amp,101,CAR,173.66,1,17539.66,28.11.2025,,X,V0
P25-0161,40,100016,Merigast inhal 120 dos,86,CAR,177.00,1,15222.00,28.11.2025,,X,V0
P25-0164,10,400005,Toner cartridge black,7,PCE,1117.25,1,7820.75,10.11.2025,,X,V2
P25-0164,20,400006,Toner cartridge colour set,7,SET,2721.36,1,19049.52,10.11.2025,,X,V2
P25-0167,10,500001,EUR pallet new,40,PCE,388.00,1,15520.00,03.11.2025,,X,V2
P25-0167,20,500002,Pallet collar,15,PCE,460.00,1,6900.00,03.11.2025,,X,V2
P25-0168,10,200006,Paper filler 70 g,56,BAG,655.00,1,36680.00,31.10.2025,,X,V2
P25-0168,20,200007,Packing tape 48 mm,42,CAR,472.00,1,19824.00,31.10.2025,,X,V2
P25-0169,10,500009,Temperature data logger,25,PCE,1490.00,1,37250.00,10.11.2025,,X,V2
P25-0169,20,500010,Logger docking station,10,PCE,2140.00,1,21400.00,10.11.2025,,X,V2
P25-0169,30,500011,Humidity indicator card,60,BOX,890.00,1,53400.00,10.11.2025,,,V2
P25-0171,10,200012,Patient leaflet reprint type B,38,BOX,897.60,1,34108.80,17.11.2025,25.11.2025,X,V2
P25-0171,20,200011,Patient leaflet reprint type A,12,BOX,895.34,1,10744.08,17.11.2025,,X,V2
P25-0174,10,300001,Pipette tips 200 ul,36,CS,998.62,1,35950.32,10.11.2025,,X,V2
P25-0174,20,300003,Sample vials 2 ml,21,BOX,2350.00,1,49350.00,10.11.2025,,X,V2
P25-0175,10,300002,Nitrile gloves M,15,CAR,606.36,1,9095.40,05.11.2025,,X,V2
P25-0177,10,200017,Gel pack 500 g,189,CAR,210.94,1,39867.66,13.11.2025,,X,V2
P25-0178,10,500009,Temperature data logger,80,PCE,1490.00,1,119200.00,17.11.2025,,,V2
P25-0181,10,200013,Outer sticker NVK price,23,BOX,640.00,1,14720.00,12.11.2025,,X,V2
P25-0181,20,200012,Patient leaflet reprint type B,59,BOX,956.50,1,56433.50,12.11.2025,,X,V2
P25-0182,10,200006,Paper filler 70 g,61,BAG,672.68,1,41033.48,17.11.2025,,X,V2
P25-0182,20,200007,Packing tape 48 mm,80,CAR,483.80,1,38704.00,17.11.2025,,X,V2
P25-0184,10,100005,Meritan 100 mg/5 ml susp 100 m,60,CAR,215.04,1,12902.40,12.12.2025,,X,V0
P25-0184,20,100012,Merizol 40 mg caps 30x,35,CAR,803.28,1,28114.80,12.12.2025,,X,V0
P25-0184,30,100021,Merivent 100 mg/5 ml susp 100 ,48,CAR,171.00,1,8208.00,12.12.2025,,X,V0
P25-0186,10,400003,Archive box,8,BDL,205.00,1,1640.00,01.12.2025,,X,V2
P25-0186,20,400004,Ring binder A4,10,CAR,561.96,1,5619.60,01.12.2025,01.12.2025,X,V2
P25-0189,10,500011,Humidity indicator card,5,BOX,874.87,1,4374.35,24.11.2025,,X,V2
P25-0189,20,500009,Temperature data logger,94,PCE,1497.45,1,140760.30,24.11.2025,,X,V2
P25-0190,10,400002,Envelopes C4,20,BOX,271.75,1,5435.00,17.11.2025,,X,V2
P25-0190,20,400001,Copy paper A4 80 g,35,BOX,300.70,1,10524.50,17.11.2025,18.11.2025,X,V2
P25-0192,10,100015,Merilip crm 30 g,19,CAR,169.44,1,3219.36,24.12.2025,,,V0
P25-0192,20,100009,Mericard 5 mg tbl 28x,11,CAR,2020.80,1,22228.80,24.12.2025,,,V0
P25-0192,30,100002,Meriflux 10 mg tbl 28x,69,CAR,1644.87,1,113496.03,24.12.2025,,,V0
P25-0195,10,200018,Thermal blanket pallet,36,PCE,1180.00,1,42480.00,26.11.2025,,X,V2
P25-0196,10,300007,HPLC column C18,2,PCE,15034.10,1,30068.20,01.12.2025,,X,V2
P25-0196,20,300009,Syringe filters,39,BOX,897.12,1,34987.68,01.12.2025,,X,V2
P25-0196,30,300008,Filter membranes 0.45,21,BOX,1216.51,1,25546.71,01.12.2025,02.12.2025,X,V2
P25-0199,10,100008,Mericard inhal 120 dos,90,CAR,219.00,1,19710.00,19.12.2025,,X,V0
P25-0199,20,100017,Merigast 5 mg tbl 28x,24,CAR,1592.16,1,38211.84,19.12.2025,,X,V0
P25-0201,10,200004,Pallet box heavy duty,97,PCE,1427.88,1,138504.36,24.11.2025,,X,V2
P25-0201,20,200001,Shipping carton 400x300x250,52,BDL,460.00,1,23920.00,24.11.2025,,X,V2
P25-0201,30,200003,Carton divider set,193,BDL,388.00,1,74884.00,24.11.2025,,X,V2
P25-0203,10,300013,Analytical balance module,4,PCE,7450.00,1,29800.00,08.12.2025,,X,V0
P25-0203,20,300014,Calibration weight set,10,SET,660.00,1,6600.00,08.12.2025,,X,V0
P25-0206,10,200005,Bubble wrap 1.2 m,229,CAR,415.30,1,95103.70,05.12.2025,,X,V2
P25-0206,20,200007,Packing tape 48 mm,66,CAR,478.61,1,31588.26,09.12.2025,05.12.2025,X,V2
P25-0207,10,200006,Paper filler 70 g,48,BAG,652.38,1,31314.24,25.11.2025,,,V2
P25-0207,20,200007,Packing tape 48 mm,26,CAR,472.00,1,12272.00,25.11.2025,,,V2
P25-0209,10,400007,Desk organiser set,18,SET,322.24,1,5800.32,08.12.2025,,X,V2
P25-0212,10,500010,Logger docking station,3,PCE,2140.00,1,6420.00,19.12.2025,08.12.2025,X,V2
P25-0213,10,500002,Pallet collar,38,PCE,451.72,1,17165.36,11.12.2025,,X,V2
P25-0213,20,500001,EUR pallet new,260,PCE,388.00,1,100880.00,11.12.2025,,,V2
P25-0215,10,500001,EUR pallet new,137,PCE,388.00,1,53156.00,08.12.2025,,,V2
P25-0215,20,500002,Pallet collar,36,PCE,460.00,1,16560.00,08.12.2025,,X,V2
P25-0218,10,500010,Logger docking station,2,PCE,2202.06,1,4404.12,15.12.2025,,X,V2
P25-0218,20,500011,Humidity indicator card,15,BOX,902.46,1,13536.90,15.12.2025,,X,V2
P25-0218,30,500009,Temperature data logger,18,PCE,1485.53,1,26739.54,22.12.2025,11.12.2025,X,V2
P25-0219,10,100016,Merigast inhal 120 dos,49,CAR,177.00,1,8673.00,05.01.2026,,,V0
P25-0219,20,100024,Merinor inhal 120 dos,43,CAR,389.09,1,16730.87,05.01.2026,,,V0
P25-0219,30,100004,Meritan 40 mg caps 30x,96,CAR,996.71,1,95684.16,05.01.2026,,,V0
P25-0219,40,100001,Meriflux 5 mg tbl 28x,49,CAR,384.96,1,18863.04,05.01.2026,,,V0
P25-0222,10,200005,Bubble wrap 1.2 m,300,CAR,412.00,1,123600.00,08.12.2025,,X,V2
P25-0222,20,200006,Paper filler 70 g,120,BAG,655.00,1,78600.00,08.12.2025,,X,V2
P25-0224,10,200003,Carton divider set,100,BDL,388.00,1,38800.00,08.12.2025,,X,V2
P25-0224,20,200004,Pallet box heavy duty,99,PCE,1480.44,1,146563.56,08.12.2025,,X,V2
P25-0224,30,200002,Shipping carton 600x400x300,89,BDL,692.07,1,61594.23,08.12.2025,,X,V2
P25-0227,10,100026,Meripain 10 mg tbl 28x,45,CAR,2146.19,1,96578.55,06.01.2026,,,V0
P25-0227,20,100017,Merigast 5 mg tbl 28x,44,CAR,1592.16,1,70055.04,06.01.2026,,,V0
P25-0227,30,100029,Meriderm 100 mg/5 ml susp 100 ,44,CAR,183.96,1,8094.24,06.01.2026,,,V0
P25-0228,10,300001,Pipette tips 200 ul,52,CS,980.00,1,50960.00,25.12.2025,12.12.2025,X,V2
P25-0228,20,300002,Nitrile gloves M,34,CAR,620.00,1,21080.00,23.12.2025,12.12.2025,X,V2
P25-0230,10,100029,Meriderm 100 mg/5 ml susp 100 ,76,CAR,183.96,1,13980.96,09.01.2026,,,V0
P25-0230,20,100019,Merivent 20 mg tbl 56x,34,CAR,201.36,1,6846.24,09.01.2026,,,V0
P25-0230,30,100021,Merivent 100 mg/5 ml susp 100 ,80,CAR,171.00,1,13680.00,09.01.2026,,,V0
P25-0233,10,500009,Temperature data logger,79,PCE,1528.74,1,120770.46,05.12.2025,,X,V2
P25-0233,20,500010,Logger docking station,5,PCE,2140.00,1,10700.00,05.12.2025,,X,V2
P25-0234,10,200016,Insulated shipper 12 l,147,PCE,268.00,1,39396.00,22.12.2025,,,V2
P25-0234,20,200017,Gel pack 500 g,143,CAR,205.00,1,29315.00,22.12.2025,,,V2
P25-0234,30,200018,Thermal blanket pallet,15,PCE,1198.88,1,17983.20,22.12.2025,,,V2
P25-0236,10,300010,Volumetric flask set,7,SET,648.78,1,4541.46,08.12.2025,,X,V0
P25-0236,20,300011,Glass burette 50 ml,19,PCE,186.58,1,3545.02,08.12.2025,,X,V0
P25-0239,10,100002,Meriflux 10 mg tbl 28x,27,CAR,1644.87,1,44411.49,12.01.2026,,,V0
P25-0239,20,100026,Meripain 10 mg tbl 28x,54,CAR,2146.19,1,115894.26,12.01.2026,,,V0
P25-0239,30,100005,Meritan 100 mg/5 ml susp 100 m,71,CAR,215.04,1,15267.84,12.01.2026,,,V0
P25-0240,10,100025,Meripain 5 mg tbl 28x,10,CAR,2175.84,1,21758.40,05.01.2026,,,V0
P25-0240,20,100028,Meriderm 40 mg caps 30x,97,CAR,598.97,1,58100.09,05.01.2026,,,V0
P25-0240,30,100008,Mericard inhal 120 dos,43,CAR,225.57,1,9699.51,05.01.2026,,,V0
P25-0243,10,500007,Roll container,8,PCE,3350.00,1,26800.00,12.01.2026,,,V2
P25-0245,10,300013,Analytical balance module,3,PCE,7487.25,1,22461.75,10.12.2025,,X,V0
P25-0245,20,300014,Calibration weight set,8,SET,663.96,1,5311.68,10.12.2025,,X,V0
P25-0245,30,300015,Stability chamber sensor,2,PCE,1313.22,1,2626.44,10.12.2025,,X,V0
P25-0248,10,200005,Bubble wrap 1.2 m,108,CAR,418.59,1,45207.72,09.12.2025,,X,V2
P25-0248,20,200006,Paper filler 70 g,120,BAG,663.52,1,79622.40,09.12.2025,,X,V2
P25-0249,10,500011,Humidity indicator card,12,BOX,866.86,1,10402.32,15.12.2025,,X,V2
P25-0249,20,500010,Logger docking station,7,PCE,2204.20,1,15429.40,15.12.2025,,X,V2
P25-0251,10,400006,Toner cartridge colour set,2,SET,2760.00,1,5520.00,18.12.2025,,X,V2
P25-0251,20,400005,Toner cartridge black,5,PCE,1057.30,1,5286.50,18.12.2025,22.12.2025,X,V2
P25-0254,10,500005,Cool container liner,98,PCE,1095.45,1,107354.10,25.12.2025,,,V2
P25-0254,20,500006,Transport seal numbered,11,BOX,1220.00,1,13420.00,25.12.2025,,X,V2
P25-0255,10,100007,Mericard crm 30 g,105,CAR,480.72,1,50475.60,16.01.2026,,,V0
P25-0255,20,100025,Meripain 5 mg tbl 28x,37,CAR,2175.84,1,80506.08,16.01.2026,,,V0
P25-0255,30,100022,Merinor 250 mg inj 5 amp,44,CAR,303.69,1,13362.36,16.01.2026,,,V0
P25-0255,40,100021,Merivent 100 mg/5 ml susp 100 ,107,CAR,171.00,1,18297.00,16.01.2026,,,V0
