vend_no,name1,city,ctry,cur,pay_trm,grp_partner,vat_no,bank_acct,email,crt_dt,blk
79001,Meridia Supply Chain B.V.,Rotterdam,NL,EUR,IC60,MSC,,,,27.06.2017,
70011,Kartonaza Velmir d.o.o.,VELOGRAD,NV,NVK,N30,,NV25766818,672-4967230-64,sales@kartonaza.example.com,01.04.2019,
70012,Brenko Pak d.o.o.,Port Sorna,NV,NVK,N30,,NV84905891,669-1830235-49,office@brenko.example.com,02.05.2020,
70013,Etiketa Sorvin d.o.o.,Kresnik,NV,NVK,N30,,NV41303633,611-4002484-31,sales@etiketa.example.com,03.06.2021,
70014,Tisk Lumar d.o.o.,Velograd,NV,NVK,N14,,NV56246549,149-6773842-81,office@tisk.example.com,04.07.2022,
70015,Folia Trand d.o.o.,Malenburg,NV,NVK,N30,,NV26461411,990-4438880-53,info@folia.example.com,05.08.2023,
70016,Ambalaza Krestov d.d.,Dolna Tirna,NV,NVK,N45,,NV76046389,512-7402828-41,,06.09.2016,
70021,Labtek Soran d.o.o.,Velograd,NV,NVK,N30,,NV80940827,413-4753860-96,invoices@labtek.example.com,11.02.2021,
70022,Reagens Mivor d.o.o.,Haldova,NV,NVK,N30,,NV85754999,890-5722703-10,sales@reagens.example.com,12.03.2022,
70023,Analitika Preles d.o.o.,Velograd,NV,NVK,N30,,NV80392085,728-1096932-42,sales@analitika.example.com,13.04.2023,
70024,Vitrum Laborbedarf Halden GmbH,Graz,AT,EUR,N30,,,,sales@vitrum.example.com,14.05.2016,
70025,Sciomed Instruments Kereven GmbH,Jena,DE,EUR,N30,,,,info@sciomed.example.com,15.06.2017,
70026,Medilab Torvan d.o.o.,Port Sorna,NV,NVK,ADV,,NV50071526,674-8113681-93,office@medilab.example.com,16.07.2018,
70031,Papirnica Osrek d.o.o.,Velograd,NV,NVK,N14,,NV14151681,947-3775326-27,office@papirnica.example.com,21.12.2023,
70032,Biro Dalven d.o.o.,Kresnik,NV,NVK,N30,,NV62377507,592-3791501-65,office@biro.example.com,22.01.2016,
70033,Toner Servis Plavic d.o.o.,Velograd,NV,NVK,N30,,NV54149619,992-1324021-18,sales@toner.example.com,23.02.2017,
70034,Uredska Oprema Hrist d.o.o.,Malenburg,NV,NVK,N30,,NV40930214,752-2015095-20,info@uredska.example.com,24.03.2018,
70041,Paleta Drovnik d.o.o.,Dolna Tirna,NV,NVK,N30,,NV93593261,431-5248276-77,office@paleta.example.com,04.10.2017,
70042,Coldbox Systems Fennvik B.V.,Venlo,NL,EUR,N45,,,,invoices@coldbox.example.com,05.11.2018,
70043,Termo Log Savrin d.o.o.,Port Sorna,NV,NVK,N30,,NV37326721,496-1049235-88,office@termo.example.com,06.12.2019,
70044,Logistika Materijal Benko d.o.o.,Haldova,NV,NVK,ADV,,NV81551963,863-7283866-49,,07.01.2020,
70045,Senzor Tehnika Olvar d.o.o.,Velograd,NV,NVK,N30,,NV55344549,548-9541975-83,info@senzor.example.com,08.02.2021,
70051,Nepremicnine Castrum d.o.o.,Velograd,NV,NVK,N14,,NV45567873,862-2449009-89,info@nepremicnine.example.com,14.08.2019,
70052,Energija Norvania d.d.,Velograd,NV,NVK,N14,,NV51958186,661-2344964-97,sales@energija.example.com,15.09.2020,
70053,Norvatel d.d.,Velograd,NV,NVK,N14,,NV90110683,222-4927051-99,office@norvatel.example.com,16.10.2021,
70054,Autolease Vendra d.o.o.,Port Sorna,NV,NVK,N14,,NV92436378,980-3596882-22,invoices@autolease.example.com,17.11.2022,
70055,Cisto Servis Malen d.o.o.,Malenburg,NV,NVK,N30,,NV69206352,161-1853127-92,info@cisto.example.com,18.12.2023,
70056,Varnost Tregal d.o.o.,Velograd,NV,NVK,N30,,NV34119311,711-6562281-66,office@varnost.example.com,19.01.2016,
70057,Konsalt Ribar d.o.o.,Velograd,NV,NVK,N30,,NV55009529,358-1079312-77,info@konsalt.example.com,20.02.2017,
70058,Revizija Holmek d.o.o.,Velograd,NV,NVK,N30,,NV15626730,939-6511349-24,office@revizija.example.com,21.03.2018,
70059,Odvetniki Strelan in partnerji o.p.,Velograd,NV,NVK,N30,,NV73502091,708-7895277-74,sales@odvetniki.example.com,22.04.2019,
70060,Agencija Pikto d.o.o.,Kresnik,NV,NVK,N30,,NV19051309,201-3156234-66,invoices@agencija.example.com,23.05.2020,
70061,Hitra Dostava Norvania d.o.o.,Velograd,NV,NVK,N14,,NV83995174,711-7489235-35,info@hitra.example.com,24.06.2021,
70062,Kadri Plus Dorvan d.o.o.,Velograd,NV,NVK,N14,,NV42526724,128-9968140-65,office@kadri.example.com,25.07.2022,
70063,Kongres Servis Lipan d.o.o.,Dolna Tirna,NV,NVK,N30,,NV79040016,590-3421148-45,,26.08.2023,
70064,Prevodi Semra s.p.,Haldova,NV,NVK,N14,,NV46664558,324-5723378-38,sales@prevodi.example.com,27.09.2016,
70065,Spedicija Karvel d.o.o.,Port Sorna,NV,NVK,N30,,NV38697087,276-2467580-39,info@spedicija.example.com,01.10.2017,
70066,Sistemi Datren d.o.o.,Velograd,NV,NVK,N30,,NV41033882,305-6284210-95,,02.11.2018,
70067,Farma Odpad Rekol d.o.o.,Malenburg,NV,NVK,N30,,NV21555977,729-6572226-90,info@farma.example.com,03.12.2019,
70068,Zavarovalnica Tirna d.d.,Dolna Tirna,NV,NVK,N30,,NV83303336,225-6131817-93,office@zavarovalnica.example.com,04.01.2020,
